dataset_index,speaker_id,chapter_id,utterance_id,reference,wav_prediction,wav_wer,compressed_prediction,compressed_wer,compression_ratio,dataset,codec,bitrate,delta_sample_wer,wav_substitutions,wav_deletions,wav_insertions,compressed_substitutions,compressed_deletions,compressed_insertions,delta_substitutions,delta_deletions,delta_insertions,wav_correct,compressed_correct,new_error,recovered,worsened,improved,unchanged
1637,533,131564,13,NOT YEARS FOR SHE'S ONLY FIVE AND TWENTY,NOT YEARS FOR SHE'S ONLY FIVE AND TWENTY,0.0,NOT EARS FARSE'S ALWAYS HAVE AND PLENTY,0.75,30.964891749561147,test-other,opus,8k,0.75,0,0,0,5,1,0,5,1,0,True,False,True,False,True,False,False
593,3080,5040,18,DIRECTED FOR YOUR MASTER,DIRECTED FOR YOUR MASTER,0.0,DIRECTED FOOMASTA,0.75,33.89098196392786,test-other,opus,8k,0.75,0,0,0,1,2,0,1,2,0,True,False,True,False,True,False,False
807,3528,168669,112,REVEREND MOTHER WHAT,REVEREND MOTHER WHAT,0.0,REVERNUTER WHAT,0.6666666666666666,14.79445381300356,test-other,mp3,16k,0.6666666666666666,0,0,0,1,1,0,1,1,0,True,False,True,False,True,False,False
807,3528,168669,112,REVEREND MOTHER WHAT,REVEREND MOTHER WHAT,0.0,REVERNTER WHAT,0.6666666666666666,35.092444444444446,test-other,opus,8k,0.6666666666666666,0,0,0,1,1,0,1,1,0,True,False,True,False,True,False,False
317,2414,128292,27,THEY SLEEP QUIETLY THEY ENJOY THEIR NEW SECURITY,THEY SLEEP QUIETLY THEY ENJOY THEIR NEW SECURITY,0.0,DISLEY QUIETLY GANJOY A THEI NEW SECURITY,0.625,34.03417665335109,test-other,opus,8k,0.625,0,0,0,4,1,0,4,1,0,True,False,True,False,True,False,False
2021,6128,63244,8,THIS MIGHT SEEM ONE OF THE MOST ACCESSIBLE OF PLEASURES BUT IN POINT OF FACT SHE HAD NOT FOUND IT SO,THIS MIGHT SEEM ONE OF THE MOST ACCESSIBLE OF PLEASURES BUT IN POINT OF FACT SHE HAD NOT FOUND IT SO,0.0,IN LINT ING OF THE MONDEFESSABLE APPLEASIONS BUT INTINT TO FAST HE HAD NOT FOUND IT SO,0.6190476190476191,30.396585292796164,test-other,opus,8k,0.6190476190476191,0,0,0,9,4,0,9,4,0,True,False,True,False,True,False,False
1924,6070,86744,3,I CAN SCARCELY CREDIT IT,I CAN SCARCELY CREDIT IT,0.0,I AM SCARCELY DREADITED,0.6,14.734495034663668,test-other,mp3,16k,0.6,0,0,0,2,1,0,2,1,0,True,False,True,False,True,False,False
1924,6070,86744,3,I CAN SCARCELY CREDIT IT,I CAN SCARCELY CREDIT IT,0.0,I TAM SCARCELY CREADITED,0.6,30.39737147274836,test-other,opus,8k,0.6,0,0,0,2,1,0,2,1,0,True,False,True,False,True,False,False
757,260,123288,23,HE NODS HIS CONSENT,HE NODS HIS CONSENT,0.0,HE GNODS HIS CONCERT,0.5,14.711727325245525,test-clean,mp3,16k,0.5,0,0,0,2,0,0,2,0,0,True,False,True,False,True,False,False
2531,7975,280084,13,WHAT KEPT YOU SO LONG I ASKED PITTS,WHAT KEPT YOU SO LONG I ASKED PITTS,0.0,BUT KEPT YOU SO LONG ICED PITS,0.5,14.610809724733777,test-other,mp3,16k,0.5,0,0,0,3,1,0,3,1,0,True,False,True,False,True,False,False
1829,5764,299665,25,WHAT IS THIS POWER,WHAT IS THIS POWER,0.0,WHAT IS THES PARER,0.5,10.034909469844992,test-other,mp3,24k,0.5,0,0,0,2,0,0,2,0,0,True,False,True,False,True,False,False
593,3080,5040,18,DIRECTED FOR YOUR MASTER,DIRECTED FOR YOUR MASTER,0.0,DIRECTED FOR YOR MASTA,0.5,16.606048703849176,test-other,opus,16k,0.5,0,0,0,2,0,0,2,0,0,True,False,True,False,True,False,False
306,2414,128292,16,THE DEVIL HIMSELF IS PERHAPS SKIN,THE DEVIL HIMSELF IS PERHAPS SKIN,0.0,THE DEVIL HIMSELF BISPERHAPS SKINS,0.5,33.79698984949248,test-other,opus,8k,0.5,0,0,0,2,1,0,2,1,0,True,False,True,False,True,False,False
1446,4852,28311,3,O K HE SAID,O K HE SAID,0.0,OH CAN HE SAID,0.5,32.581833403097534,test-other,opus,8k,0.5,0,0,0,2,0,0,2,0,0,True,False,True,False,True,False,False
431,2609,169640,16,THE STILLNESS THAT REIGNED ON BOTH SIDES WAS LIKE THAT OF DEATH,THE STILLNESS THAT REIGNED ON BOTH SIDES WAS LIKE THAT OF DEATH,0.0,THE STILLNESS TAT RANGON BOAT SIDE WAS LIKE THAT OF DEATH,0.4166666666666667,15.226362313975606,test-other,mp3,16k,0.4166666666666667,0,0,0,4,1,0,4,1,0,True,False,True,False,True,False,False
2024,6128,63244,11,IF IT BE NECESSARY WE ARE PREPARED TO TAKE CERTAIN STEPS TO CONCILIATE THE SHRINKING,IF IT BE NECESSARY WE ARE PREPARED TO TAKE CERTAIN STEPS TO CONCILIATE THE SHRINKING,0.0,IF I BE NECESSARY WE AR WITHOUT TO TAKE OUT AF THAT TO CONCILIATE THE SHRINKING,0.4,30.2641975308642,test-other,opus,8k,0.4,0,0,0,5,0,1,5,0,1,True,False,True,False,True,False,False
2013,6128,63244,0,MISS CHANCELLOR HERSELF HAD THOUGHT SO MUCH ON THE VITAL SUBJECT WOULD NOT SHE MAKE A FEW REMARKS AND GIVE THEM SOME OF HER EXPERIENCES,MISS CHANCELLOR HERSELF HAD THOUGHT SO MUCH ON THE VITAL SUBJECT WOULD NOT SHE MAKE A FEW REMARKS AND GIVE THEM SOME OF HER EXPERIENCES,0.0,MISS CHANCELER IS BOUT AS OT SO MUCH ON THE VITAL SUBJECT WITH MUCH HE MADE A FEW REMARKS AND GIVE THEM SOME OF THER EXPERIENCES,0.4,30.558469529963254,test-other,opus,8k,0.4,0,0,0,9,0,1,9,0,1,True,False,True,False,True,False,False
2369,7902,96592,24,BEEN PLAYING THE SPY THAT'S WHAT YOU'VE BEEN DOING WHO LOCKED YOU IN,BEEN PLAYING THE SPY THAT'S WHAT YOU'VE BEEN DOING WHO LOCKED YOU IN,0.0,TEEN PLAYING A SPY THAT'S WHERE YOU'VE BEEN DOING THE LOCK YOU IN,0.3846153846153846,15.207849018872642,test-other,mp3,16k,0.3846153846153846,0,0,0,5,0,0,5,0,0,True,False,True,False,True,False,False
809,3528,168669,114,YOU WILL DO IT AS SPEEDILY AS POSSIBLE,YOU WILL DO IT AS SPEEDILY AS POSSIBLE,0.0,YOU WILL DO IT IT SPEEDILY IF THOUGHTFUL,0.375,31.94525684289464,test-other,opus,8k,0.375,0,0,0,3,0,0,3,0,0,True,False,True,False,True,False,False
1984,6128,63240,13,SHE WAS ATTRACTIVE AND IMPERTINENT ESPECIALLY THE LATTER,SHE WAS ATTRACTIVE AND IMPERTINENT ESPECIALLY THE LATTER,0.0,SHE WAS A PLUCTIVE AND IMPERTININT ESPECIALLY THE LATTER,0.375,31.674786324786325,test-other,opus,8k,0.375,0,0,0,2,0,1,2,0,1,True,False,True,False,True,False,False
2531,7975,280084,13,WHAT KEPT YOU SO LONG I ASKED PITTS,WHAT KEPT YOU SO LONG I ASKED PITTS,0.0,LOT KEPT YO SO LONG I ASKED PITS,0.375,30.5666246321984,test-other,opus,8k,0.375,0,0,0,3,0,0,3,0,0,True,False,True,False,True,False,False
1717,5442,41169,17,BUT ONE'S WORK IS THROWN IN FOR NOTHING,BUT ONE'S WORK IS THROWN IN FOR NOTHING,0.0,BUT ONE'S WORT AT'S OWN IN FOR NOTHING,0.375,30.6867279062401,test-other,opus,8k,0.375,0,0,0,3,0,0,3,0,0,True,False,True,False,True,False,False
2525,8555,284447,24,COME AND GET THE BOOLOOROO SHE SAID GOING TOWARD THE BENCHES,COME AND GET THE BOOLOOROO SHE SAID GOING TOWARD THE BENCHES,0.0,COMING BUT THE BOLLOOROO SHE SAID GOING TOWARD THE BENCHES,0.3636363636363636,15.366884125504814,test-clean,mp3,16k,0.3636363636363636,0,0,0,3,1,0,3,1,0,True,False,True,False,True,False,False
4,1089,134686,4,NUMBER TEN FRESH NELLY IS WAITING ON YOU GOOD NIGHT HUSBAND,NUMBER TEN FRESH NELLY IS WAITING ON YOU GOOD NIGHT HUSBAND,0.0,NUMBERTEN FRESCH NELLI IS WAITING ON YOU GOOD NIGHT HUSBAND,0.3636363636363636,10.369542264455625,test-clean,mp3,24k,0.3636363636363636,0,0,0,3,1,0,3,1,0,True,False,True,False,True,False,False
4,1089,134686,4,NUMBER TEN FRESH NELLY IS WAITING ON YOU GOOD NIGHT HUSBAND,NUMBER TEN FRESH NELLY IS WAITING ON YOU GOOD NIGHT HUSBAND,0.0,NUMBERTEN FRESCH NELLI IS WAITING ON YOU GOOD NIGHT HUSBAND,0.3636363636363636,7.804422007198617,test-clean,mp3,32k,0.3636363636363636,0,0,0,3,1,0,3,1,0,True,False,True,False,True,False,False
4,1089,134686,4,NUMBER TEN FRESH NELLY IS WAITING ON YOU GOOD NIGHT HUSBAND,NUMBER TEN FRESH NELLY IS WAITING ON YOU GOOD NIGHT HUSBAND,0.0,NUMBERTEN FRESCH NELLI IS WAITING ON YOU GOOD NIGHT HUSBAND,0.3636363636363636,15.446387269867705,test-clean,mp3,16k,0.3636363636363636,0,0,0,3,1,0,3,1,0,True,False,True,False,True,False,False
1248,4507,16021,27,PHOENICIAN VERY GOOD,PHOENICIAN VERY GOOD,0.0,PHENICIAN VERY GOOD,0.3333333333333333,29.25308924485126,test-clean,opus,8k,0.3333333333333333,0,0,0,1,0,0,1,0,0,True,False,True,False,True,False,False
728,3528,168669,33,HEY MORE OFTEN,HEY MORE OFTEN,0.0,EH MORE OFTEN,0.3333333333333333,23.232868584989617,test-other,opus,12k,0.3333333333333333,0,0,0,1,0,0,1,0,0,True,False,True,False,True,False,False
728,3528,168669,33,HEY MORE OFTEN,HEY MORE OFTEN,0.0,EY MORE OFTEN,0.3333333333333333,18.790307101727446,test-other,opus,16k,0.3333333333333333,0,0,0,1,0,0,1,0,0,True,False,True,False,True,False,False
1806,5764,299665,2,WHETHER ANY PRAYER WAS EVER ANSWERED,WHETHER ANY PRAYER WAS EVER ANSWERED,0.0,WHETHER ANY PRAYER WHATEVER ANSWERED,0.3333333333333333,32.083250249252245,test-other,opus,8k,0.3333333333333333,0,0,0,1,1,0,1,1,0,True,False,True,False,True,False,False
728,3528,168669,33,HEY MORE OFTEN,HEY MORE OFTEN,0.0,EH MORE OFTEN,0.3333333333333333,14.875213675213676,test-other,mp3,16k,0.3333333333333333,0,0,0,1,0,0,1,0,0,True,False,True,False,True,False,False
453,1995,1826,14,COTTON SHE PAUSED,COTTON SHE PAUSED,0.0,CARTON SHE PAUSED,0.3333333333333333,14.80458495100758,test-clean,mp3,16k,0.3333333333333333,0,0,0,1,0,0,1,0,0,True,False,True,False,True,False,False
1248,4507,16021,27,PHOENICIAN VERY GOOD,PHOENICIAN VERY GOOD,0.0,POENICIAN VERY GOOD,0.3333333333333333,14.523517382413088,test-clean,mp3,16k,0.3333333333333333,0,0,0,1,0,0,1,0,0,True,False,True,False,True,False,False
1718,5442,41169,18,OH WELL ONE DOES IT WHAT WOULD YOU HAVE,OH WELL ONE DOES IT WHAT WOULD YOU HAVE,0.0,OH WELL WONDERIT WHAT WOULD YOU HAVE,0.3333333333333333,15.23923271806008,test-other,mp3,16k,0.3333333333333333,0,0,0,1,2,0,1,2,0,True,False,True,False,True,False,False
728,3528,168669,33,HEY MORE OFTEN,HEY MORE OFTEN,0.0,EH MORE OFTEN,0.3333333333333333,7.6,test-other,mp3,32k,0.3333333333333333,0,0,0,1,0,0,1,0,0,True,False,True,False,True,False,False
306,2414,128292,16,THE DEVIL HIMSELF IS PERHAPS SKIN,THE DEVIL HIMSELF IS PERHAPS SKIN,0.0,THAT DEVIL HIMSELF IS PERHAPS KIN,0.3333333333333333,10.150110375275938,test-other,mp3,24k,0.3333333333333333,0,0,0,2,0,0,2,0,0,True,False,True,False,True,False,False
1806,5764,299665,2,WHETHER ANY PRAYER WAS EVER ANSWERED,WHETHER ANY PRAYER WAS EVER ANSWERED,0.0,READER ANI PRAYER WAS EVER ANSWERED,0.3333333333333333,10.267049533381192,test-other,mp3,24k,0.3333333333333333,0,0,0,2,0,0,2,0,0,True,False,True,False,True,False,False
728,3528,168669,33,HEY MORE OFTEN,HEY MORE OFTEN,0.0,EH MORE OFTEN,0.3333333333333333,32.26946847960445,test-other,opus,8k,0.3333333333333333,0,0,0,1,0,0,1,0,0,True,False,True,False,True,False,False
453,1995,1826,14,COTTON SHE PAUSED,COTTON SHE PAUSED,0.0,CARTON SHE PAUSED,0.3333333333333333,10.008498937632796,test-clean,mp3,24k,0.3333333333333333,0,0,0,1,0,0,1,0,0,True,False,True,False,True,False,False
1806,5764,299665,2,WHETHER ANY PRAYER WAS EVER ANSWERED,WHETHER ANY PRAYER WAS EVER ANSWERED,0.0,WHETHER ANIPRAYER WAS EVER ANSWERED,0.3333333333333333,15.263607257203844,test-other,mp3,16k,0.3333333333333333,0,0,0,1,1,0,1,1,0,True,False,True,False,True,False,False
2013,6128,63244,0,MISS CHANCELLOR HERSELF HAD THOUGHT SO MUCH ON THE VITAL SUBJECT WOULD NOT SHE MAKE A FEW REMARKS AND GIVE THEM SOME OF HER EXPERIENCES,MISS CHANCELLOR HERSELF HAD THOUGHT SO MUCH ON THE VITAL SUBJECT WOULD NOT SHE MAKE A FEW REMARKS AND GIVE THEM SOME OF HER EXPERIENCES,0.0,MISS CHANCELEY HERSELF HAS THOUGHT SO MUCH ON THE VITAL SUBJECT WOULD NOT SEMAA Y REMARKS SENDING THEM SOME OF HER EXPERIENCES,0.32,15.572212537930143,test-other,mp3,16k,0.32,0,0,0,5,3,0,5,3,0,True,False,True,False,True,False,False
2415,7902,96594,19,WHAT FOR THERE AREN'T A PUBLIC HOUSE FOR TEN MILES DIDN'T MEAN THAT,WHAT FOR THERE AREN'T A PUBLIC HOUSE FOR TEN MILES DIDN'T MEAN THAT,0.0,WHAT FOR THERE ARE TO PUBLICAS FOR TEN MILES DIDN'T MEAN THAT,0.3076923076923077,32.333813640730064,test-other,opus,8k,0.3076923076923077,0,0,0,3,1,0,3,1,0,True,False,True,False,True,False,False
2415,7902,96594,19,WHAT FOR THERE AREN'T A PUBLIC HOUSE FOR TEN MILES DIDN'T MEAN THAT,WHAT FOR THERE AREN'T A PUBLIC HOUSE FOR TEN MILES DIDN'T MEAN THAT,0.0,WHAT FOR THERE ARET TO PUBLIC US FOR TEN LILES DIDN'T MEAN THAT,0.3076923076923077,15.311952689639488,test-other,mp3,16k,0.3076923076923077,0,0,0,4,0,0,4,0,0,True,False,True,False,True,False,False
2369,7902,96592,24,BEEN PLAYING THE SPY THAT'S WHAT YOU'VE BEEN DOING WHO LOCKED YOU IN,BEEN PLAYING THE SPY THAT'S WHAT YOU'VE BEEN DOING WHO LOCKED YOU IN,0.0,BECLYING THE SPY THAT'S WHAT YOU'VE BEEN DOING THELL LOCK YOU IN,0.3076923076923077,31.90298898793917,test-other,opus,8k,0.3076923076923077,0,0,0,3,1,0,3,1,0,True,False,True,False,True,False,False
1991,6128,63240,20,ONE DIDN'T EVEN KNOW WHAT ONE HAD COME BACK FOR,ONE DIDN'T EVEN KNOW WHAT ONE HAD COME BACK FOR,0.0,ONE DIDN'T EVEN NER WOULD ONE HAVE COME BACK FOR,0.3,15.07928164695576,test-other,mp3,16k,0.3,0,0,0,3,0,0,3,0,0,True,False,True,False,True,False,False
146,1998,29454,22,WELL THAT'LL SHOW YOU THE SORT OF MAN I AM,WELL THAT'LL SHOW YOU THE SORT OF MAN I AM,0.0,WELL THAT SHOW YOU THIS LOT OF MAN I AM,0.3,15.055313659087243,test-other,mp3,16k,0.3,0,0,0,3,0,0,3,0,0,True,False,True,False,True,False,False
1426,4350,9170,44,AND FOR THE SAKE OF WHAT AM I MAKING THEM,AND FOR THE SAKE OF WHAT AM I MAKING THEM,0.0,AND FOR THE SAKE OF WHAT I MAKINGAM,0.3,31.488897860314896,test-other,opus,8k,0.3,0,0,0,1,2,0,1,2,0,True,False,True,False,True,False,False
1479,5142,33396,17,WE ATE AT MANY MEN'S TABLES UNINVITED,WE ATE AT MANY MEN'S TABLES UNINVITED,0.0,WE ATED MANY MEN'S TABLES UNINVITED,0.2857142857142857,20.479980587236103,test-clean,opus,12k,0.2857142857142857,0,0,0,1,1,0,1,1,0,True,False,True,False,True,False,False
2021,6128,63244,8,THIS MIGHT SEEM ONE OF THE MOST ACCESSIBLE OF PLEASURES BUT IN POINT OF FACT SHE HAD NOT FOUND IT SO,THIS MIGHT SEEM ONE OF THE MOST ACCESSIBLE OF PLEASURES BUT IN POINT OF FACT SHE HAD NOT FOUND IT SO,0.0,THIS MIGHT SEE ONE OF THE MOST ASCESSABLE EPREASIONS BUT IN FORMED OF FACT SHE HAD NOT FOUND IT SELL,0.2857142857142857,15.477617631358196,test-other,mp3,16k,0.2857142857142857,0,0,0,5,1,0,5,1,0,True,False,True,False,True,False,False
1061,3764,168671,28,HE HAD HARDLY THE STRENGTH TO STAMMER,HE HAD HARDLY THE STRENGTH TO STAMMER,0.0,HE HAD HARDLY A STRENGTH TO STAMA,0.2857142857142857,29.60505166475316,test-other,opus,8k,0.2857142857142857,0,0,0,2,0,0,2,0,0,True,False,True,False,True,False,False
1479,5142,33396,17,WE ATE AT MANY MEN'S TABLES UNINVITED,WE ATE AT MANY MEN'S TABLES UNINVITED,0.0,WE ATED MANY MEN'S TABLES UNINVITED,0.2857142857142857,30.446608946608947,test-clean,opus,8k,0.2857142857142857,0,0,0,1,1,0,1,1,0,True,False,True,False,True,False,False
1113,3997,180294,25,ONLY ONE REMAINED EMPTY THE STAGE BOX,ONLY ONE REMAINED EMPTY THE STAGE BOX,0.0,ONLY ONE REMAINS EMPTY THE STAGE FOX,0.2857142857142857,10.163781258587523,test-other,mp3,24k,0.2857142857142857,0,0,0,2,0,0,2,0,0,True,False,True,False,True,False,False
1479,5142,33396,17,WE ATE AT MANY MEN'S TABLES UNINVITED,WE ATE AT MANY MEN'S TABLES UNINVITED,0.0,WE ATED MANY MEN'S TABLES UNINVITED,0.2857142857142857,14.814463752852378,test-clean,mp3,16k,0.2857142857142857,0,0,0,1,1,0,1,1,0,True,False,True,False,True,False,False
1113,3997,180294,25,ONLY ONE REMAINED EMPTY THE STAGE BOX,ONLY ONE REMAINED EMPTY THE STAGE BOX,0.0,ONLY ONE REMAINS EMPTY THE STAGE FOX,0.2857142857142857,15.09016727866177,test-other,mp3,16k,0.2857142857142857,0,0,0,2,0,0,2,0,0,True,False,True,False,True,False,False
1468,4852,28311,25,HOW THEN DID HE LIVE AND WHAT DID HE EVER SELL,HOW THEN DID HE LIVE AND WHAT DID HE EVER SELL,0.0,HOW THEN DID HE LIVE AND WHAT DOES HE EVERSELL,0.2727272727272727,15.20469163828982,test-other,mp3,16k,0.2727272727272727,0,0,0,2,1,0,2,1,0,True,False,True,False,True,False,False
2024,6128,63244,11,IF IT BE NECESSARY WE ARE PREPARED TO TAKE CERTAIN STEPS TO CONCILIATE THE SHRINKING,IF IT BE NECESSARY WE ARE PREPARED TO TAKE CERTAIN STEPS TO CONCILIATE THE SHRINKING,0.0,IF WILL BE NECESSARY WE ARE PREPARED TO TAKE SIGH A NAPS TO CONCILIATE THE SHRINKING,0.2666666666666666,15.463458592412364,test-other,mp3,16k,0.2666666666666666,0,0,0,3,0,1,3,0,1,True,False,True,False,True,False,False
757,260,123288,23,HE NODS HIS CONSENT,HE NODS HIS CONSENT,0.0,HE NODS HIS CONCERT,0.25,24.069943289224952,test-clean,opus,12k,0.25,0,0,0,1,0,0,1,0,0,True,False,True,False,True,False,False
979,3764,168670,4,EVERYTHING IS ARRANGED AND NOTHING IS SAID FAUCHELEVENT,EVERYTHING IS ARRANGED AND NOTHING IS SAID FAUCHELEVENT,0.0,EVERYTHING IS RRANGED AND NOTHING IS SAID FAUCHELAVENT,0.25,7.72159616745604,test-other,mp3,32k,0.25,0,0,0,2,0,0,2,0,0,True,False,True,False,True,False,False
1829,5764,299665,25,WHAT IS THIS POWER,WHAT IS THIS POWER,0.0,WHAT IS THESE POWER,0.25,32.97859589041096,test-other,opus,8k,0.25,0,0,0,1,0,0,1,0,0,True,False,True,False,True,False,False
593,3080,5040,18,DIRECTED FOR YOUR MASTER,DIRECTED FOR YOUR MASTER,0.0,DIRECTED FOR YOUR MOSTER,0.25,14.842548709847287,test-other,mp3,16k,0.25,0,0,0,1,0,0,1,0,0,True,False,True,False,True,False,False
757,260,123288,23,HE NODS HIS CONSENT,HE NODS HIS CONSENT,0.0,HE NODS HIS CONCERT,0.25,34.85310218978102,test-clean,opus,8k,0.25,0,0,0,1,0,0,1,0,0,True,False,True,False,True,False,False
1829,5764,299665,25,WHAT IS THIS POWER,WHAT IS THIS POWER,0.0,WHAT IF THIS POWER,0.25,3.812818609255135,test-other,mp3,64k,0.25,0,0,0,1,0,0,1,0,0,True,False,True,False,True,False,False
1829,5764,299665,25,WHAT IS THIS POWER,WHAT IS THIS POWER,0.0,WHAT IS THES POWER,0.25,8.227039726612558,test-other,opus,32k,0.25,0,0,0,1,0,0,1,0,0,True,False,True,False,True,False,False
1903,6829,68769,43,AND HE DESERVES A TERM IN STATE'S PRISON,AND HE DESERVES A TERM IN STATE'S PRISON,0.0,AND HE DEFERS A TERM IN STATES PRISON,0.25,14.939312083558438,test-clean,mp3,16k,0.25,0,0,0,2,0,0,2,0,0,True,False,True,False,True,False,False
979,3764,168670,4,EVERYTHING IS ARRANGED AND NOTHING IS SAID FAUCHELEVENT,EVERYTHING IS ARRANGED AND NOTHING IS SAID FAUCHELEVENT,0.0,EVERYTHING IS RANGED AND NOTHING IS SAID FAUCELEVENT,0.25,10.25359647220415,test-other,mp3,24k,0.25,0,0,0,2,0,0,2,0,0,True,False,True,False,True,False,False
2662,8131,117029,12,THERE WAS A GRIN ON THE OTHER'S FACE,THERE WAS A GRIN ON THE OTHER'S FACE,0.0,THERE WAS A GRIN ON THE OTHER SPACE,0.25,14.879181833940024,test-other,mp3,16k,0.25,0,0,0,2,0,0,2,0,0,True,False,True,False,True,False,False
1903,6829,68769,43,AND HE DESERVES A TERM IN STATE'S PRISON,AND HE DESERVES A TERM IN STATE'S PRISON,0.0,AND HE DESERVES THE TERM IN STATES PRISON,0.25,10.095898746501156,test-clean,mp3,24k,0.25,0,0,0,2,0,0,2,0,0,True,False,True,False,True,False,False
786,3528,168669,91,THEY PERSECUTE THE SAINTS,THEY PERSECUTE THE SAINTS,0.0,THEY PERSECUTE THE FAINTS,0.25,14.58494623655914,test-other,mp3,16k,0.25,0,0,0,1,0,0,1,0,0,True,False,True,False,True,False,False
1446,4852,28311,3,O K HE SAID,O K HE SAID,0.0,O KY HE SAID,0.25,14.784045584045584,test-other,mp3,16k,0.25,0,0,0,1,0,0,1,0,0,True,False,True,False,True,False,False
28,1688,142285,28,BUT GOOD NIGHT CHILD,BUT GOOD NIGHT CHILD,0.0,BUT GOOD NIHT CHILD,0.25,9.908815558743823,test-other,mp3,24k,0.25,0,0,0,1,0,0,1,0,0,True,False,True,False,True,False,False
1265,4507,16021,44,LOOK CLOSELY AT LIFE,LOOK CLOSELY AT LIFE,0.0,LOOK CLOSELY AT LICE,0.25,31.588473660513284,test-clean,opus,8k,0.25,0,0,0,1,0,0,1,0,0,True,False,True,False,True,False,False
844,3538,142836,18,CONFECTIONARY FIFTEEN O EIGHT,CONFECTIONARY FIFTEEN O EIGHT,0.0,CONSECTIONARY FIFTEEN O EIGHT,0.25,33.43523600439078,test-other,opus,8k,0.25,0,0,0,1,0,0,1,0,0,True,False,True,False,True,False,False
2662,8131,117029,12,THERE WAS A GRIN ON THE OTHER'S FACE,THERE WAS A GRIN ON THE OTHER'S FACE,0.0,THERE WAS A GRIN ON THE OTHER SPACE,0.25,35.15069615069615,test-other,opus,8k,0.25,0,0,0,2,0,0,2,0,0,True,False,True,False,True,False,False
2747,8188,269290,16,JANE HERIOT'S VOICE WAS HEARD IN THE PASSAGE,JANE HERIOT'S VOICE WAS HEARD IN THE PASSAGE,0.0,JANE HEAR IT'S VOICE WAS HEARD IN THE PASSAGE,0.25,34.04872646733112,test-other,opus,8k,0.25,0,0,0,1,0,1,1,0,1,True,False,True,False,True,False,False
536,3005,163399,19,MISSUS PHELPS SHE JUMPS FOR HIM AND SAYS,MISSUS PHELPS SHE JUMPS FOR HIM AND SAYS,0.0,MISSUS PHELP SHE JUMPS FOR IM AND SAYS,0.25,30.230816077953715,test-other,opus,8k,0.25,0,0,0,2,0,0,2,0,0,True,False,True,False,True,False,False
2540,8555,284449,14,THE FORMER BOOLOOROO GROANED,THE FORMER BOOLOOROO GROANED,0.0,THE FORMER BOOLOORY GROANED,0.25,31.140279657194405,test-clean,opus,8k,0.25,0,0,0,1,0,0,1,0,0,True,False,True,False,True,False,False
1624,533,131564,0,VAIN HOPE I FEAR,VAIN HOPE I FEAR,0.0,THEN HOPE I FEAR,0.25,15.991556990315372,test-other,opus,16k,0.25,0,0,0,1,0,0,1,0,0,True,False,True,False,True,False,False
1717,5442,41169,17,BUT ONE'S WORK IS THROWN IN FOR NOTHING,BUT ONE'S WORK IS THROWN IN FOR NOTHING,0.0,BUT ONE'S WORK IS SOWN AND FOR NOTHING,0.25,10.069431452032012,test-other,mp3,24k,0.25,0,0,0,2,0,0,2,0,0,True,False,True,False,True,False,False
1903,6829,68769,43,AND HE DESERVES A TERM IN STATE'S PRISON,AND HE DESERVES A TERM IN STATE'S PRISON,0.0,AND HE DESERVES THE TERM IN STATES PRISON,0.25,31.3640831758034,test-clean,opus,8k,0.25,0,0,0,2,0,0,2,0,0,True,False,True,False,True,False,False
1630,5683,32866,6,YES SO THEY SAID BUT THAT WOULD I THINK HAVE BEEN WORSE,YES SO THEY SAID BUT THAT WOULD I THINK HAVE BEEN WORSE,0.0,YES THOUGH THEY SAD BUT THAT WOULD I THINK HAVE BEEN WORST,0.25,30.212222968435192,test-clean,opus,8k,0.25,0,0,0,3,0,0,3,0,0,True,False,True,False,True,False,False
1680,5683,32879,25,THANK YOU DORCAS DEAR,THANK YOU DORCAS DEAR,0.0,THANK YOU DORCAS DERE,0.25,30.952332657200813,test-clean,opus,8k,0.25,0,0,0,1,0,0,1,0,0,True,False,True,False,True,False,False
537,2094,142345,26,SHE'S GOING TO PUT THE IRONING THINGS AWAY,SHE'S GOING TO PUT THE IRONING THINGS AWAY,0.0,SHE IS GOING TO PUT THE IRONING THINGS AWAY,0.25,31.017483716146725,test-clean,opus,8k,0.25,0,0,0,1,0,1,1,0,1,True,False,True,False,True,False,False
497,1995,1837,16,FOR ONE LONG MOMENT HE PAUSED STUPID AGAPE WITH UTTER AMAZEMENT THEN LEANED DIZZILY AGAINST A TREE,FOR ONE LONG MOMENT HE PAUSED STUPID AGAPE WITH UTTER AMAZEMENT THEN LEANED DIZZILY AGAINST A TREE,0.0,FOR ONE LONG MOMENT HE PAUSED STOPID A GAPE WITH UTTER AMAZEMENT THEN LEANE DIZZILY AGAINST A TREE,0.2352941176470588,15.617696953246927,test-clean,opus,16k,0.2352941176470588,0,0,0,3,0,1,3,0,1,True,False,True,False,True,False,False
497,1995,1837,16,FOR ONE LONG MOMENT HE PAUSED STUPID AGAPE WITH UTTER AMAZEMENT THEN LEANED DIZZILY AGAINST A TREE,FOR ONE LONG MOMENT HE PAUSED STUPID AGAPE WITH UTTER AMAZEMENT THEN LEANED DIZZILY AGAINST A TREE,0.0,FOR ONE LONG MOMENT HE PAUSED STUPID A GAPE WITH UTTER AMAZEMENT THEN LEANED DIZZILY AGAINST THE TREES,0.2352941176470588,31.429468796941144,test-clean,opus,8k,0.2352941176470588,0,0,0,3,0,1,3,0,1,True,False,True,False,True,False,False
636,3331,159605,27,ASKED THE ARTFUL YOUNG MAN LAYING A TRAP INTO WHICH POLLY IMMEDIATELY FELL,ASKED THE ARTFUL YOUNG MAN LAYING A TRAP INTO WHICH POLLY IMMEDIATELY FELL,0.0,AS THE OUT FOR YOUNG MAN LAYING A TRAP INTO WHICH POLLY IMMEDIATELY FELL,0.2307692307692307,15.306188595158511,test-other,mp3,16k,0.2307692307692307,0,0,0,2,0,1,2,0,1,True,False,True,False,True,False,False
636,3331,159605,27,ASKED THE ARTFUL YOUNG MAN LAYING A TRAP INTO WHICH POLLY IMMEDIATELY FELL,ASKED THE ARTFUL YOUNG MAN LAYING A TRAP INTO WHICH POLLY IMMEDIATELY FELL,0.0,ASKED THE AUTFUL YOUNG MAN LAYING A TLAP INTO WHICH POLLY IMMEDIATELY SEL,0.2307692307692307,30.02543214782436,test-other,opus,8k,0.2307692307692307,0,0,0,3,0,0,3,0,0,True,False,True,False,True,False,False
1086,3764,168671,53,THE GRAVE DIGGER WENT ON WITH A SUPERIOR SMILE,THE GRAVE DIGGER WENT ON WITH A SUPERIOR SMILE,0.0,THE GRAVEDIGGER WENT ON WITH A SUPERIOR SMILE,0.2222222222222222,20.048080249048773,test-other,opus,12k,0.2222222222222222,0,0,0,1,1,0,1,1,0,True,False,True,False,True,False,False
2487,7975,280063,11,ABOUT NINE THIRTY A M I WAS SHOT DOWN,ABOUT NINE THIRTY A M I WAS SHOT DOWN,0.0,ABOUT NINE THIRTY AT EM I WAS SHOT DOWN,0.2222222222222222,19.949716874292186,test-other,opus,12k,0.2222222222222222,0,0,0,2,0,0,2,0,0,True,False,True,False,True,False,False
1978,6128,63240,7,THESE THINGS THE EYES ESPECIALLY WITH THEIR SMOULDERING FIRE MIGHT HAVE INDICATED THAT HE WAS TO BE A GREAT AMERICAN STATESMAN OR ON THE OTHER HAND THEY MIGHT SIMPLY HAVE PROVED THAT HE CAME FROM CAROLINA OR ALABAMA,THESE THINGS THE EYES ESPECIALLY WITH THEIR SMOULDERING FIRE MIGHT HAVE INDICATED THAT HE WAS TO BE A GREAT AMERICAN STATESMAN OR ON THE OTHER HAND THEY MIGHT SIMPLY HAVE PROVED THAT HE CAME FROM CAROLINA OR ALABAMA,0.0,THIS THINGS THE ARMIES ESPECIALLY WITH THEIR SMOULDERING FIRE MIGHT HAVE INDICATED THAT HE WASTED A GREAT AMERICAN STATESMAN O ON THE OTHER HAND THEY MIGHT SIMPLY HAVE PROVED THAT HE CAN FROM CAROLINA OR ALABANA,0.2105263157894736,31.000129232359782,test-other,opus,8k,0.2105263157894736,0,0,0,6,2,0,6,2,0,True,False,True,False,True,False,False
831,2830,3980,34,THESE MEANS CANNOT BE CONTAMINATED,THESE MEANS CANNOT BE CONTAMINATED,0.0,THESE MEANS CANNOT BE CONTAMINATED D,0.2,16.323665694182257,test-clean,opus,16k,0.2,0,0,0,0,0,1,0,0,1,True,False,True,False,True,False,False
2311,7105,2340,29,HUSBAND AND WIFE LOOKED BLANKLY AND DESPERATELY AT ONE ANOTHER,HUSBAND AND WIFE LOOKED BLANKLY AND DESPERATELY AT ONE ANOTHER,0.0,HUSBARD AND WIVE LOOKED BLANKLY AND DESPERATELY AT ONE ANOTHER,0.2,30.137263339070568,test-other,opus,8k,0.2,0,0,0,2,0,0,2,0,0,True,False,True,False,True,False,False
1887,6829,68769,27,WHOSE NAME DID YOU SIGN TO THE CHECK ASKED KENNETH,WHOSE NAME DID YOU SIGN TO THE CHECK ASKED KENNETH,0.0,WHOSE NAME DID SHE SIG TO THE CHECK ASKED KENNETH,0.2,14.9608291418991,test-clean,mp3,16k,0.2,0,0,0,2,0,0,2,0,0,True,False,True,False,True,False,False
1168,3997,182399,14,BUT HE DON'T MIND THAT,BUT HE DON'T MIND THAT,0.0,BUT HE DON'T MIND THAD,0.2,9.899522268454309,test-other,mp3,24k,0.2,0,0,0,1,0,0,1,0,0,True,False,True,False,True,False,False
1883,5764,299665,79,WE NOW KNOW THAT OUR FIRST PARENTS WERE NOT FOREIGNERS,WE NOW KNOW THAT OUR FIRST PARENTS WERE NOT FOREIGNERS,0.0,WE NOW KNOW THAT OUR FIRST BARENTS WERE NOT FORRUNERS,0.2,31.073086098460205,test-other,opus,8k,0.2,0,0,0,2,0,0,2,0,0,True,False,True,False,True,False,False
1982,6128,63240,11,IF YOU ARE GOING TO DINE WITH HER YOU HAD BETTER KNOW IT OH MURDER,IF YOU ARE GOING TO DINE WITH HER YOU HAD BETTER KNOW IT OH MURDER,0.0,IF YOU ARE GOING TO DYING WITH HAN YOU HAD BETTER KNOW IT OH MURDERER,0.2,15.446202238875012,test-other,mp3,16k,0.2,0,0,0,3,0,0,3,0,0,True,False,True,False,True,False,False
711,3528,168669,16,THAT IS GOOD REVEREND MOTHER I WILL OPEN THE VAULT,THAT IS GOOD REVEREND MOTHER I WILL OPEN THE VAULT,0.0,THAT ITS GOOD REVEREND BROTHER I WILL OPEN THE VAULT,0.2,32.630630630630634,test-other,opus,8k,0.2,0,0,0,2,0,0,2,0,0,True,False,True,False,True,False,False
1359,4350,10919,11,HE ASKED AH IT IS,HE ASKED AH IT IS,0.0,HE AS AH IT IS,0.2,14.621027937726597,test-other,mp3,16k,0.2,0,0,0,1,0,0,1,0,0,True,False,True,False,True,False,False
831,2830,3980,34,THESE MEANS CANNOT BE CONTAMINATED,THESE MEANS CANNOT BE CONTAMINATED,0.0,THESE MEANS CANNOT BE CONTEMINATED,0.2,31.23743842364532,test-clean,opus,8k,0.2,0,0,0,1,0,0,1,0,0,True,False,True,False,True,False,False
2013,6128,63244,0,MISS CHANCELLOR HERSELF HAD THOUGHT SO MUCH ON THE VITAL SUBJECT WOULD NOT SHE MAKE A FEW REMARKS AND GIVE THEM SOME OF HER EXPERIENCES,MISS CHANCELLOR HERSELF HAD THOUGHT SO MUCH ON THE VITAL SUBJECT WOULD NOT SHE MAKE A FEW REMARKS AND GIVE THEM SOME OF HER EXPERIENCES,0.0,MISS CHARCELLOR HERSELF ATHOUGHT SO MUCH ON THE VITAL SUBJECT WOULD MUCH SHE MAKE A FEW REMORKS AND GIVE THEM SOME OF HER EXPERIENCES,0.2,20.41283006093433,test-other,opus,12k,0.2,0,0,0,4,1,0,4,1,0,True,False,True,False,True,False,False
2024,6128,63244,11,IF IT BE NECESSARY WE ARE PREPARED TO TAKE CERTAIN STEPS TO CONCILIATE THE SHRINKING,IF IT BE NECESSARY WE ARE PREPARED TO TAKE CERTAIN STEPS TO CONCILIATE THE SHRINKING,0.0,IF IT BE NECESSARY WE ARE PREPARED TO TAKE FRED AND TAPS TO CONCILIATE THE SHRINKING,0.2,10.379120546785217,test-other,mp3,24k,0.2,0,0,0,2,0,1,2,0,1,True,False,True,False,True,False,False
1168,3997,182399,14,BUT HE DON'T MIND THAT,BUT HE DON'T MIND THAT,0.0,BUT YE DON'T MIND THAT,0.2,15.262057495842242,test-other,opus,16k,0.2,0,0,0,1,0,0,1,0,0,True,False,True,False,True,False,False
2579,8131,117016,24,GORDON'S EYES POPPED AT THAT,GORDON'S EYES POPPED AT THAT,0.0,GORON'S EYES POPPED AT THAT,0.2,1.8948043617703656,test-other,mp3,128k,0.2,0,0,0,1,0,0,1,0,0,True,False,True,False,True,False,False
2579,8131,117016,24,GORDON'S EYES POPPED AT THAT,GORDON'S EYES POPPED AT THAT,0.0,GORNON'S EYES POPPED AT THAT,0.2,9.968503937007874,test-other,mp3,24k,0.2,0,0,0,1,0,0,1,0,0,True,False,True,False,True,False,False
831,2830,3980,34,THESE MEANS CANNOT BE CONTAMINATED,THESE MEANS CANNOT BE CONTAMINATED,0.0,THESE MEANS CANNOT BE CONTEMINATED,0.2,14.991016548463357,test-clean,mp3,16k,0.2,0,0,0,1,0,0,1,0,0,True,False,True,False,True,False,False
2024,6128,63244,11,IF IT BE NECESSARY WE ARE PREPARED TO TAKE CERTAIN STEPS TO CONCILIATE THE SHRINKING,IF IT BE NECESSARY WE ARE PREPARED TO TAKE CERTAIN STEPS TO CONCILIATE THE SHRINKING,0.0,IF IT BE NECESSARY WE ARE PREPARED TO TAKE THAT AND APS TO CONCILIATE THE SHRINKING,0.2,7.810915380763803,test-other,mp3,32k,0.2,0,0,0,2,0,1,2,0,1,True,False,True,False,True,False,False
818,2830,3980,21,AND GOD THE FATHER WHO RAISED HIM FROM THE DEAD,AND GOD THE FATHER WHO RAISED HIM FROM THE DEAD,0.0,IN GAD THE FATHER WHO RAISED HIM FROM THE DEAD,0.2,10.142344107084558,test-clean,mp3,24k,0.2,0,0,0,2,0,0,2,0,0,True,False,True,False,True,False,False
2021,6128,63244,8,THIS MIGHT SEEM ONE OF THE MOST ACCESSIBLE OF PLEASURES BUT IN POINT OF FACT SHE HAD NOT FOUND IT SO,THIS MIGHT SEEM ONE OF THE MOST ACCESSIBLE OF PLEASURES BUT IN POINT OF FACT SHE HAD NOT FOUND IT SO,0.0,THIS MIGHT SEE ONE OF THE MOST ACCESSIBLE PLEASURES BUT INFORMT OF FACT SHE HAD NOT FOUND IT SO,0.1904761904761904,10.37776755126042,test-other,mp3,24k,0.1904761904761904,0,0,0,2,2,0,2,2,0,True,False,True,False,True,False,False
1629,533,131564,5,WE ALL HAVE A BIT OF A LIKING FOR HIM AT THE BOTTOM OF OUR HEARTS THOUGH WE CAN'T RESPECT HIM,WE ALL HAVE A BIT OF A LIKING FOR HIM AT THE BOTTOM OF OUR HEARTS THOUGH WE CAN'T RESPECT HIM,0.0,WE ALL HAVE A BIT OF A LIKING FOR HIM AT THE BOSOM OF OUR HEART THOUGH YOU CAN'T SUSPECT HIM,0.1904761904761904,31.85517123871188,test-other,opus,8k,0.1904761904761904,0,0,0,4,0,0,4,0,0,True,False,True,False,True,False,False
1984,6930,76324,12,WE'LL COME IN HERE THIS AFTERNOON WITH OLD CLOTHES ON AND HAVE A REGULAR HOUSE CLEANING,WE'LL COME IN HERE THIS AFTERNOON WITH OLD CLOTHES ON AND HAVE A REGULAR HOUSE CLEANING,0.0,WELL COME IN HERE THIS AFTERNOON WITH OLD CLOTHES ON AND HAFE A REGULAR HOUSE CLEANGING,0.1875,29.74810379241517,test-clean,opus,8k,0.1875,0,0,0,3,0,0,3,0,0,True,False,True,False,True,False,False
1951,6070,86745,0,THEN SHOULD ANYTHING APPEAR TO MERIT A MORE MINUTE EXAMINATION ALBERT DE MORCERF COULD FOLLOW UP HIS RESEARCHES BY MEANS OF A SMALL GATE SIMILAR TO THAT CLOSE TO THE CONCIERGE'S DOOR AND WHICH MERITS A PARTICULAR DESCRIPTION,THEN SHOULD ANYTHING APPEAR TO MERIT A MORE MINUTE EXAMINATION ALBERT DE MORCERF COULD FOLLOW UP HIS RESEARCHES BY MEANS OF A SMALL GATE SIMILAR TO THAT CLOSE TO THE CONCIERGE'S DOOR AND WHICH MERITS A PARTICULAR DESCRIPTION,0.0,THEN SHOULD ANYTHING APPEAR TO MERIT A MORE MINUTE EXAMINATION ALBER DE MORCEF WOULD FOLLOW UP HIS RESEARCHES BY MEANS OF A SMALL GATE SIMILAR TO THAT CLAUGE TO THE CONCIERGE TOR AND WHICH MERITS THE PARTICULAR DESCRIPTION,0.1842105263157894,15.813702029602055,test-other,mp3,16k,0.1842105263157894,0,0,0,7,0,0,7,0,0,True,False,True,False,True,False,False
2344,7902,96591,24,A FELLOW WHO WAS SHUT UP IN PRISON FOR LIFE MIGHT DO IT HE SAID BUT NOT IN A CASE LIKE THIS,A FELLOW WHO WAS SHUT UP IN PRISON FOR LIFE MIGHT DO IT HE SAID BUT NOT IN A CASE LIKE THIS,0.0,A FELLOW WHO AS SHUT UP IN PRISON FOR LIFE MIGH DOIT HE SAID BUT NOT IN A CASE LIKE THIS,0.1818181818181818,10.36940509915014,test-other,mp3,24k,0.1818181818181818,0,0,0,3,1,0,3,1,0,True,False,True,False,True,False,False
654,3331,159605,45,BUT POLLY IT WOULD HAVE BEEN A GRAND THING FOR YOU,BUT POLLY IT WOULD HAVE BEEN A GRAND THING FOR YOU,0.0,BUT PULLY IT WOULD HAVE BEEN A GLAND THING FOR YOU,0.1818181818181818,31.04336863338376,test-other,opus,8k,0.1818181818181818,0,0,0,2,0,0,2,0,0,True,False,True,False,True,False,False
2344,8230,279154,32,IT IS THIS THAT IS OF INTEREST TO THEORY OF KNOWLEDGE,IT IS THIS THAT IS OF INTEREST TO THEORY OF KNOWLEDGE,0.0,IT IS THIS THAT IS A INTUREST TO THEORY OF KNOWLEDGE,0.1818181818181818,31.50050709939148,test-clean,opus,8k,0.1818181818181818,0,0,0,2,0,0,2,0,0,True,False,True,False,True,False,False
1504,4852,28319,2,CHRIS THEREFORE THREW HIMSELF INTO ALL THE PRELIMINARIES OF HIS TASK,CHRIS THEREFORE THREW HIMSELF INTO ALL THE PRELIMINARIES OF HIS TASK,0.0,CHRIS THEREFORE THREW HIMSELF AND ALL THE PRILIMINARIES OF HIS TASK,0.1818181818181818,15.34400683103853,test-other,mp3,16k,0.1818181818181818,0,0,0,2,0,0,2,0,0,True,False,True,False,True,False,False
4,1089,134686,4,NUMBER TEN FRESH NELLY IS WAITING ON YOU GOOD NIGHT HUSBAND,NUMBER TEN FRESH NELLY IS WAITING ON YOU GOOD NIGHT HUSBAND,0.0,NUMBERTEN FRESH NELLY IS WAITING ON YOU GOOD NIGHT HUSBAND,0.1818181818181818,31.717325227963524,test-clean,opus,8k,0.1818181818181818,0,0,0,1,1,0,1,1,0,True,False,True,False,True,False,False
497,1995,1837,16,FOR ONE LONG MOMENT HE PAUSED STUPID AGAPE WITH UTTER AMAZEMENT THEN LEANED DIZZILY AGAINST A TREE,FOR ONE LONG MOMENT HE PAUSED STUPID AGAPE WITH UTTER AMAZEMENT THEN LEANED DIZZILY AGAINST A TREE,0.0,FOR ONE LONG MOMENT HE PAUSED STUPID A GAPE WITH UTTER AMAZEMENT THEN LEANED DIZZILY AGAINST THE TREE,0.1764705882352941,20.351755239190027,test-clean,opus,12k,0.1764705882352941,0,0,0,2,0,1,2,0,1,True,False,True,False,True,False,False
497,1995,1837,16,FOR ONE LONG MOMENT HE PAUSED STUPID AGAPE WITH UTTER AMAZEMENT THEN LEANED DIZZILY AGAINST A TREE,FOR ONE LONG MOMENT HE PAUSED STUPID AGAPE WITH UTTER AMAZEMENT THEN LEANED DIZZILY AGAINST A TREE,0.0,FOR ONE LONG MOMENT HE PAUSED STUPID A GATE WITH UTTER AMAZEMENT THEN LEANED DIZZILY AGAINST THA TREE,0.1764705882352941,15.583858081115851,test-clean,mp3,16k,0.1764705882352941,0,0,0,2,0,1,2,0,1,True,False,True,False,True,False,False
267,2414,128291,4,ANSWERED HE THE SAME THAT THOU SEEKEST THOU MISCHIEF MAKER THAT IS TO SAY HAPPINESS UPON EARTH,ANSWERED HE THE SAME THAT THOU SEEKEST THOU MISCHIEF MAKER THAT IS TO SAY HAPPINESS UPON EARTH,0.0,ANSWERED HE THE SAME THAT THOU SEEKEST THOU MISCHIEF MAY ACCER THAT IS TO SAY HAPPINESS UPON EART,0.1764705882352941,35.611205794631445,test-other,opus,8k,0.1764705882352941,0,0,0,2,0,1,2,0,1,True,False,True,False,True,False,False
497,1995,1837,16,FOR ONE LONG MOMENT HE PAUSED STUPID AGAPE WITH UTTER AMAZEMENT THEN LEANED DIZZILY AGAINST A TREE,FOR ONE LONG MOMENT HE PAUSED STUPID AGAPE WITH UTTER AMAZEMENT THEN LEANED DIZZILY AGAINST A TREE,0.0,FOR ONE LONG MOMENT HE PAUSED STUPID A GATE WITH UTTER AMAZEMENT THEN LEANED DIZZILY AGAINST THE TREE,0.1764705882352941,10.442266684814664,test-clean,mp3,24k,0.1764705882352941,0,0,0,2,0,1,2,0,1,True,False,True,False,True,False,False
2138,6432,63723,39,BUT HIS ARE PRETTY UNCERTAIN SHOES TO BE IN JUST THE SAME,BUT HIS ARE PRETTY UNCERTAIN SHOES TO BE IN JUST THE SAME,0.0,BUT HE HAS ARE PRETTY UNCERTAIN SHOES TO BE IN JUST THE SAME,0.1666666666666666,15.015528418513494,test-other,mp3,16k,0.1666666666666666,0,0,0,1,0,1,1,0,1,True,False,True,False,True,False,False
306,2414,128292,16,THE DEVIL HIMSELF IS PERHAPS SKIN,THE DEVIL HIMSELF IS PERHAPS SKIN,0.0,THAT DEVIL HIMSELF IS PERHAPS SKIN,0.1666666666666666,15.04721832632071,test-other,mp3,16k,0.1666666666666666,0,0,0,1,0,0,1,0,0,True,False,True,False,True,False,False
2121,6432,63723,22,LARCH HIMSELF WAS A PECULIAR CHARACTER,LARCH HIMSELF WAS A PECULIAR CHARACTER,0.0,LARGE HIMSELF WAS A PECULIAR CHARACTER,0.1666666666666666,14.850125313283208,test-other,mp3,16k,0.1666666666666666,0,0,0,1,0,0,1,0,0,True,False,True,False,True,False,False
1500,4852,28312,30,THEY MOVED INTO THE INN THE COACH RATTLED OFF TO THE STABLE,THEY MOVED INTO THE INN THE COACH RATTLED OFF TO THE STABLE,0.0,THEY MOVED INTO THE END N THE COACH RATTLED OFF TO THE STABLE,0.1666666666666666,29.92006352567496,test-other,opus,8k,0.1666666666666666,0,0,0,1,0,1,1,0,1,True,False,True,False,True,False,False
431,2609,169640,16,THE STILLNESS THAT REIGNED ON BOTH SIDES WAS LIKE THAT OF DEATH,THE STILLNESS THAT REIGNED ON BOTH SIDES WAS LIKE THAT OF DEATH,0.0,THE STILLNESS THANT REINS ON BOTH SIDES WAS LIKE THAT OF DEATH,0.1666666666666666,30.42889087656529,test-other,opus,8k,0.1666666666666666,0,0,0,2,0,0,2,0,0,True,False,True,False,True,False,False
431,2609,169640,16,THE STILLNESS THAT REIGNED ON BOTH SIDES WAS LIKE THAT OF DEATH,THE STILLNESS THAT REIGNED ON BOTH SIDES WAS LIKE THAT OF DEATH,0.0,THE STILLNESS THAT RANGE ON BOATH SIDES WAS LIKE THAT OF DEATH,0.1666666666666666,15.32927790920356,test-other,opus,16k,0.1666666666666666,0,0,0,2,0,0,2,0,0,True,False,True,False,True,False,False
306,2414,128292,16,THE DEVIL HIMSELF IS PERHAPS SKIN,THE DEVIL HIMSELF IS PERHAPS SKIN,0.0,THE DEVIL HIMSELF IS PERHAPS SKINED,0.1666666666666666,16.101050525262632,test-other,opus,16k,0.1666666666666666,0,0,0,1,0,0,1,0,0,True,False,True,False,True,False,False
2121,6432,63723,22,LARCH HIMSELF WAS A PECULIAR CHARACTER,LARCH HIMSELF WAS A PECULIAR CHARACTER,0.0,LARCE HIMSELF WAS A PECULIAR CHARACTER,0.1666666666666666,31.461238938053096,test-other,opus,8k,0.1666666666666666,0,0,0,1,0,0,1,0,0,True,False,True,False,True,False,False
306,2414,128292,16,THE DEVIL HIMSELF IS PERHAPS SKIN,THE DEVIL HIMSELF IS PERHAPS SKIN,0.0,THE DEVIL HIMSELF IS PERHAPS KING,0.1666666666666666,21.505122494432072,test-other,opus,12k,0.1666666666666666,0,0,0,1,0,0,1,0,0,True,False,True,False,True,False,False
2891,8461,278226,7,BUT SHE FIXED UPON A PICTURE WHICH SHE SAID SHE PREFERRED TO ANYTHING SHE HAD SEEN IN THE GALLERY,BUT SHE FIXED UPON A PICTURE WHICH SHE SAID SHE PREFERRED TO ANYTHING SHE HAD SEEN IN THE GALLERY,0.0,BUT SHE SIKS UPON A PICTURE WHEN SHE SAID SHE PRESEED TO ANYTHING SHE HAD SEEN IN THE GALLERY,0.1578947368421052,31.148496530454896,test-other,opus,8k,0.1578947368421052,0,0,0,3,0,0,3,0,0,True,False,True,False,True,False,False
1951,6070,86745,0,THEN SHOULD ANYTHING APPEAR TO MERIT A MORE MINUTE EXAMINATION ALBERT DE MORCERF COULD FOLLOW UP HIS RESEARCHES BY MEANS OF A SMALL GATE SIMILAR TO THAT CLOSE TO THE CONCIERGE'S DOOR AND WHICH MERITS A PARTICULAR DESCRIPTION,THEN SHOULD ANYTHING APPEAR TO MERIT A MORE MINUTE EXAMINATION ALBERT DE MORCERF COULD FOLLOW UP HIS RESEARCHES BY MEANS OF A SMALL GATE SIMILAR TO THAT CLOSE TO THE CONCIERGE'S DOOR AND WHICH MERITS A PARTICULAR DESCRIPTION,0.0,THEN SHOULD ANYTHING APPEAR TO MERIT A MORE MINUTE EXAMINATION ALBERT DE MORCERSE WOULD FOLLOW UP HIS RESEARCHES BY MEANS OF A SMALL GATE SIMILAR TO THAT CLUGE TO THE CONCIERGES TOR AND WHICH MERITS E PARTICULAR DESCRIPTION,0.1578947368421052,10.565879078581156,test-other,mp3,24k,0.1578947368421052,0,0,0,6,0,0,6,0,0,True,False,True,False,True,False,False
1379,4350,10919,31,FINALLY HIS DECISION WAS PRONOUNCED THEY WERE TO GO ABROAD BUT TO PUT NO FAITH IN FOREIGN QUACKS AND TO APPLY TO HIM IN ANY NEED,FINALLY HIS DECISION WAS PRONOUNCED THEY WERE TO GO ABROAD BUT TO PUT NO FAITH IN FOREIGN QUACKS AND TO APPLY TO HIM IN ANY NEED,0.0,FINALLY HIS DECISION WAS PRONOUNCED THEY WERE TO GO AROD BUT TO PUT NO FAITH IN FOREIGN QUAX AND TO APPLOTE HIM IN ANY NEED,0.1538461538461538,31.57869310958556,test-other,opus,8k,0.1538461538461538,0,0,0,3,1,0,3,1,0,True,False,True,False,True,False,False
2221,7176,92135,34,THE DUCHESS OF SOUTHBRIDGE TO LORD REGGIE OH REGGIE WHAT DID YOU SAY,THE DUCHESS OF SOUTHBRIDGE TO LORD REGGIE OH REGGIE WHAT DID YOU SAY,0.0,THE DUCHESS OF SOUTHBRIDGE TO LORD REGY OH REDDY WHAT DID YOU SAY,0.1538461538461538,15.258618849396948,test-clean,mp3,16k,0.1538461538461538,0,0,0,2,0,0,2,0,0,True,False,True,False,True,False,False
768,3528,168669,73,WHAT A GLORY OF GOD FOR THE COMMUNITY AND MIRACLES ISSUE FROM TOMBS,WHAT A GLORY OF GOD FOR THE COMMUNITY AND MIRACLES ISSUE FROM TOMBS,0.0,WHAT A GLORY HAVE GOT FOR THE COMMUNITY AND MIRACLES ISSUE FROM TOMBS,0.1538461538461538,15.353313353313354,test-other,mp3,16k,0.1538461538461538,0,0,0,2,0,0,2,0,0,True,False,True,False,True,False,False
768,3528,168669,73,WHAT A GLORY OF GOD FOR THE COMMUNITY AND MIRACLES ISSUE FROM TOMBS,WHAT A GLORY OF GOD FOR THE COMMUNITY AND MIRACLES ISSUE FROM TOMBS,0.0,WHAT A GLORY OF GOD FOR THE COMMUNITY AND MARICLE ISSUE FROM TUNES,0.1538461538461538,32.09979113483407,test-other,opus,8k,0.1538461538461538,0,0,0,2,0,0,2,0,0,True,False,True,False,True,False,False
2415,7902,96594,19,WHAT FOR THERE AREN'T A PUBLIC HOUSE FOR TEN MILES DIDN'T MEAN THAT,WHAT FOR THERE AREN'T A PUBLIC HOUSE FOR TEN MILES DIDN'T MEAN THAT,0.0,WHAT FOR THERE AREN'T A PUBLIC USE FOR TEN MILES DIDN'T T MEAN THAT,0.1538461538461538,7.755198433269973,test-other,mp3,32k,0.1538461538461538,0,0,0,1,0,1,1,0,1,True,False,True,False,True,False,False
1730,5442,41169,30,THERE'S THE PEASANTS TOO I WONDER AT THEM SOMETIMES ANY GOOD PEASANT TRIES TO TAKE ALL THE LAND HE CAN,THERE'S THE PEASANTS TOO I WONDER AT THEM SOMETIMES ANY GOOD PEASANT TRIES TO TAKE ALL THE LAND HE CAN,0.0,THERE THE PEASANTS TOO I WANDERED AT THEM SOMETIMES ANY GOOD PEASANT TRIES TO TAKE ALL THE LAND YE CAN,0.15,31.14848982686718,test-other,opus,8k,0.15,0,0,0,3,0,0,3,0,0,True,False,True,False,True,False,False
1877,5764,299665,73,IT FOLLOWS THAT NOTHING HAS BEEN OR CAN BE CREATED THAT THERE NEVER HAS BEEN OR CAN BE A CREATOR,IT FOLLOWS THAT NOTHING HAS BEEN OR CAN BE CREATED THAT THERE NEVER HAS BEEN OR CAN BE A CREATOR,0.0,IT FOLLOWED THAT NOTHING HAD BEEN OR CAN BE CREATED THAT THERE NEVER HAD BEEN OR CAN BE A CREATOR,0.15,32.716194654966095,test-other,opus,8k,0.15,0,0,0,3,0,0,3,0,0,True,False,True,False,True,False,False
2392,7902,96592,47,WHY I COULD TIE YOU UP IN A KNOT AND HEAVE YOU OFF THE CLIFF ANY DAY WHAT A GAME,WHY I COULD TIE YOU UP IN A KNOT AND HEAVE YOU OFF THE CLIFF ANY DAY WHAT A GAME,0.0,WHY I COULD TIRE YOU UP IN A NAT AND HEAVE YOU OFF THE CLIF ANY DAY WHAT A GAME,0.15,30.509457236842103,test-other,opus,8k,0.15,0,0,0,3,0,0,3,0,0,True,False,True,False,True,False,False
2746,8188,269290,15,OH I WON'T LOCK YOU OUT SHE SAID BUT I MUST HAVE THE KEY,OH I WON'T LOCK YOU OUT SHE SAID BUT I MUST HAVE THE KEY,0.0,OH I WON'T LOOK YOU OUT SHE SAID BUT I MUST HAVE THE KEYP,0.1428571428571428,33.51766423357664,test-other,opus,8k,0.1428571428571428,0,0,0,2,0,0,2,0,0,True,False,True,False,True,False,False
78,1688,142285,78,HAVE YOU MET WITH A SERVANT DEAR,HAVE YOU MET WITH A SERVANT DEAR,0.0,HAVE YOU MET WITH A SERVANT DAVE,0.1428571428571428,14.934650719362107,test-other,mp3,16k,0.1428571428571428,0,0,0,1,0,0,1,0,0,True,False,True,False,True,False,False
762,3528,168669,67,YOU WILL RAISE THE STONE WITH THE BAR BY MEANS OF THE RING BUT,YOU WILL RAISE THE STONE WITH THE BAR BY MEANS OF THE RING BUT,0.0,YOU WILL RASE THE STONE WITH THE BAR BY MEANS OF THE RAIN BUT,0.1428571428571428,15.403423478172794,test-other,mp3,16k,0.1428571428571428,0,0,0,2,0,0,2,0,0,True,False,True,False,True,False,False
1061,3764,168671,28,HE HAD HARDLY THE STRENGTH TO STAMMER,HE HAD HARDLY THE STRENGTH TO STAMMER,0.0,HE HAD HARDLY THE STRENGTH TO STAMA,0.1428571428571428,9.93680154142582,test-other,mp3,24k,0.1428571428571428,0,0,0,1,0,0,1,0,0,True,False,True,False,True,False,False
1053,3764,168671,20,THE PERMISSION FOR INTERMENT MUST BE EXHIBITED,THE PERMISSION FOR INTERMENT MUST BE EXHIBITED,0.0,THE PERMISSION FOR INTARMENT MUST BE EXHIBITED,0.1428571428571428,10.1114127702363,test-other,mp3,24k,0.1428571428571428,0,0,0,1,0,0,1,0,0,True,False,True,False,True,False,False
1113,3997,180294,25,ONLY ONE REMAINED EMPTY THE STAGE BOX,ONLY ONE REMAINED EMPTY THE STAGE BOX,0.0,ONLY ONE REMAINS EMPTY THE STAGE BOX,0.1428571428571428,32.05025996533796,test-other,opus,8k,0.1428571428571428,0,0,0,1,0,0,1,0,0,True,False,True,False,True,False,False
1113,3997,180294,25,ONLY ONE REMAINED EMPTY THE STAGE BOX,ONLY ONE REMAINED EMPTY THE STAGE BOX,0.0,ONLY ONE REMAINS EMPTY THE STAGE BOX,0.1428571428571428,1.9248503773093937,test-other,mp3,128k,0.1428571428571428,0,0,0,1,0,0,1,0,0,True,False,True,False,True,False,False
1636,533,131564,12,BUT HANG IT THAT'S NOT MY FAULT,BUT HANG IT THAT'S NOT MY FAULT,0.0,BUT HANG IT TAT'S NOT MY FAULT,0.1428571428571428,32.74196689386563,test-other,opus,8k,0.1428571428571428,0,0,0,1,0,0,1,0,0,True,False,True,False,True,False,False
1113,3997,180294,25,ONLY ONE REMAINED EMPTY THE STAGE BOX,ONLY ONE REMAINED EMPTY THE STAGE BOX,0.0,ONLY ONE REMAINS EMPTY THE STAGE BOX,0.1428571428571428,7.662316138388233,test-other,mp3,32k,0.1428571428571428,0,0,0,1,0,0,1,0,0,True,False,True,False,True,False,False
124,1998,29454,0,A THOUSAND BLESSINGS FROM A GRATEFUL HEART,A THOUSAND BLESSINGS FROM A GRATEFUL HEART,0.0,A THOUSAND BLESSINGS FROM A GLATEFUL HEART,0.1428571428571428,29.335661622041133,test-other,opus,8k,0.1428571428571428,0,0,0,1,0,0,1,0,0,True,False,True,False,True,False,False
1061,3764,168671,28,HE HAD HARDLY THE STRENGTH TO STAMMER,HE HAD HARDLY THE STRENGTH TO STAMMER,0.0,HE HAD HARDLY THE STRENGTH TO STAMME,0.1428571428571428,3.774849948762992,test-other,mp3,64k,0.1428571428571428,0,0,0,1,0,0,1,0,0,True,False,True,False,True,False,False
2186,7176,88083,27,THEN THE LEADER PARTED FROM THE LINE,THEN THE LEADER PARTED FROM THE LINE,0.0,THEN THE LEADER PARTED FROM THE LIN,0.1428571428571428,14.55278310940499,test-clean,mp3,16k,0.1428571428571428,0,0,0,1,0,0,1,0,0,True,False,True,False,True,False,False
1636,533,131564,12,BUT HANG IT THAT'S NOT MY FAULT,BUT HANG IT THAT'S NOT MY FAULT,0.0,BUT HANG IT AT'S NOT MY FAULT,0.1428571428571428,10.143589743589745,test-other,mp3,24k,0.1428571428571428,0,0,0,1,0,0,1,0,0,True,False,True,False,True,False,False
1881,5764,299665,77,THAT WHICH HAS NOT HAPPENED COULD NOT,THAT WHICH HAS NOT HAPPENED COULD NOT,0.0,THAT WHICH HAD NOT HAPPENED COULD NOT,0.1428571428571428,15.12002036400662,test-other,mp3,16k,0.1428571428571428,0,0,0,1,0,0,1,0,0,True,False,True,False,True,False,False
2376,8455,210777,20,OH YES SAID JACK AND I'M NOWHERE,OH YES SAID JACK AND I'M NOWHERE,0.0,OH YES SAID JACK AN I'M NOWHERE,0.1428571428571428,15.069052945563012,test-clean,mp3,16k,0.1428571428571428,0,0,0,1,0,0,1,0,0,True,False,True,False,True,False,False
1113,3997,180294,25,ONLY ONE REMAINED EMPTY THE STAGE BOX,ONLY ONE REMAINED EMPTY THE STAGE BOX,0.0,ONLY ONE REMAINS EMPTY THE STAGE BOX,0.1428571428571428,3.866806063774177,test-other,opus,64k,0.1428571428571428,0,0,0,1,0,0,1,0,0,True,False,True,False,True,False,False
1113,3997,180294,25,ONLY ONE REMAINED EMPTY THE STAGE BOX,ONLY ONE REMAINED EMPTY THE STAGE BOX,0.0,ONLY ONE REMAINS EMPTY THE STAGE BOX,0.1428571428571428,3.846697867914717,test-other,mp3,64k,0.1428571428571428,0,0,0,1,0,0,1,0,0,True,False,True,False,True,False,False
1881,5764,299665,77,THAT WHICH HAS NOT HAPPENED COULD NOT,THAT WHICH HAS NOT HAPPENED COULD NOT,0.0,THAT WHICH HAS NOT HAPPENED COUT NOT,0.1428571428571428,33.128276631344114,test-other,opus,8k,0.1428571428571428,0,0,0,1,0,0,1,0,0,True,False,True,False,True,False,False
1113,3997,180294,25,ONLY ONE REMAINED EMPTY THE STAGE BOX,ONLY ONE REMAINED EMPTY THE STAGE BOX,0.0,ONLY ONE REMAINS EMPTY THE STAGE BOX,0.1428571428571428,7.94145433724592,test-other,opus,32k,0.1428571428571428,0,0,0,1,0,0,1,0,0,True,False,True,False,True,False,False
78,1688,142285,78,HAVE YOU MET WITH A SERVANT DEAR,HAVE YOU MET WITH A SERVANT DEAR,0.0,HAVE YOU MET WITH A SERVANT DEH,0.1428571428571428,27.721364221364222,test-other,opus,8k,0.1428571428571428,0,0,0,1,0,0,1,0,0,True,False,True,False,True,False,False
1061,3764,168671,28,HE HAD HARDLY THE STRENGTH TO STAMMER,HE HAD HARDLY THE STRENGTH TO STAMMER,0.0,HE HAD HARDLY THE STRENGTH TO STAMME,0.1428571428571428,19.490551776266063,test-other,opus,12k,0.1428571428571428,0,0,0,1,0,0,1,0,0,True,False,True,False,True,False,False
124,1998,29454,0,A THOUSAND BLESSINGS FROM A GRATEFUL HEART,A THOUSAND BLESSINGS FROM A GRATEFUL HEART,0.0,A THOUSAND BLESSING FROM A GRATEFUL HEART,0.1428571428571428,19.774522626209784,test-other,opus,12k,0.1428571428571428,0,0,0,1,0,0,1,0,0,True,False,True,False,True,False,False
1113,3997,180294,25,ONLY ONE REMAINED EMPTY THE STAGE BOX,ONLY ONE REMAINED EMPTY THE STAGE BOX,0.0,ONLY ONE REMAINS EMPTY THE STAGE BOX,0.1428571428571428,20.4719557195572,test-other,opus,12k,0.1428571428571428,0,0,0,1,0,0,1,0,0,True,False,True,False,True,False,False
2186,7176,88083,27,THEN THE LEADER PARTED FROM THE LINE,THEN THE LEADER PARTED FROM THE LINE,0.0,THEN THE LEADER PARTED FROM THE LION,0.1428571428571428,28.57537688442211,test-clean,opus,8k,0.1428571428571428,0,0,0,1,0,0,1,0,0,True,False,True,False,True,False,False
1053,3764,168671,20,THE PERMISSION FOR INTERMENT MUST BE EXHIBITED,THE PERMISSION FOR INTERMENT MUST BE EXHIBITED,0.0,THE PERMISSION FOR INTARMENT MUST BE EXHIBITED,0.1428571428571428,15.338316046369735,test-other,opus,16k,0.1428571428571428,0,0,0,1,0,0,1,0,0,True,False,True,False,True,False,False
1061,3764,168671,28,HE HAD HARDLY THE STRENGTH TO STAMMER,HE HAD HARDLY THE STRENGTH TO STAMMER,0.0,HE HAD HARDLY THE STRENGTH TO STAMA,0.1428571428571428,15.180141287284144,test-other,opus,16k,0.1428571428571428,0,0,0,1,0,0,1,0,0,True,False,True,False,True,False,False
78,1688,142285,78,HAVE YOU MET WITH A SERVANT DEAR,HAVE YOU MET WITH A SERVANT DEAR,0.0,HAVE YO MET WITH A SERVANT DEAR,0.1428571428571428,14.541434599156116,test-other,opus,16k,0.1428571428571428,0,0,0,1,0,0,1,0,0,True,False,True,False,True,False,False
1113,3997,180294,25,ONLY ONE REMAINED EMPTY THE STAGE BOX,ONLY ONE REMAINED EMPTY THE STAGE BOX,0.0,ONLY ONE REMAIND EMPTY THE STAGE BOX,0.1428571428571428,15.59274873524452,test-other,opus,16k,0.1428571428571428,0,0,0,1,0,0,1,0,0,True,False,True,False,True,False,False
124,1998,29454,0,A THOUSAND BLESSINGS FROM A GRATEFUL HEART,A THOUSAND BLESSINGS FROM A GRATEFUL HEART,0.0,A THOUSAND BLESSING FROM A GRATEFUL HEART,0.1428571428571428,15.256912209889,test-other,opus,16k,0.1428571428571428,0,0,0,1,0,0,1,0,0,True,False,True,False,True,False,False
1655,5442,32873,3,OH FRIGHTFUL FRIGHTFUL IS IT A DREAM,OH FRIGHTFUL FRIGHTFUL IS IT A DREAM,0.0,OH FRIGHTFUL TRIGHTFUL IS IT A DREAM,0.1428571428571428,15.177206582347342,test-other,mp3,16k,0.1428571428571428,0,0,0,1,0,0,1,0,0,True,False,True,False,True,False,False
1053,3764,168671,20,THE PERMISSION FOR INTERMENT MUST BE EXHIBITED,THE PERMISSION FOR INTERMENT MUST BE EXHIBITED,0.0,THE PERMISSION FOR ENTARMENT MUST BE EXHIBITED,0.1428571428571428,14.997464578672632,test-other,mp3,16k,0.1428571428571428,0,0,0,1,0,0,1,0,0,True,False,True,False,True,False,False
1061,3764,168671,28,HE HAD HARDLY THE STRENGTH TO STAMMER,HE HAD HARDLY THE STRENGTH TO STAMMER,0.0,HE HAD HARDLY THE STRENGTH TO STANMER,0.1428571428571428,14.692877492877493,test-other,mp3,16k,0.1428571428571428,0,0,0,1,0,0,1,0,0,True,False,True,False,True,False,False
1053,3764,168671,20,THE PERMISSION FOR INTERMENT MUST BE EXHIBITED,THE PERMISSION FOR INTERMENT MUST BE EXHIBITED,0.0,THE PERMISSION FOR ENTARMENT MUST BE EXHIBITED,0.1428571428571428,29.92797619047619,test-other,opus,8k,0.1428571428571428,0,0,0,1,0,0,1,0,0,True,False,True,False,True,False,False
2186,7176,88083,27,THEN THE LEADER PARTED FROM THE LINE,THEN THE LEADER PARTED FROM THE LINE,0.0,THEN THE LEADER PARTED FROM THE LIN,0.1428571428571428,3.751608114794656,test-clean,mp3,64k,0.1428571428571428,0,0,0,1,0,0,1,0,0,True,False,True,False,True,False,False
1233,4507,16021,12,WHY SHOULD ONE HALT ON THE WAY,WHY SHOULD ONE HALT ON THE WAY,0.0,WHY SHOULD ONE HAULT ON THE WAY,0.1428571428571428,7.645806057432138,test-clean,mp3,32k,0.1428571428571428,0,0,0,1,0,0,1,0,0,True,False,True,False,True,False,False
2344,7902,96591,24,A FELLOW WHO WAS SHUT UP IN PRISON FOR LIFE MIGHT DO IT HE SAID BUT NOT IN A CASE LIKE THIS,A FELLOW WHO WAS SHUT UP IN PRISON FOR LIFE MIGHT DO IT HE SAID BUT NOT IN A CASE LIKE THIS,0.0,A FELLOW WHO WAS SHUT UP IN PRISON FOR LIFE MIG DOIT HE SAID BUT NOT IN A CASE LIKE THIS,0.1363636363636363,30.799925205684367,test-other,opus,8k,0.1363636363636363,0,0,0,2,1,0,2,1,0,True,False,True,False,True,False,False
2024,6128,63244,11,IF IT BE NECESSARY WE ARE PREPARED TO TAKE CERTAIN STEPS TO CONCILIATE THE SHRINKING,IF IT BE NECESSARY WE ARE PREPARED TO TAKE CERTAIN STEPS TO CONCILIATE THE SHRINKING,0.0,IF IT BE NECESSARY WE ARE PREPARED TO TAKE SETAIN STAPS TO CONCILIATE THE SHRINKING,0.1333333333333333,15.557388939256573,test-other,opus,16k,0.1333333333333333,0,0,0,2,0,0,2,0,0,True,False,True,False,True,False,False
1092,3997,180294,4,I DON'T KNOW HOW IT IS BUT IT SEEMS TO ME AS IF I DO,I DON'T KNOW HOW IT IS BUT IT SEEMS TO ME AS IF I DO,0.0,I DON'T KNOW HOW IT IS BUT IT'S USE TO ME AS IF I DO,0.1333333333333333,15.335553335553335,test-other,mp3,16k,0.1333333333333333,0,0,0,2,0,0,2,0,0,True,False,True,False,True,False,False
1858,672,122797,73,THE WOOD FLAMED UP SPLENDIDLY UNDER THE LARGE BREWING COPPER AND IT SIGHED SO DEEPLY,THE WOOD FLAMED UP SPLENDIDLY UNDER THE LARGE BREWING COPPER AND IT SIGHED SO DEEPLY,0.0,THE WOOD FLAME OT SPLENDIDLY UNDER THE LARGE BREWING COPPER AND IT SIGHED SO DEEPLY,0.1333333333333333,31.7502417794971,test-clean,opus,8k,0.1333333333333333,0,0,0,2,0,0,2,0,0,True,False,True,False,True,False,False
386,1580,141083,52,OH I WOULD NOT VENTURE TO SAY SIR,OH I WOULD NOT VENTURE TO SAY SIR,0.0,OH I WOULD NOT VENTURE TO FAY SIR,0.125,15.173465183353937,test-clean,mp3,16k,0.125,0,0,0,1,0,0,1,0,0,True,False,True,False,True,False,False
824,2830,3980,27,AND ALL THE BRETHREN WHICH ARE WITH ME,AND ALL THE BRETHREN WHICH ARE WITH ME,0.0,AND ALL THE BRETHRON WHICH ARE WITH ME,0.125,14.610809724733777,test-clean,mp3,16k,0.125,0,0,0,1,0,0,1,0,0,True,False,True,False,True,False,False
2747,8188,269290,16,JANE HERIOT'S VOICE WAS HEARD IN THE PASSAGE,JANE HERIOT'S VOICE WAS HEARD IN THE PASSAGE,0.0,JANE HERIT'S VOICE WAS HEARD IN THE PASSAGE,0.125,10.157251404030394,test-other,mp3,24k,0.125,0,0,0,1,0,0,1,0,0,True,False,True,False,True,False,False
720,3528,168669,25,YOU KNOW THAT A MOTHER DIED THIS MORNING,YOU KNOW THAT A MOTHER DIED THIS MORNING,0.0,YOU KNOW THAT AR MOTHER DIED THIS MORNING,0.125,14.824838898652606,test-other,mp3,16k,0.125,0,0,0,1,0,0,1,0,0,True,False,True,False,True,False,False
2190,7018,75788,2,HEARING THIS I WAS SORE TROUBLED REMEMBERING WHAT I HAD BEFORE SUFFERED FROM THE APE KIND,HEARING THIS I WAS SORE TROUBLED REMEMBERING WHAT I HAD BEFORE SUFFERED FROM THE APE KIND,0.0,HERING THIS I WAS SOR TROUBLED REMEMBERING WHAT I HAD BEFORE SUFFERED FROM THE APE KIND,0.125,10.38657518217116,test-other,mp3,24k,0.125,0,0,0,2,0,0,2,0,0,True,False,True,False,True,False,False
824,2830,3980,27,AND ALL THE BRETHREN WHICH ARE WITH ME,AND ALL THE BRETHREN WHICH ARE WITH ME,0.0,AND ALL THE BREDROOM WHICH ARE WITH ME,0.125,30.48972746331237,test-clean,opus,8k,0.125,0,0,0,1,0,0,1,0,0,True,False,True,False,True,False,False
2584,8131,117016,29,TO FIND A PHONE AND CALL THE WAGON,TO FIND A PHONE AND CALL THE WAGON,0.0,TO FIND A PHRONE AND CALL THE WAGON,0.125,10.033916969496753,test-other,mp3,24k,0.125,0,0,0,1,0,0,1,0,0,True,False,True,False,True,False,False
2662,8131,117029,12,THERE WAS A GRIN ON THE OTHER'S FACE,THERE WAS A GRIN ON THE OTHER'S FACE,0.0,THERE WAS A GRIN ON THE OTHER' FACE,0.125,10.05011122819342,test-other,mp3,24k,0.125,0,0,0,1,0,0,1,0,0,True,False,True,False,True,False,False
2531,7975,280084,13,WHAT KEPT YOU SO LONG I ASKED PITTS,WHAT KEPT YOU SO LONG I ASKED PITTS,0.0,BAT KEPT YOU SO LONG I ASKED PITTS,0.125,9.889568883448932,test-other,mp3,24k,0.125,0,0,0,1,0,0,1,0,0,True,False,True,False,True,False,False
979,3764,168670,4,EVERYTHING IS ARRANGED AND NOTHING IS SAID FAUCHELEVENT,EVERYTHING IS ARRANGED AND NOTHING IS SAID FAUCHELEVENT,0.0,EVERYTHING IS RANGED AND NOTHING IS SAID FAUCHELEVENT,0.125,32.265241128298456,test-other,opus,8k,0.125,0,0,0,1,0,0,1,0,0,True,False,True,False,True,False,False
979,3764,168670,4,EVERYTHING IS ARRANGED AND NOTHING IS SAID FAUCHELEVENT,EVERYTHING IS ARRANGED AND NOTHING IS SAID FAUCHELEVENT,0.0,EVERYTHING IS RANGED AND NOTHING IS SAID FAUCHELEVENT,0.125,15.256319242766484,test-other,mp3,16k,0.125,0,0,0,1,0,0,1,0,0,True,False,True,False,True,False,False
486,1995,1837,5,SHE WAS SO STRANGE AND HUMAN A CREATURE,SHE WAS SO STRANGE AND HUMAN A CREATURE,0.0,SHE WAS SO STRANGE AN HUMAN A CREATURE,0.125,10.0080635598245,test-clean,mp3,24k,0.125,0,0,0,1,0,0,1,0,0,True,False,True,False,True,False,False
536,3005,163399,19,MISSUS PHELPS SHE JUMPS FOR HIM AND SAYS,MISSUS PHELPS SHE JUMPS FOR HIM AND SAYS,0.0,MISSUS PHELP SHE JUMPS FOR HIM AND SAYS,0.125,14.96728478818031,test-other,mp3,16k,0.125,0,0,0,1,0,0,1,0,0,True,False,True,False,True,False,False
2062,7021,85628,2,HE WAS SUCH A BIG BOY THAT HE WORE HIGH BOOTS AND CARRIED A JACK KNIFE,HE WAS SUCH A BIG BOY THAT HE WORE HIGH BOOTS AND CARRIED A JACK KNIFE,0.0,HE WAS SUCH A BIG BOY THAT HE WORE HIGH BOOTS AND CARRIED A JACKKNIFE,0.125,21.03828140908165,test-clean,opus,12k,0.125,0,0,0,1,1,0,1,1,0,True,False,True,False,True,False,False
2584,8131,117016,29,TO FIND A PHONE AND CALL THE WAGON,TO FIND A PHONE AND CALL THE WAGON,0.0,TO FIND A PHRONE AND CALL THE WAGON,0.125,7.572342724175185,test-other,mp3,32k,0.125,0,0,0,1,0,0,1,0,0,True,False,True,False,True,False,False
2790,8188,274364,1,IN THE GOVERNMENT OF IRELAND HIS ADMINISTRATION HAD BEEN EQUALLY PROMOTIVE OF HIS MASTER'S INTEREST AND THAT OF THE SUBJECTS COMMITTED TO HIS CARE,IN THE GOVERNMENT OF IRELAND HIS ADMINISTRATION HAD BEEN EQUALLY PROMOTIVE OF HIS MASTER'S INTEREST AND THAT OF THE SUBJECTS COMMITTED TO HIS CARE,0.0,IN THE GOVERNMENT OF IRELAND THIS ADMINISTRATION HAD BEEN EQUALLY PROMOTIVE OF HIS MASTER'S INTEREST AND THAT OF THE SUBJECTS COMMITTED TO IT HERE,0.125,32.306387921022065,test-other,opus,8k,0.125,0,0,0,3,0,0,3,0,0,True,False,True,False,True,False,False
2747,8188,269290,16,JANE HERIOT'S VOICE WAS HEARD IN THE PASSAGE,JANE HERIOT'S VOICE WAS HEARD IN THE PASSAGE,0.0,JANE HERIT'S VOICE WAS HEARD IN THE PASSAGE,0.125,16.59553796329615,test-other,opus,16k,0.125,0,0,0,1,0,0,1,0,0,True,False,True,False,True,False,False
536,3005,163399,19,MISSUS PHELPS SHE JUMPS FOR HIM AND SAYS,MISSUS PHELPS SHE JUMPS FOR HIM AND SAYS,0.0,MISSUS PHELIPS SHE JUMPS FOR HIM AND SAYS,0.125,10.092304564399717,test-other,mp3,24k,0.125,0,0,0,1,0,0,1,0,0,True,False,True,False,True,False,False
1717,5442,41169,17,BUT ONE'S WORK IS THROWN IN FOR NOTHING,BUT ONE'S WORK IS THROWN IN FOR NOTHING,0.0,BUT ONE'S WORK IS SHROWN IN FOR NOTHING,0.125,20.50762066045724,test-other,opus,12k,0.125,0,0,0,1,0,0,1,0,0,True,False,True,False,True,False,False
2747,8188,269290,16,JANE HERIOT'S VOICE WAS HEARD IN THE PASSAGE,JANE HERIOT'S VOICE WAS HEARD IN THE PASSAGE,0.0,JANE HERIT'S VOICE WAS HEARD IN THE PASSAGE,0.125,21.987604290822407,test-other,opus,12k,0.125,0,0,0,1,0,0,1,0,0,True,False,True,False,True,False,False
1637,533,131564,13,NOT YEARS FOR SHE'S ONLY FIVE AND TWENTY,NOT YEARS FOR SHE'S ONLY FIVE AND TWENTY,0.0,NOT YEARS FOR SHE'S ONLY FIVE AND TWLENTY,0.125,20.995437413211665,test-other,opus,12k,0.125,0,0,0,1,0,0,1,0,0,True,False,True,False,True,False,False
2747,8188,269290,16,JANE HERIOT'S VOICE WAS HEARD IN THE PASSAGE,JANE HERIOT'S VOICE WAS HEARD IN THE PASSAGE,0.0,JANE HERIT'S VOICE WAS HEARD IN THE PASSAGE,0.125,3.851434297883001,test-other,mp3,64k,0.125,0,0,0,1,0,0,1,0,0,True,False,True,False,True,False,False
317,2414,128292,27,THEY SLEEP QUIETLY THEY ENJOY THEIR NEW SECURITY,THEY SLEEP QUIETLY THEY ENJOY THEIR NEW SECURITY,0.0,THEYS SLEEP QUIETLY THEY ENJOY THEIR NEW SECURITY,0.125,10.283511030644403,test-other,mp3,24k,0.125,0,0,0,1,0,0,1,0,0,True,False,True,False,True,False,False
1637,533,131564,13,NOT YEARS FOR SHE'S ONLY FIVE AND TWENTY,NOT YEARS FOR SHE'S ONLY FIVE AND TWENTY,0.0,NOT YEARS FOR SHE'S ONLY FIVE AND TWLENTY,0.125,15.134849134849135,test-other,mp3,16k,0.125,0,0,0,1,0,0,1,0,0,True,False,True,False,True,False,False
1903,6829,68769,43,AND HE DESERVES A TERM IN STATE'S PRISON,AND HE DESERVES A TERM IN STATE'S PRISON,0.0,AND HE DESERVES A TERM IN STATES PRISON,0.125,3.561499162838621,test-clean,opus,64k,0.125,0,0,0,1,0,0,1,0,0,True,False,True,False,True,False,False
1717,5442,41169,17,BUT ONE'S WORK IS THROWN IN FOR NOTHING,BUT ONE'S WORK IS THROWN IN FOR NOTHING,0.0,BUT ONE'S WORK IS SHROWN IN FOR NOTHING,0.125,15.803915171288743,test-other,opus,16k,0.125,0,0,0,1,0,0,1,0,0,True,False,True,False,True,False,False
2062,7021,85628,2,HE WAS SUCH A BIG BOY THAT HE WORE HIGH BOOTS AND CARRIED A JACK KNIFE,HE WAS SUCH A BIG BOY THAT HE WORE HIGH BOOTS AND CARRIED A JACK KNIFE,0.0,HE WAS SUCH A BIG BOY THAT HE WORE HIGH BOOTS AND CARRIED A JACKKNIFE,0.125,15.99117783624826,test-clean,opus,16k,0.125,0,0,0,1,1,0,1,1,0,True,False,True,False,True,False,False
1903,6829,68769,43,AND HE DESERVES A TERM IN STATE'S PRISON,AND HE DESERVES A TERM IN STATE'S PRISON,0.0,AND HE DESERVES O TERM IN STATE'S PRISON,0.125,20.9489898989899,test-clean,opus,12k,0.125,0,0,0,1,0,0,1,0,0,True,False,True,False,True,False,False
486,1995,1837,5,SHE WAS SO STRANGE AND HUMAN A CREATURE,SHE WAS SO STRANGE AND HUMAN A CREATURE,0.0,SHE WAS SO STRANGE IN HUMAN A CREATURE,0.125,15.55436785845927,test-clean,opus,16k,0.125,0,0,0,1,0,0,1,0,0,True,False,True,False,True,False,False
824,2830,3980,27,AND ALL THE BRETHREN WHICH ARE WITH ME,AND ALL THE BRETHREN WHICH ARE WITH ME,0.0,AND ALL THE BRETHROOM WHICH ARE WITH ME,0.125,15.773969631236442,test-clean,opus,16k,0.125,0,0,0,1,0,0,1,0,0,True,False,True,False,True,False,False
1903,6829,68769,43,AND HE DESERVES A TERM IN STATE'S PRISON,AND HE DESERVES A TERM IN STATE'S PRISON,0.0,AND HE DESERVES A TERM IN STATES PRISON,0.125,16.17430298303763,test-clean,opus,16k,0.125,0,0,0,1,0,0,1,0,0,True,False,True,False,True,False,False
2062,7021,85628,2,HE WAS SUCH A BIG BOY THAT HE WORE HIGH BOOTS AND CARRIED A JACK KNIFE,HE WAS SUCH A BIG BOY THAT HE WORE HIGH BOOTS AND CARRIED A JACK KNIFE,0.0,HE WAS SUCH A BIG BOY THAT HE WORE HIGH BOOTS AND CARRIED A JACKKNIFE,0.125,15.502888438742591,test-clean,mp3,16k,0.125,0,0,0,1,1,0,1,1,0,True,False,True,False,True,False,False
317,2414,128292,27,THEY SLEEP QUIETLY THEY ENJOY THEIR NEW SECURITY,THEY SLEEP QUIETLY THEY ENJOY THEIR NEW SECURITY,0.0,THEY SLEEP QUIETLY THEY ENJOY THEIR NEW SCURITY,0.125,15.309773385245084,test-other,mp3,16k,0.125,0,0,0,1,0,0,1,0,0,True,False,True,False,True,False,False
1852,5764,299665,48,COULD THESE COUNTRIES HAVE BEEN WORSE WITHOUT RELIGION,COULD THESE COUNTRIES HAVE BEEN WORSE WITHOUT RELIGION,0.0,COUD THESE COUNTRIES HAVE BEEN WORSE WITHOUT RELIGION,0.125,32.14411990776326,test-other,opus,8k,0.125,0,0,0,1,0,0,1,0,0,True,False,True,False,True,False,False
824,2830,3980,27,AND ALL THE BRETHREN WHICH ARE WITH ME,AND ALL THE BRETHREN WHICH ARE WITH ME,0.0,AND ALL THE BRETHRON WHICH ARE WITH ME,0.125,20.46664790318041,test-clean,opus,12k,0.125,0,0,0,1,0,0,1,0,0,True,False,True,False,True,False,False
2062,7021,85628,2,HE WAS SUCH A BIG BOY THAT HE WORE HIGH BOOTS AND CARRIED A JACK KNIFE,HE WAS SUCH A BIG BOY THAT HE WORE HIGH BOOTS AND CARRIED A JACK KNIFE,0.0,HE WAS SUCH A BIG BOY THAT HE WORE HIGH BOOTS AND CARRIED A JACKNIFE,0.125,31.50930161634645,test-clean,opus,8k,0.125,0,0,0,1,1,0,1,1,0,True,False,True,False,True,False,False
824,2830,3980,27,AND ALL THE BRETHREN WHICH ARE WITH ME,AND ALL THE BRETHREN WHICH ARE WITH ME,0.0,AND ALL THE BRETHRON WHICH ARE WITH ME,0.125,9.889568883448932,test-clean,mp3,24k,0.125,0,0,0,1,0,0,1,0,0,True,False,True,False,True,False,False
486,1995,1837,5,SHE WAS SO STRANGE AND HUMAN A CREATURE,SHE WAS SO STRANGE AND HUMAN A CREATURE,0.0,SHE WAS SO STRANGE IN HUMAN A CREATURE,0.125,14.814463752852378,test-clean,mp3,16k,0.125,0,0,0,1,0,0,1,0,0,True,False,True,False,True,False,False
1984,6930,76324,12,WE'LL COME IN HERE THIS AFTERNOON WITH OLD CLOTHES ON AND HAVE A REGULAR HOUSE CLEANING,WE'LL COME IN HERE THIS AFTERNOON WITH OLD CLOTHES ON AND HAVE A REGULAR HOUSE CLEANING,0.0,WE'LL COME IN HERE THIS AFTERNOON WITH  OLD CLOTHES ON AND HALF A REGULAR HOUSE CLEANGING,0.125,19.90623747829571,test-clean,opus,12k,0.125,0,0,0,2,0,0,2,0,0,True,False,True,False,True,False,False
2747,8188,269290,16,JANE HERIOT'S VOICE WAS HEARD IN THE PASSAGE,JANE HERIOT'S VOICE WAS HEARD IN THE PASSAGE,0.0,JANE HERIK'S VOICE WAS HEARD IN THE PASSAGE,0.125,15.04943710230054,test-other,mp3,16k,0.125,0,0,0,1,0,0,1,0,0,True,False,True,False,True,False,False
1717,5442,41169,17,BUT ONE'S WORK IS THROWN IN FOR NOTHING,BUT ONE'S WORK IS THROWN IN FOR NOTHING,0.0,BUT ONE'S WORK IS SOWN IN FOR NOTHING,0.125,14.92957312374788,test-other,mp3,16k,0.125,0,0,0,1,0,0,1,0,0,True,False,True,False,True,False,False
1548,4852,28330,18,HE THEN WENT ON TO DESCRIBE WHAT ELSE WAS TO FOLLOW THE COVERING OF THE SHIP WITH LEAVES TO MAKE IT BLEND WITH ITS SURROUNDINGS,HE THEN WENT ON TO DESCRIBE WHAT ELSE WAS TO FOLLOW THE COVERING OF THE SHIP WITH LEAVES TO MAKE IT BLEND WITH ITS SURROUNDINGS,0.0,HE THEN WENT ON TO THE SCRY WHAT ELSE WAS TO FOLLOW THE COVERING OF THE SHIFP WITH LEAVES TO MAKE IT BLEND WITH ITS SURROUNDINGS,0.12,31.108882104957114,test-other,opus,8k,0.12,0,0,0,2,0,1,2,0,1,True,False,True,False,True,False,False
267,2414,128291,4,ANSWERED HE THE SAME THAT THOU SEEKEST THOU MISCHIEF MAKER THAT IS TO SAY HAPPINESS UPON EARTH,ANSWERED HE THE SAME THAT THOU SEEKEST THOU MISCHIEF MAKER THAT IS TO SAY HAPPINESS UPON EARTH,0.0,ANSWERED HE THE SAME THAT THOU SEEKEST THOU MISCHIEF MAY GOOD THAT IS TO SAY HAPPINESS UPON EARTH,0.1176470588235294,10.490382503373183,test-other,mp3,24k,0.1176470588235294,0,0,0,1,0,1,1,0,1,True,False,True,False,True,False,False
921,3570,5694,1,THE UTILITY OF CONSUMPTION AS AN EVIDENCE OF WEALTH IS TO BE CLASSED AS A DERIVATIVE GROWTH,THE UTILITY OF CONSUMPTION AS AN EVIDENCE OF WEALTH IS TO BE CLASSED AS A DERIVATIVE GROWTH,0.0,THE UTILITY OF CONSUMPTION AS AN EVIDENCE OF WEALTHS IS TO BE CLASSED AS A DERIVIT GROWTH,0.1176470588235294,31.486655112651647,test-clean,opus,8k,0.1176470588235294,0,0,0,2,0,0,2,0,0,True,False,True,False,True,False,False
267,2414,128291,4,ANSWERED HE THE SAME THAT THOU SEEKEST THOU MISCHIEF MAKER THAT IS TO SAY HAPPINESS UPON EARTH,ANSWERED HE THE SAME THAT THOU SEEKEST THOU MISCHIEF MAKER THAT IS TO SAY HAPPINESS UPON EARTH,0.0,ANSWERED HE THE SAME THAT THOU SEEKEST THOU MISCHIEF MAY GOOD THAT IS TO SAY HAPPINESS UPON EARTH,0.1176470588235294,7.881698375651272,test-other,mp3,32k,0.1176470588235294,0,0,0,1,0,1,1,0,1,True,False,True,False,True,False,False
267,2414,128291,4,ANSWERED HE THE SAME THAT THOU SEEKEST THOU MISCHIEF MAKER THAT IS TO SAY HAPPINESS UPON EARTH,ANSWERED HE THE SAME THAT THOU SEEKEST THOU MISCHIEF MAKER THAT IS TO SAY HAPPINESS UPON EARTH,0.0,ANSWERED HE THE SAME THAT THOU SEEKEST THOU MISCHIEF MAY GOOD THAT IS TO SAY HAPPINESS UPON EARTH,0.1176470588235294,15.680221377984148,test-other,mp3,16k,0.1176470588235294,0,0,0,1,0,1,1,0,1,True,False,True,False,True,False,False
497,1995,1837,16,FOR ONE LONG MOMENT HE PAUSED STUPID AGAPE WITH UTTER AMAZEMENT THEN LEANED DIZZILY AGAINST A TREE,FOR ONE LONG MOMENT HE PAUSED STUPID AGAPE WITH UTTER AMAZEMENT THEN LEANED DIZZILY AGAINST A TREE,0.0,FOR ONE LONG MOMENT HE PAUSED STUPID A GAPE WITH UTTER AMAZEMENT THEN LEANED DIZZILY AGAINST A TREE,0.1176470588235294,7.851738136662914,test-clean,mp3,32k,0.1176470588235294,0,0,0,1,0,1,1,0,1,True,False,True,False,True,False,False
1379,4350,10919,31,FINALLY HIS DECISION WAS PRONOUNCED THEY WERE TO GO ABROAD BUT TO PUT NO FAITH IN FOREIGN QUACKS AND TO APPLY TO HIM IN ANY NEED,FINALLY HIS DECISION WAS PRONOUNCED THEY WERE TO GO ABROAD BUT TO PUT NO FAITH IN FOREIGN QUACKS AND TO APPLY TO HIM IN ANY NEED,0.0,FINALLY HIS DECISION WAS PRONOUNCED THEY WERE TO GO ABROAD BUT TO PUT NO FATE IN FOREIGN QUACK AND TO APPLY TO HIM AND ANY NEED,0.1153846153846153,15.60190942779976,test-other,mp3,16k,0.1153846153846153,0,0,0,3,0,0,3,0,0,True,False,True,False,True,False,False
582,2300,131720,10,IT COULD NOT BE USED FOR ELECTROPLATING OR DEPOSITION NOR COULD IT CHARGE STORAGE BATTERIES ALL OF WHICH ARE EASILY WITHIN THE ABILITY OF THE DIRECT CURRENT,IT COULD NOT BE USED FOR ELECTROPLATING OR DEPOSITION NOR COULD IT CHARGE STORAGE BATTERIES ALL OF WHICH ARE EASILY WITHIN THE ABILITY OF THE DIRECT CURRENT,0.0,IT COULD NOT BE USED FOR ELECTROPLATING OR DEPOSITION NOR COULD IT CHARGE STORAGE BATTERIES ALL OF WHICH ARE EASILY WITH IMTEABILITY OF THE DIRECT CURRENT,0.1111111111111111,7.896527350251955,test-clean,mp3,32k,0.1111111111111111,0,0,0,2,1,0,2,1,0,True,False,True,False,True,False,False
571,3080,5032,23,WE HAVE HAD ANOTHER DEBATE BUT MUCH MORE CALMLY,WE HAVE HAD ANOTHER DEBATE BUT MUCH MORE CALMLY,0.0,WE HAVE HAD ANOTHER DEBAKE BUT MUCH MORE CALMLY,0.1111111111111111,33.16548866682915,test-other,opus,8k,0.1111111111111111,0,0,0,1,0,0,1,0,0,True,False,True,False,True,False,False
1086,3764,168671,53,THE GRAVE DIGGER WENT ON WITH A SUPERIOR SMILE,THE GRAVE DIGGER WENT ON WITH A SUPERIOR SMILE,0.0,THE GREY DIGGER WENT ON WITH A SUPERIOR SMILE,0.1111111111111111,10.21393955414574,test-other,mp3,24k,0.1111111111111111,0,0,0,1,0,0,1,0,0,True,False,True,False,True,False,False
79,1688,142285,79,NO MAMMA THAT ANNE BUCKLEY WOULD NEVER HAVE DONE,NO MAMMA THAT ANNE BUCKLEY WOULD NEVER HAVE DONE,0.0,NO MAMMA THAT ANNE BUKLEY WOULD NEVER HAVE DONE,0.1111111111111111,10.222388930565977,test-other,mp3,24k,0.1111111111111111,0,0,0,1,0,0,1,0,0,True,False,True,False,True,False,False
1419,5105,28240,2,EXCLAIMED SERVADAC KEEPING HIS EYE UNMOVED AT HIS TELESCOPE,EXCLAIMED SERVADAC KEEPING HIS EYE UNMOVED AT HIS TELESCOPE,0.0,EXCLAIMD SERVADAC KEEPING HIS EYE UNMOVED AT HIS TELESCOPE,0.1111111111111111,15.225661093323849,test-clean,mp3,16k,0.1111111111111111,0,0,0,1,0,0,1,0,0,True,False,True,False,True,False,False
2079,7021,85628,19,WITH ONE JUMP ANDERS GOT OUT OF HIS CHAIR,WITH ONE JUMP ANDERS GOT OUT OF HIS CHAIR,0.0,WITH ONE JUMP ANDEWS GOT OUT OF HIS CHAIR,0.1111111111111111,31.359205776173287,test-clean,opus,8k,0.1111111111111111,0,0,0,1,0,0,1,0,0,True,False,True,False,True,False,False
2079,7021,85628,19,WITH ONE JUMP ANDERS GOT OUT OF HIS CHAIR,WITH ONE JUMP ANDERS GOT OUT OF HIS CHAIR,0.0,WITH ONE JUMP ANDRERS GOT OUT OF HIS CHAIR,0.1111111111111111,15.06111833550065,test-clean,mp3,16k,0.1111111111111111,0,0,0,1,0,0,1,0,0,True,False,True,False,True,False,False
2260,7729,102255,27,FOOTNOTE SUMNER TO SHANNON MAY TWELFTH EIGHTEEN FIFTY SIX,FOOTNOTE SUMNER TO SHANNON MAY TWELFTH EIGHTEEN FIFTY SIX,0.0,FOTNOTE SUMNER TO SHANNON MAY TWELFTH EIGHTEEN FIFTY SIX,0.1111111111111111,16.264131463477586,test-clean,opus,16k,0.1111111111111111,0,0,0,1,0,0,1,0,0,True,False,True,False,True,False,False
1831,672,122797,46,TIS NOW WINTER OUT OF DOORS THOUGHT THE TREE,TIS NOW WINTER OUT OF DOORS THOUGHT THE TREE,0.0,TIS NO WINTER OUT OF DOORS THOUGHT THE TREE,0.1111111111111111,15.402305887154371,test-clean,mp3,16k,0.1111111111111111,0,0,0,1,0,0,1,0,0,True,False,True,False,True,False,False
1873,5764,299665,69,IF WE BUILD WE MUST BEGIN AT THE BOTTOM,IF WE BUILD WE MUST BEGIN AT THE BOTTOM,0.0,IF WE BUILD WE MUST BEGIN AT HE BOTTOM,0.1111111111111111,3.7447269148761686,test-other,opus,64k,0.1111111111111111,0,0,0,1,0,0,1,0,0,True,False,True,False,True,False,False
2260,7729,102255,27,FOOTNOTE SUMNER TO SHANNON MAY TWELFTH EIGHTEEN FIFTY SIX,FOOTNOTE SUMNER TO SHANNON MAY TWELFTH EIGHTEEN FIFTY SIX,0.0,FOTNOTE SUMNER TO SHANNON MAY TWELFTH EIGHTEEN FIFTY SIX,0.1111111111111111,21.537883103566134,test-clean,opus,12k,0.1111111111111111,0,0,0,1,0,0,1,0,0,True,False,True,False,True,False,False
1233,4198,12281,14,CAN YOU TELL WITH WHAT INSTRUMENTS THEY DID IT,CAN YOU TELL WITH WHAT INSTRUMENTS THEY DID IT,0.0,CAN YOU TELL WITH WHAT INSTRUMENTS THEY DID I,0.1111111111111111,16.38216382443388,test-other,opus,16k,0.1111111111111111,0,0,0,1,0,0,1,0,0,True,False,True,False,True,False,False
79,1688,142285,79,NO MAMMA THAT ANNE BUCKLEY WOULD NEVER HAVE DONE,NO MAMMA THAT ANNE BUCKLEY WOULD NEVER HAVE DONE,0.0,NO MAMMA THAT ANNE BUKLEY WOULD NEVER HAVE DONE,0.1111111111111111,14.362103290783464,test-other,opus,16k,0.1111111111111111,0,0,0,1,0,0,1,0,0,True,False,True,False,True,False,False
2678,8188,269288,5,WHY YOU WILL BE PARTING FROM ME YOU KNOW,WHY YOU WILL BE PARTING FROM ME YOU KNOW,0.0,WHY YOU WILL BE PARTED FROM ME YOU KNOW,0.1111111111111111,21.490273224043715,test-other,opus,12k,0.1111111111111111,0,0,0,1,0,0,1,0,0,True,False,True,False,True,False,False
1718,5442,41169,18,OH WELL ONE DOES IT WHAT WOULD YOU HAVE,OH WELL ONE DOES IT WHAT WOULD YOU HAVE,0.0,OH WELL ONE OF IT WHAT WOULD YOU HAVE,0.1111111111111111,31.34441687344913,test-other,opus,8k,0.1111111111111111,0,0,0,1,0,0,1,0,0,True,False,True,False,True,False,False
1086,3764,168671,53,THE GRAVE DIGGER WENT ON WITH A SUPERIOR SMILE,THE GRAVE DIGGER WENT ON WITH A SUPERIOR SMILE,0.0,THE GREY DIGGER WENT ON WITH A SUPERIOR SMILE,0.1111111111111111,15.170527417877242,test-other,mp3,16k,0.1111111111111111,0,0,0,1,0,0,1,0,0,True,False,True,False,True,False,False
1873,5764,299665,69,IF WE BUILD WE MUST BEGIN AT THE BOTTOM,IF WE BUILD WE MUST BEGIN AT THE BOTTOM,0.0,IF WE BUILD WE MUST BEGIN AT HE BOTTOM,0.1111111111111111,1.9227258181328213,test-other,mp3,128k,0.1111111111111111,0,0,0,1,0,0,1,0,0,True,False,True,False,True,False,False
2678,8188,269288,5,WHY YOU WILL BE PARTING FROM ME YOU KNOW,WHY YOU WILL BE PARTING FROM ME YOU KNOW,0.0,WHY YOU WILL BE PARTIN FROM ME YOU KNOW,0.1111111111111111,7.623323253469799,test-other,mp3,32k,0.1111111111111111,0,0,0,1,0,0,1,0,0,True,False,True,False,True,False,False
24,1688,142285,24,PAPA I DO THINK MISTER THORNTON A VERY REMARKABLE MAN BUT PERSONALLY I DON'T LIKE HIM AT ALL,PAPA I DO THINK MISTER THORNTON A VERY REMARKABLE MAN BUT PERSONALLY I DON'T LIKE HIM AT ALL,0.0,PAPA I DO THINK MISTER THORNTON A VERY REMARKABLE MAN BUT PURS ME I DON'T LIKE HIM AT ALL,0.1111111111111111,29.226982680036464,test-other,opus,8k,0.1111111111111111,0,0,0,1,0,1,1,0,1,True,False,True,False,True,False,False
2481,7975,280063,5,I THINK HE'LL BE RATHER TOUGH MEAT FOR BREAKFAST I REPLIED HE MIGHT BE ALL RIGHT FOR DINNER,I THINK HE'LL BE RATHER TOUGH MEAT FOR BREAKFAST I REPLIED HE MIGHT BE ALL RIGHT FOR DINNER,0.0,I THINK HE'LL BE REDETOH MEAT FOR BREAKFAST I REPLIED HE MIGHT BE ALL RIGHT FOR DINNER,0.1111111111111111,15.313570902974876,test-other,mp3,16k,0.1111111111111111,0,0,0,1,1,0,1,1,0,True,False,True,False,True,False,False
2678,8188,269288,5,WHY YOU WILL BE PARTING FROM ME YOU KNOW,WHY YOU WILL BE PARTING FROM ME YOU KNOW,0.0,WHY YOU WILL BE PARTED FROM ME YOU KNOW,0.1111111111111111,14.98521566834324,test-other,mp3,16k,0.1111111111111111,0,0,0,1,0,0,1,0,0,True,False,True,False,True,False,False
2186,6938,70848,29,A NEW HUMANITY WILL BE BORN OF THIS WAR,A NEW HUMANITY WILL BE BORN OF THIS WAR,0.0,A NEW HUMANITY WILL BE BORN OP THIS WAR,0.1111111111111111,15.195440186787527,test-other,mp3,16k,0.1111111111111111,0,0,0,1,0,0,1,0,0,True,False,True,False,True,False,False
2260,7729,102255,27,FOOTNOTE SUMNER TO SHANNON MAY TWELFTH EIGHTEEN FIFTY SIX,FOOTNOTE SUMNER TO SHANNON MAY TWELFTH EIGHTEEN FIFTY SIX,0.0,FOTNOTE SUMNER TO SHANNON MAY TWELFTH EIGHTEEN FIFTY SIX,0.1111111111111111,7.787994891443168,test-clean,mp3,32k,0.1111111111111111,0,0,0,1,0,0,1,0,0,True,False,True,False,True,False,False
79,1688,142285,79,NO MAMMA THAT ANNE BUCKLEY WOULD NEVER HAVE DONE,NO MAMMA THAT ANNE BUCKLEY WOULD NEVER HAVE DONE,0.0,NO MAMMA THAT ANNE BUXLEY WOULD NEVER HAVE DONE,0.1111111111111111,15.191130930261364,test-other,mp3,16k,0.1111111111111111,0,0,0,1,0,0,1,0,0,True,False,True,False,True,False,False
741,3528,168669,46,IF YOU HAD A LITTLE MORE FAITH AND IF YOU COULD HAVE BEEN IN HER CELL SHE WOULD HAVE CURED YOUR LEG MERELY BY TOUCHING IT SHE SMILED,IF YOU HAD A LITTLE MORE FAITH AND IF YOU COULD HAVE BEEN IN HER CELL SHE WOULD HAVE CURED YOUR LEG MERELY BY TOUCHING IT SHE SMILED,0.0,IF YOU HAD A LITTLE MORE FAITH AND IF YOU COULD HAVE BEEN IN HERSELF SHE WOULD HAVE CURED HER LEG MERELY BY TOUCHING IT SHE SMILED,0.1071428571428571,32.085419001369694,test-other,opus,8k,0.1071428571428571,0,0,0,2,1,0,2,1,0,True,False,True,False,True,False,False
741,3528,168669,46,IF YOU HAD A LITTLE MORE FAITH AND IF YOU COULD HAVE BEEN IN HER CELL SHE WOULD HAVE CURED YOUR LEG MERELY BY TOUCHING IT SHE SMILED,IF YOU HAD A LITTLE MORE FAITH AND IF YOU COULD HAVE BEEN IN HER CELL SHE WOULD HAVE CURED YOUR LEG MERELY BY TOUCHING IT SHE SMILED,0.0,IF YOU HAD A LITTLE MORE FAITH AND IF YOU COULD HAVE BEEN IN HERCELF SHE WOULD HAVE CURED YOR LEG MERELY BY TOUCHING IT SHE SMILED,0.1071428571428571,15.619688428199067,test-other,mp3,16k,0.1071428571428571,0,0,0,2,1,0,2,1,0,True,False,True,False,True,False,False
2187,7176,92135,0,HE IS A WELCOME FIGURE AT THE GARDEN PARTIES OF THE ELECT WHO ARE ALWAYS READY TO ENCOURAGE HIM BY ACCEPTING FREE SEATS FOR HIS PLAY ACTOR MANAGERS NOD TO HIM EDITORS ALLOW HIM TO CONTRIBUTE WITHOUT CHARGE TO A SYMPOSIUM ON THE PRICE OF GOLF BALLS,HE IS A WELCOME FIGURE AT THE GARDEN PARTIES OF THE ELECT WHO ARE ALWAYS READY TO ENCOURAGE HIM BY ACCEPTING FREE SEATS FOR HIS PLAY ACTOR MANAGERS NOD TO HIM EDITORS ALLOW HIM TO CONTRIBUTE WITHOUT CHARGE TO A SYMPOSIUM ON THE PRICE OF GOLF BALLS,0.0,HE IS A WELCOME FIGURE AT THE GARDEN PARTIES OF THE ELECT WHO ARE ALWAYS READY TO ENCOURAGE HIM BY ACCEPTING FREE SEATS FOR HIS PLAY ACTOR MANAGERS NODD TO HIM EDITORS ALLOW HIM TO CONTRIBUTE WITHOUT CHARGE TO HIS IMPOSIUM ON THE PRICE OF GOLTHBALLS,0.1063829787234042,30.653180340916627,test-clean,opus,8k,0.1063829787234042,0,0,0,4,1,0,4,1,0,True,False,True,False,True,False,False
1951,6070,86745,0,THEN SHOULD ANYTHING APPEAR TO MERIT A MORE MINUTE EXAMINATION ALBERT DE MORCERF COULD FOLLOW UP HIS RESEARCHES BY MEANS OF A SMALL GATE SIMILAR TO THAT CLOSE TO THE CONCIERGE'S DOOR AND WHICH MERITS A PARTICULAR DESCRIPTION,THEN SHOULD ANYTHING APPEAR TO MERIT A MORE MINUTE EXAMINATION ALBERT DE MORCERF COULD FOLLOW UP HIS RESEARCHES BY MEANS OF A SMALL GATE SIMILAR TO THAT CLOSE TO THE CONCIERGE'S DOOR AND WHICH MERITS A PARTICULAR DESCRIPTION,0.0,THEN SHOULD ANYTHING APPEAR TO MERIT A MORE MINUTE EXAMINATION ALBERT DE MORCERFE WOULD FOLLOW UP HIS RESEARCHES BY MEANS OF A SMALL GATE SIMILAR TO THAT CLOSE TO THE CONCIERGE DOR AND WHICH MERITS A PARTICULAR DESCRIPTION,0.1052631578947368,30.594307270233195,test-other,opus,8k,0.1052631578947368,0,0,0,4,0,0,4,0,0,True,False,True,False,True,False,False
2891,8461,278226,7,BUT SHE FIXED UPON A PICTURE WHICH SHE SAID SHE PREFERRED TO ANYTHING SHE HAD SEEN IN THE GALLERY,BUT SHE FIXED UPON A PICTURE WHICH SHE SAID SHE PREFERRED TO ANYTHING SHE HAD SEEN IN THE GALLERY,0.0,BUT SHE SIXED UPON A PICTURE WHICH SHE SAID SHE PROSOED TO ANYTHING SHE HAD SEEN IN THE GALLERY,0.1052631578947368,15.48945633003604,test-other,mp3,16k,0.1052631578947368,0,0,0,2,0,0,2,0,0,True,False,True,False,True,False,False
146,1998,29454,22,WELL THAT'LL SHOW YOU THE SORT OF MAN I AM,WELL THAT'LL SHOW YOU THE SORT OF MAN I AM,0.0,WELL THE'LL SHOW YOU THE SORT OF MAN I AM,0.1,30.07667525773196,test-other,opus,8k,0.1,0,0,0,1,0,0,1,0,0,True,False,True,False,True,False,False
2870,8461,258277,3,REPLIED THE BROKER'S DAUGHTER O THOU DAUGHTER OF A DOG,REPLIED THE BROKER'S DAUGHTER O THOU DAUGHTER OF A DOG,0.0,REPLIED THE BROKER'S DAUGHTER OH THOU DAUGHTER OF A DOG,0.1,32.079961694996406,test-other,opus,8k,0.1,0,0,0,1,0,0,1,0,0,True,False,True,False,True,False,False
1083,3764,168671,50,RETURNED FAUCHELEVENT CLUTCHING AT THIS BRANCH FEEBLE AS IT WAS,RETURNED FAUCHELEVENT CLUTCHING AT THIS BRANCH FEEBLE AS IT WAS,0.0,RETURNED FAURCHELEVENT CLUTCHING AT THIS BRANCH FEEBLE AS IT WAS,0.1,31.588070023773504,test-other,opus,8k,0.1,0,0,0,1,0,0,1,0,0,True,False,True,False,True,False,False
1989,6128,63240,18,ARE YOU VERY AMBITIOUS YOU LOOK AS IF YOU WERE,ARE YOU VERY AMBITIOUS YOU LOOK AS IF YOU WERE,0.0,ARE YOU VERY AMBICIOUS YOU LOOK AS IF YOU WERE,0.1,31.10121244069584,test-other,opus,8k,0.1,0,0,0,1,0,0,1,0,0,True,False,True,False,True,False,False
335,2414,159411,12,IS IT FAIR THAT HE SHOULD DO SO OR NOT,IS IT FAIR THAT HE SHOULD DO SO OR NOT,0.0,IT IT FAIR THAT HE SHOULD DO SO OR NOT,0.1,33.8446251129178,test-other,opus,8k,0.1,0,0,0,1,0,0,1,0,0,True,False,True,False,True,False,False
2301,7105,2340,19,VIGILANCE WAS NOT COMPLETELY CROWNED WITH A SENSE OF VICTORY,VIGILANCE WAS NOT COMPLETELY CROWNED WITH A SENSE OF VICTORY,0.0,VICULEN WAS NOT COMPLETELY CROWNED WITH A SENSE OF VICTORY,0.1,30.587356089678853,test-other,opus,8k,0.1,0,0,0,1,0,0,1,0,0,True,False,True,False,True,False,False
2382,8455,210777,26,AND THE DEATH OF WHICH I DREAMT COULD NOT ALAS,AND THE DEATH OF WHICH I DREAMT COULD NOT ALAS,0.0,AND THE DEATH OF WHICH I DRUNK COULD NOT ALAS,0.1,30.22271154451085,test-clean,opus,8k,0.1,0,0,0,1,0,0,1,0,0,True,False,True,False,True,False,False
1803,672,122797,18,REJOICE IN OUR PRESENCE SAID THE AIR AND THE SUNLIGHT,REJOICE IN OUR PRESENCE SAID THE AIR AND THE SUNLIGHT,0.0,REJOICE IN OUR PRESENCE SAID THE AIR IN THE SUNLIGHT,0.1,20.738142162659308,test-clean,opus,12k,0.1,0,0,0,1,0,0,1,0,0,True,False,True,False,True,False,False
2311,7105,2340,29,HUSBAND AND WIFE LOOKED BLANKLY AND DESPERATELY AT ONE ANOTHER,HUSBAND AND WIFE LOOKED BLANKLY AND DESPERATELY AT ONE ANOTHER,0.0,HUSBAND AND WIVES LOOKED BLANKLY AND DESPERATELY AT ONE ANOTHER,0.1,15.304053315852729,test-other,mp3,16k,0.1,0,0,0,1,0,0,1,0,0,True,False,True,False,True,False,False
2301,7105,2340,19,VIGILANCE WAS NOT COMPLETELY CROWNED WITH A SENSE OF VICTORY,VIGILANCE WAS NOT COMPLETELY CROWNED WITH A SENSE OF VICTORY,0.0,VIGILENCE WAS NOT COMPLETELY CROWNED WITH A SENSE OF VICTORY,0.1,15.33860022282994,test-other,mp3,16k,0.1,0,0,0,1,0,0,1,0,0,True,False,True,False,True,False,False
335,2414,159411,12,IS IT FAIR THAT HE SHOULD DO SO OR NOT,IS IT FAIR THAT HE SHOULD DO SO OR NOT,0.0,IS IT FEAR THAT HE SHOULD DO SO OR NOT,0.1,15.137777777777778,test-other,mp3,16k,0.1,0,0,0,1,0,0,1,0,0,True,False,True,False,True,False,False
1991,6128,63240,20,ONE DIDN'T EVEN KNOW WHAT ONE HAD COME BACK FOR,ONE DIDN'T EVEN KNOW WHAT ONE HAD COME BACK FOR,0.0,ONE DIDN'T GIVA KNOW WHAT ONE HAD COME BACK FOR,0.1,29.909643788010424,test-other,opus,8k,0.1,0,0,0,1,0,0,1,0,0,True,False,True,False,True,False,False
818,2830,3980,21,AND GOD THE FATHER WHO RAISED HIM FROM THE DEAD,AND GOD THE FATHER WHO RAISED HIM FROM THE DEAD,0.0,IN GOD THE FATHER WHO RAISED HIM FROM THE DEAD,0.1,31.01430948419301,test-clean,opus,8k,0.1,0,0,0,1,0,0,1,0,0,True,False,True,False,True,False,False
2161,6938,70848,4,HAVEN'T I GOT SOMETHING TO REMEMBER THEM BY THE DEVILS,HAVEN'T I GOT SOMETHING TO REMEMBER THEM BY THE DEVILS,0.0,HAVEN'T I GUARD SOMETHING TO REMEMBER THEM BY THE DEVILS,0.1,7.678310637458062,test-other,mp3,32k,0.1,0,0,0,1,0,0,1,0,0,True,False,True,False,True,False,False
1482,5142,33396,20,A HOUSE SMELLS OF SMOKE A SHIP SMELLS OF FROLIC,A HOUSE SMELLS OF SMOKE A SHIP SMELLS OF FROLIC,0.0,A HOUSE SMELLS OF SMOKE OF SHIP SMELLS OF FROLIC,0.1,31.213760658629816,test-clean,opus,8k,0.1,0,0,0,1,0,0,1,0,0,True,False,True,False,True,False,False
2301,7105,2340,19,VIGILANCE WAS NOT COMPLETELY CROWNED WITH A SENSE OF VICTORY,VIGILANCE WAS NOT COMPLETELY CROWNED WITH A SENSE OF VICTORY,0.0,VIGILENCE WAS NOT COMPLETELY CROWNED WITH A SENSE OF VICTORY,0.1,1.946378767431399,test-other,mp3,128k,0.1,0,0,0,1,0,0,1,0,0,True,False,True,False,True,False,False
818,2830,3980,21,AND GOD THE FATHER WHO RAISED HIM FROM THE DEAD,AND GOD THE FATHER WHO RAISED HIM FROM THE DEAD,0.0,AN GOD THE FATHER WHO RAISED HIM FROM THE DEAD,0.1,15.02951136913401,test-clean,mp3,16k,0.1,0,0,0,1,0,0,1,0,0,True,False,True,False,True,False,False
1482,5142,33396,20,A HOUSE SMELLS OF SMOKE A SHIP SMELLS OF FROLIC,A HOUSE SMELLS OF SMOKE A SHIP SMELLS OF FROLIC,0.0,A HOUSE SMELLS OF SMOKE OF SHIP SMELLS OF FROLIC,0.1,15.025902335456475,test-clean,mp3,16k,0.1,0,0,0,1,0,0,1,0,0,True,False,True,False,True,False,False
2301,7105,2340,19,VIGILANCE WAS NOT COMPLETELY CROWNED WITH A SENSE OF VICTORY,VIGILANCE WAS NOT COMPLETELY CROWNED WITH A SENSE OF VICTORY,0.0,VIGILENCE WAS NOT COMPLETELY CROWNED WITH A SENSE OF VICTORY,0.1,7.757696839301265,test-other,mp3,32k,0.1,0,0,0,1,0,0,1,0,0,True,False,True,False,True,False,False
146,1998,29454,22,WELL THAT'LL SHOW YOU THE SORT OF MAN I AM,WELL THAT'LL SHOW YOU THE SORT OF MAN I AM,0.0,WELL THEY'LL SHOW YOU THE SORT OF MAN I AM,0.1,7.666748788700008,test-other,mp3,32k,0.1,0,0,0,1,0,0,1,0,0,True,False,True,False,True,False,False
146,1998,29454,22,WELL THAT'LL SHOW YOU THE SORT OF MAN I AM,WELL THAT'LL SHOW YOU THE SORT OF MAN I AM,0.0,WELL THER'L SHOW YOU THE SORT OF MAN I AM,0.1,10.15975623027533,test-other,mp3,24k,0.1,0,0,0,1,0,0,1,0,0,True,False,True,False,True,False,False
2301,7105,2340,19,VIGILANCE WAS NOT COMPLETELY CROWNED WITH A SENSE OF VICTORY,VIGILANCE WAS NOT COMPLETELY CROWNED WITH A SENSE OF VICTORY,0.0,VIGILANCS WAS NOT COMPLETELY CROWNED WITH A SENSE OF VICTORY,0.1,10.304007620602844,test-other,mp3,24k,0.1,0,0,0,1,0,0,1,0,0,True,False,True,False,True,False,False
2161,6938,70848,4,HAVEN'T I GOT SOMETHING TO REMEMBER THEM BY THE DEVILS,HAVEN'T I GOT SOMETHING TO REMEMBER THEM BY THE DEVILS,0.0,HAVEN'T I GOD SOMETHING TO REMEMBER THEM BY THE DEVILS,0.1,15.13263321664722,test-other,mp3,16k,0.1,0,0,0,1,0,0,1,0,0,True,False,True,False,True,False,False
2858,8280,266249,57,IT WAS THE LAST GAME OF CARDS FOR THAT TRIP,IT WAS THE LAST GAME OF CARDS FOR THAT TRIP,0.0,IT WAS THE LAST CAME OF CARDS FOR THAT TRIP,0.1,31.874957755998647,test-other,opus,8k,0.1,0,0,0,1,0,0,1,0,0,True,False,True,False,True,False,False
2063,6432,63722,24,TOWARD DARK A MAN WENT IN TO BUY A LAMP,TOWARD DARK A MAN WENT IN TO BUY A LAMP,0.0,TOWARD DARK A MAN WENT IN TO BY A LAMP,0.1,32.66745632217945,test-other,opus,8k,0.1,0,0,0,1,0,0,1,0,0,True,False,True,False,True,False,False
2382,8455,210777,26,AND THE DEATH OF WHICH I DREAMT COULD NOT ALAS,AND THE DEATH OF WHICH I DREAMT COULD NOT ALAS,0.0,AND THE DEATH OF WHICH I DREANT COULD NOT ALAS,0.1,14.972417017297802,test-clean,mp3,16k,0.1,0,0,0,1,0,0,1,0,0,True,False,True,False,True,False,False
2311,7105,2340,29,HUSBAND AND WIFE LOOKED BLANKLY AND DESPERATELY AT ONE ANOTHER,HUSBAND AND WIFE LOOKED BLANKLY AND DESPERATELY AT ONE ANOTHER,0.0,HUSBARD AND WIFE LOOKED BLANKLY AND DESPERATELY AT ONE ANOTHER,0.1,10.286994198428436,test-other,mp3,24k,0.1,0,0,0,1,0,0,1,0,0,True,False,True,False,True,False,False
2697,8188,269288,24,I MUST GO INTO THE GROUNDS THE AIR IS STIFLING,I MUST GO INTO THE GROUNDS THE AIR IS STIFLING,0.0,I MUST GO INTO THE GROUND THE AIR IS STIFLING,0.1,32.859442368496694,test-other,opus,8k,0.1,0,0,0,1,0,0,1,0,0,True,False,True,False,True,False,False
2161,6938,70848,4,HAVEN'T I GOT SOMETHING TO REMEMBER THEM BY THE DEVILS,HAVEN'T I GOT SOMETHING TO REMEMBER THEM BY THE DEVILS,0.0,HAVEN'T I GOD SOMETHING TO REMEMBER THEM BY THE DEVILS,0.1,10.187483634459282,test-other,mp3,24k,0.1,0,0,0,1,0,0,1,0,0,True,False,True,False,True,False,False
2521,8555,284447,20,THE GOAT'S WARLIKE SPIRIT WAS ROUSED BY THIS SUCCESSFUL ATTACK,THE GOAT'S WARLIKE SPIRIT WAS ROUSED BY THIS SUCCESSFUL ATTACK,0.0,THE GOAT'S WARLIKE SPIRIT WAS ROUSED BY THIS SUCCESSFUL ATTAT,0.1,15.268508802611636,test-clean,mp3,16k,0.1,0,0,0,1,0,0,1,0,0,True,False,True,False,True,False,False
2557,8555,292519,10,OLD DANCES ARE SIMPLIFIED OF THEIR YEARNING BLEACHED BY TIME,OLD DANCES ARE SIMPLIFIED OF THEIR YEARNING BLEACHED BY TIME,0.0,OLD DANCES ARE SIMPLIFIED AT THEIR YEARNING BLEACHED BY TIME,0.1,20.97876206700738,test-clean,opus,12k,0.1,0,0,0,1,0,0,1,0,0,True,False,True,False,True,False,False
2301,7105,2340,19,VIGILANCE WAS NOT COMPLETELY CROWNED WITH A SENSE OF VICTORY,VIGILANCE WAS NOT COMPLETELY CROWNED WITH A SENSE OF VICTORY,0.0,VIGILENCE WAS NOT COMPLETELY CROWNED WITH A SENSE OF VICTORY,0.1,20.770539020710466,test-other,opus,12k,0.1,0,0,0,1,0,0,1,0,0,True,False,True,False,True,False,False
146,1998,29454,22,WELL THAT'LL SHOW YOU THE SORT OF MAN I AM,WELL THAT'LL SHOW YOU THE SORT OF MAN I AM,0.0,WELL THEY'LL SHOW YOU THE SORT OF MAN I AM,0.1,19.905756929637526,test-other,opus,12k,0.1,0,0,0,1,0,0,1,0,0,True,False,True,False,True,False,False
2557,8555,292519,10,OLD DANCES ARE SIMPLIFIED OF THEIR YEARNING BLEACHED BY TIME,OLD DANCES ARE SIMPLIFIED OF THEIR YEARNING BLEACHED BY TIME,0.0,OLD DANCES ARE SIMPLIFIED THAT THEIR YEARNING BLEACHED BY TIME,0.1,31.700360391281965,test-clean,opus,8k,0.1,0,0,0,1,0,0,1,0,0,True,False,True,False,True,False,False
1426,4350,9170,44,AND FOR THE SAKE OF WHAT AM I MAKING THEM,AND FOR THE SAKE OF WHAT AM I MAKING THEM,0.0,AND FOR THE SAKE OF WHAT AM I MAKING EM,0.1,20.88859132297804,test-other,opus,12k,0.1,0,0,0,1,0,0,1,0,0,True,False,True,False,True,False,False
2557,8555,292519,10,OLD DANCES ARE SIMPLIFIED OF THEIR YEARNING BLEACHED BY TIME,OLD DANCES ARE SIMPLIFIED OF THEIR YEARNING BLEACHED BY TIME,0.0,OLD DANCES ARE SIMPLIFIED AT THEIR YEARNING BLEACHED BY TIME,0.1,8.50529514688277,test-clean,opus,32k,0.1,0,0,0,1,0,0,1,0,0,True,False,True,False,True,False,False
1803,672,122797,18,REJOICE IN OUR PRESENCE SAID THE AIR AND THE SUNLIGHT,REJOICE IN OUR PRESENCE SAID THE AIR AND THE SUNLIGHT,0.0,REJOICE IN OUR PRESENCE SAID THE AIR IN THE SUNLIGHT,0.1,31.860718611223252,test-clean,opus,8k,0.1,0,0,0,1,0,0,1,0,0,True,False,True,False,True,False,False
2301,7105,2340,19,VIGILANCE WAS NOT COMPLETELY CROWNED WITH A SENSE OF VICTORY,VIGILANCE WAS NOT COMPLETELY CROWNED WITH A SENSE OF VICTORY,0.0,VIGILENS WAS NOT COMPLETELY CROWNED WITH A SENSE OF VICTORY,0.1,15.81597911227154,test-other,opus,16k,0.1,0,0,0,1,0,0,1,0,0,True,False,True,False,True,False,False
146,1998,29454,22,WELL THAT'LL SHOW YOU THE SORT OF MAN I AM,WELL THAT'LL SHOW YOU THE SORT OF MAN I AM,0.0,WELL THEY'LL SHOW YOU THE SORT OF MAN I AM,0.1,15.337276162313126,test-other,opus,16k,0.1,0,0,0,1,0,0,1,0,0,True,False,True,False,True,False,False
2615,8131,117016,60,THIS COULD LEAD TO ABUSES AS HE'D SEEN ON EARTH,THIS COULD LEAD TO ABUSES AS HE'D SEEN ON EARTH,0.0,THIS COULD LEAD TO ABUSES AS HE SEEN ON EARTH,0.1,15.13263321664722,test-other,mp3,16k,0.1,0,0,0,1,0,0,1,0,0,True,False,True,False,True,False,False
2161,6938,70848,4,HAVEN'T I GOT SOMETHING TO REMEMBER THEM BY THE DEVILS,HAVEN'T I GOT SOMETHING TO REMEMBER THEM BY THE DEVILS,0.0,HAVEN'T I GOT SOMETHING TO REMEMBER I'M BY THE DEVILS,0.1,30.419077404222048,test-other,opus,8k,0.1,0,0,0,1,0,0,1,0,0,True,False,True,False,True,False,False
2063,6432,63722,24,TOWARD DARK A MAN WENT IN TO BUY A LAMP,TOWARD DARK A MAN WENT IN TO BUY A LAMP,0.0,TOWARD DARK A MAN WENT IN TO BY A LAMP,0.1,10.20612452585808,test-other,mp3,24k,0.1,0,0,0,1,0,0,1,0,0,True,False,True,False,True,False,False
1803,672,122797,18,REJOICE IN OUR PRESENCE SAID THE AIR AND THE SUNLIGHT,REJOICE IN OUR PRESENCE SAID THE AIR AND THE SUNLIGHT,0.0,REJOICE IN OUR PRESENCE SAID THE AIR IN THE SUNLIGHT,0.1,15.424411218606467,test-clean,mp3,16k,0.1,0,0,0,1,0,0,1,0,0,True,False,True,False,True,False,False
2063,6432,63722,24,TOWARD DARK A MAN WENT IN TO BUY A LAMP,TOWARD DARK A MAN WENT IN TO BUY A LAMP,0.0,TOWARD DARK A MAN WENT IN TO BY A LAMP,0.1,15.15149017992034,test-other,mp3,16k,0.1,0,0,0,1,0,0,1,0,0,True,False,True,False,True,False,False
1426,4350,9170,44,AND FOR THE SAKE OF WHAT AM I MAKING THEM,AND FOR THE SAKE OF WHAT AM I MAKING THEM,0.0,AND FOR THE SAKE OF WHAT AM I MAKING TEM,0.1,7.97118037812979,test-other,opus,32k,0.1,0,0,0,1,0,0,1,0,0,True,False,True,False,True,False,False
146,1998,29454,22,WELL THAT'LL SHOW YOU THE SORT OF MAN I AM,WELL THAT'LL SHOW YOU THE SORT OF MAN I AM,0.0,WELL THAY'LL SHOW YOU THE SORT OF MAN I AM,0.1,3.8518793580063537,test-other,mp3,64k,0.1,0,0,0,1,0,0,1,0,0,True,False,True,False,True,False,False
1083,3764,168671,50,RETURNED FAUCHELEVENT CLUTCHING AT THIS BRANCH FEEBLE AS IT WAS,RETURNED FAUCHELEVENT CLUTCHING AT THIS BRANCH FEEBLE AS IT WAS,0.0,RETURNED FAUCHLEVENT CLUTCHING AT THIS BRANCH FEEBLE AS IT WAS,0.1,10.324079960443596,test-other,mp3,24k,0.1,0,0,0,1,0,0,1,0,0,True,False,True,False,True,False,False
2858,8280,266249,57,IT WAS THE LAST GAME OF CARDS FOR THAT TRIP,IT WAS THE LAST GAME OF CARDS FOR THAT TRIP,0.0,IT WAS THE LAST FAME OF CARDS FOR THAT TRIP,0.1,7.655060465871276,test-other,mp3,32k,0.1,0,0,0,1,0,0,1,0,0,True,False,True,False,True,False,False
2063,6432,63722,24,TOWARD DARK A MAN WENT IN TO BUY A LAMP,TOWARD DARK A MAN WENT IN TO BUY A LAMP,0.0,TOWARD DARK A MAN WENT IN TO BY A LAMP,0.1,7.694636255841529,test-other,mp3,32k,0.1,0,0,0,1,0,0,1,0,0,True,False,True,False,True,False,False
1991,6128,63240,20,ONE DIDN'T EVEN KNOW WHAT ONE HAD COME BACK FOR,ONE DIDN'T EVEN KNOW WHAT ONE HAD COME BACK FOR,0.0,ONE DIDN'T EVEN KNOW WHATH ONE HAD COME BACK FOR,0.1,7.665553328879982,test-other,mp3,32k,0.1,0,0,0,1,0,0,1,0,0,True,False,True,False,True,False,False
2301,7105,2340,19,VIGILANCE WAS NOT COMPLETELY CROWNED WITH A SENSE OF VICTORY,VIGILANCE WAS NOT COMPLETELY CROWNED WITH A SENSE OF VICTORY,0.0,VIGILENCE WAS NOT COMPLETELY CROWNED WITH A SENSE OF VICTORY,0.1,8.104789938453305,test-other,opus,32k,0.1,0,0,0,1,0,0,1,0,0,True,False,True,False,True,False,False
146,1998,29454,22,WELL THAT'LL SHOW YOU THE SORT OF MAN I AM,WELL THAT'LL SHOW YOU THE SORT OF MAN I AM,0.0,WELL THEY'LL SHOW YOU THE SORT OF MAN I AM,0.1,7.975226379634376,test-other,opus,32k,0.1,0,0,0,1,0,0,1,0,0,True,False,True,False,True,False,False
2382,8455,210777,26,AND THE DEATH OF WHICH I DREAMT COULD NOT ALAS,AND THE DEATH OF WHICH I DREAMT COULD NOT ALAS,0.0,AND THE DEATH OF WHICH I DREANT COULD NOT ALAS,0.1,20.037122002085507,test-clean,opus,12k,0.1,0,0,0,1,0,0,1,0,0,True,False,True,False,True,False,False
818,2830,3980,21,AND GOD THE FATHER WHO RAISED HIM FROM THE DEAD,AND GOD THE FATHER WHO RAISED HIM FROM THE DEAD,0.0,IN GOD THE FATHER WHO RAISED HIM FROM THE DEAD,0.1,20.752171008684037,test-clean,opus,12k,0.1,0,0,0,1,0,0,1,0,0,True,False,True,False,True,False,False
2301,7105,2340,19,VIGILANCE WAS NOT COMPLETELY CROWNED WITH A SENSE OF VICTORY,VIGILANCE WAS NOT COMPLETELY CROWNED WITH A SENSE OF VICTORY,0.0,VIGILENCE WAS NOT COMPLETELY CROWNED WITH A SENSE OF VICTORY,0.1,3.890507385998716,test-other,mp3,64k,0.1,0,0,0,1,0,0,1,0,0,True,False,True,False,True,False,False
1426,4350,9170,44,AND FOR THE SAKE OF WHAT AM I MAKING THEM,AND FOR THE SAKE OF WHAT AM I MAKING THEM,0.0,AND FOR THE SAKE OF WHAT AM I MAKING EM,0.1,15.885539714867615,test-other,opus,16k,0.1,0,0,0,1,0,0,1,0,0,True,False,True,False,True,False,False
2063,6432,63722,24,TOWARD DARK A MAN WENT IN TO BUY A LAMP,TOWARD DARK A MAN WENT IN TO BUY A LAMP,0.0,TOWARD DARK A MAN WENT IN TO BY A LAMP,0.1,9.3331641285956,test-other,opus,32k,0.1,0,0,0,1,0,0,1,0,0,True,False,True,False,True,False,False
2557,8555,292519,10,OLD DANCES ARE SIMPLIFIED OF THEIR YEARNING BLEACHED BY TIME,OLD DANCES ARE SIMPLIFIED OF THEIR YEARNING BLEACHED BY TIME,0.0,OLD DANSES ARE SIMPLIFIED OF THEIR YEARNING BLEACHED BY TIME,0.1,16.11568661664631,test-clean,opus,16k,0.1,0,0,0,1,0,0,1,0,0,True,False,True,False,True,False,False
772,3528,168669,77,THE WORLD IS NOTHING IN THE PRESENCE OF THE CROSS,THE WORLD IS NOTHING IN THE PRESENCE OF THE CROSS,0.0,THE WORLD IS NOTHING IN THE PRESENCE OF THE CROFS,0.1,21.04153032972565,test-other,opus,12k,0.1,0,0,0,1,0,0,1,0,0,True,False,True,False,True,False,False
2161,6938,70848,4,HAVEN'T I GOT SOMETHING TO REMEMBER THEM BY THE DEVILS,HAVEN'T I GOT SOMETHING TO REMEMBER THEM BY THE DEVILS,0.0,HAVEN'T I GOD SOMETHING TO REMEMBER THEM BY THE DEVILS,0.1,15.806879739978331,test-other,opus,16k,0.1,0,0,0,1,0,0,1,0,0,True,False,True,False,True,False,False
2021,6128,63244,8,THIS MIGHT SEEM ONE OF THE MOST ACCESSIBLE OF PLEASURES BUT IN POINT OF FACT SHE HAD NOT FOUND IT SO,THIS MIGHT SEEM ONE OF THE MOST ACCESSIBLE OF PLEASURES BUT IN POINT OF FACT SHE HAD NOT FOUND IT SO,0.0,THIS MIGHT SEEY ONE OF THE MOST ACCESSIBLE OF PLEASURES BUT IN POINT OF FACT HE HAD NOT FOUND IT SO,0.0952380952380952,7.80577670089612,test-other,mp3,32k,0.0952380952380952,0,0,0,2,0,0,2,0,0,True,False,True,False,True,False,False
217,1284,1180,5,NO ONE WOULD DISTURB THEIR LITTLE HOUSE EVEN IF ANYONE CAME SO FAR INTO THE THICK FOREST WHILE THEY WERE GONE,NO ONE WOULD DISTURB THEIR LITTLE HOUSE EVEN IF ANYONE CAME SO FAR INTO THE THICK FOREST WHILE THEY WERE GONE,0.0,NO ONE WOULD DISTURB THEIR LITTLE HOUSE EVEN IF ANY ONE CAME SO FAR INTO THE THICK FOREST WHILE THEY WERE GONE,0.0952380952380952,20.5144310732805,test-clean,opus,12k,0.0952380952380952,0,0,0,1,0,1,1,0,1,True,False,True,False,True,False,False
1495,5142,33396,33,YOU WOULD NOT EAT WITH US YOU CANNOT SAY NO TO HALF OF MY ALE I DRINK THIS TO YOUR HEALTH,YOU WOULD NOT EAT WITH US YOU CANNOT SAY NO TO HALF OF MY ALE I DRINK THIS TO YOUR HEALTH,0.0,YOU WOULD NOT EAT WITH US YOU CANNOT SAY NO T O HALF OF MY ALE I DRINK THIS TO YOUR HEALTH,0.0952380952380952,3.9088449531737774,test-clean,mp3,64k,0.0952380952380952,0,0,0,1,0,1,1,0,1,True,False,True,False,True,False,False
2085,6432,63722,46,WHAT ARE THE CHANCES OF GETTING HIM OFF LEGALLY IF WE GO AT IT FROM A NEGATIVE STANDPOINT ASKED THE COLONEL,WHAT ARE THE CHANCES OF GETTING HIM OFF LEGALLY IF WE GO AT IT FROM A NEGATIVE STANDPOINT ASKED THE COLONEL,0.0,WHAT ARE THE CHANCES OF GETTING HIM OFF LEGALLY IF WE GO AUTIT FROM A NEGATIVE STANDPOINT ASKED THE COLONEL,0.0952380952380952,30.457466289329115,test-other,opus,8k,0.0952380952380952,0,0,0,1,1,0,1,1,0,True,False,True,False,True,False,False
1495,5142,33396,33,YOU WOULD NOT EAT WITH US YOU CANNOT SAY NO TO HALF OF MY ALE I DRINK THIS TO YOUR HEALTH,YOU WOULD NOT EAT WITH US YOU CANNOT SAY NO TO HALF OF MY ALE I DRINK THIS TO YOUR HEALTH,0.0,YOU WOULD NOT EAT WITH US YOU CANNOT SAY NO T O HALF OF MY ALE I DRINK THIS TO YOUR HEALTH,0.0952380952380952,1.9554398750650703,test-clean,mp3,128k,0.0952380952380952,0,0,0,1,0,1,1,0,1,True,False,True,False,True,False,False
217,1284,1180,5,NO ONE WOULD DISTURB THEIR LITTLE HOUSE EVEN IF ANYONE CAME SO FAR INTO THE THICK FOREST WHILE THEY WERE GONE,NO ONE WOULD DISTURB THEIR LITTLE HOUSE EVEN IF ANYONE CAME SO FAR INTO THE THICK FOREST WHILE THEY WERE GONE,0.0,NO ONE WOULD DISTURB THEIR LITTLE HOUSE EVEN IF ANY ONE CAME SO FAR INTO THE THICK FOREST WHILE THEY WERE GONE,0.0952380952380952,1.9668683457623937,test-clean,mp3,128k,0.0952380952380952,0,0,0,1,0,1,1,0,1,True,False,True,False,True,False,False
1495,5142,33396,33,YOU WOULD NOT EAT WITH US YOU CANNOT SAY NO TO HALF OF MY ALE I DRINK THIS TO YOUR HEALTH,YOU WOULD NOT EAT WITH US YOU CANNOT SAY NO TO HALF OF MY ALE I DRINK THIS TO YOUR HEALTH,0.0,YOU WOULD NOT EAT WITH US YOU CANNOT SAY NO T O HALF OF MY ALE I DRINK THIS TO YOUR HEALTH,0.0952380952380952,10.359624931053505,test-clean,mp3,24k,0.0952380952380952,0,0,0,1,0,1,1,0,1,True,False,True,False,True,False,False
981,3575,170457,11,BUT IT IS NOT WITH A VIEW TO DISTINCTION THAT YOU SHOULD CULTIVATE THIS TALENT IF YOU CONSULT YOUR OWN HAPPINESS,BUT IT IS NOT WITH A VIEW TO DISTINCTION THAT YOU SHOULD CULTIVATE THIS TALENT IF YOU CONSULT YOUR OWN HAPPINESS,0.0,BUT IT IS NOT WITH A VIEW TO DISTINCTION THAT YOU SHOULD CULTIVATE THIS TALENT IF YOU CONSULT YOUR OWNHAPPINESS,0.0952380952380952,10.444072368727037,test-clean,mp3,24k,0.0952380952380952,0,0,0,1,1,0,1,1,0,True,False,True,False,True,False,False
217,1284,1180,5,NO ONE WOULD DISTURB THEIR LITTLE HOUSE EVEN IF ANYONE CAME SO FAR INTO THE THICK FOREST WHILE THEY WERE GONE,NO ONE WOULD DISTURB THEIR LITTLE HOUSE EVEN IF ANYONE CAME SO FAR INTO THE THICK FOREST WHILE THEY WERE GONE,0.0,NO ONE WOULD DISTURB THEIR LITTLE HOUSE EVEN IF ANY ONE CAME SO FAR INTO THE THICK FOREST WHILE THEY WERE GONE,0.0952380952380952,10.43329850226402,test-clean,mp3,24k,0.0952380952380952,0,0,0,1,0,1,1,0,1,True,False,True,False,True,False,False
1495,5142,33396,33,YOU WOULD NOT EAT WITH US YOU CANNOT SAY NO TO HALF OF MY ALE I DRINK THIS TO YOUR HEALTH,YOU WOULD NOT EAT WITH US YOU CANNOT SAY NO TO HALF OF MY ALE I DRINK THIS TO YOUR HEALTH,0.0,YOU WOULD NOT EAT WITH US YOU CANNOT SAY NO T O HALF OF MY ALE I DRINK THIS TO YOUR HEALTH,0.0952380952380952,7.796596097965961,test-clean,mp3,32k,0.0952380952380952,0,0,0,1,0,1,1,0,1,True,False,True,False,True,False,False
217,1284,1180,5,NO ONE WOULD DISTURB THEIR LITTLE HOUSE EVEN IF ANYONE CAME SO FAR INTO THE THICK FOREST WHILE THEY WERE GONE,NO ONE WOULD DISTURB THEIR LITTLE HOUSE EVEN IF ANYONE CAME SO FAR INTO THE THICK FOREST WHILE THEY WERE GONE,0.0,NO ONE WOULD DISTURB THEIR LITTLE HOUSE EVEN IF ANY ONE CAME SO FAR INTO THE THICK FOREST WHILE THEY WERE GONE,0.0952380952380952,3.661538461538461,test-clean,opus,64k,0.0952380952380952,0,0,0,1,0,1,1,0,1,True,False,True,False,True,False,False
217,1284,1180,5,NO ONE WOULD DISTURB THEIR LITTLE HOUSE EVEN IF ANYONE CAME SO FAR INTO THE THICK FOREST WHILE THEY WERE GONE,NO ONE WOULD DISTURB THEIR LITTLE HOUSE EVEN IF ANYONE CAME SO FAR INTO THE THICK FOREST WHILE THEY WERE GONE,0.0,NO ONE WOULD DISTURB THEIR LITTLE HOUSE EVEN IF ANY ONE CAME SO FAR INTO THE THICK FOREST WHILE THEY WERE GONE,0.0952380952380952,8.058339738662568,test-clean,opus,32k,0.0952380952380952,0,0,0,1,0,1,1,0,1,True,False,True,False,True,False,False
365,1580,141083,31,HOLMES HELD OUT A SMALL CHIP WITH THE LETTERS N N AND A SPACE OF CLEAR WOOD AFTER THEM YOU SEE,HOLMES HELD OUT A SMALL CHIP WITH THE LETTERS N N AND A SPACE OF CLEAR WOOD AFTER THEM YOU SEE,0.0,HOLMES HELD OUT A SMALL CHIP WITH THE LETTERS N N AND A SPACE OF CLEARWOOD AFTER THEM YOU SEE,0.0952380952380952,31.652903021673787,test-clean,opus,8k,0.0952380952380952,0,0,0,1,1,0,1,1,0,True,False,True,False,True,False,False
1495,5142,33396,33,YOU WOULD NOT EAT WITH US YOU CANNOT SAY NO TO HALF OF MY ALE I DRINK THIS TO YOUR HEALTH,YOU WOULD NOT EAT WITH US YOU CANNOT SAY NO TO HALF OF MY ALE I DRINK THIS TO YOUR HEALTH,0.0,YOU WOULD NOT EAT WITH US YOU CANNOT SAY NO T O HALF OF MY ALE I DRINK THIS TO YOUR HEALTH,0.0952380952380952,3.612077439206804,test-clean,opus,64k,0.0952380952380952,0,0,0,1,0,1,1,0,1,True,False,True,False,True,False,False
1495,5142,33396,33,YOU WOULD NOT EAT WITH US YOU CANNOT SAY NO TO HALF OF MY ALE I DRINK THIS TO YOUR HEALTH,YOU WOULD NOT EAT WITH US YOU CANNOT SAY NO TO HALF OF MY ALE I DRINK THIS TO YOUR HEALTH,0.0,YOU WOULD NOT EAT WITH US YOU CANNOT SAY NO T O HALF OF MY ALE I DRINK THIS TO YOUR HEALTH,0.0952380952380952,8.257437350398124,test-clean,opus,32k,0.0952380952380952,0,0,0,1,0,1,1,0,1,True,False,True,False,True,False,False
2085,6432,63722,46,WHAT ARE THE CHANCES OF GETTING HIM OFF LEGALLY IF WE GO AT IT FROM A NEGATIVE STANDPOINT ASKED THE COLONEL,WHAT ARE THE CHANCES OF GETTING HIM OFF LEGALLY IF WE GO AT IT FROM A NEGATIVE STANDPOINT ASKED THE COLONEL,0.0,WHAT ARE THE CHANCES OF GETTING HIM OFF LEGALLY IF WE GO ATIT FROM A NEGATIVE STANDPOINT ASKED THE COLONEL,0.0952380952380952,15.561622862975248,test-other,opus,16k,0.0952380952380952,0,0,0,1,1,0,1,1,0,True,False,True,False,True,False,False
365,1580,141083,31,HOLMES HELD OUT A SMALL CHIP WITH THE LETTERS N N AND A SPACE OF CLEAR WOOD AFTER THEM YOU SEE,HOLMES HELD OUT A SMALL CHIP WITH THE LETTERS N N AND A SPACE OF CLEAR WOOD AFTER THEM YOU SEE,0.0,HOLMES HELD OUT A SMALL CHIP WITH THE LETTERS N N AND A SPACE OF CLEARWOOD AFTER THEM YOU SEE,0.0952380952380952,15.513530278359308,test-clean,mp3,16k,0.0952380952380952,0,0,0,1,1,0,1,1,0,True,False,True,False,True,False,False
1495,5142,33396,33,YOU WOULD NOT EAT WITH US YOU CANNOT SAY NO TO HALF OF MY ALE I DRINK THIS TO YOUR HEALTH,YOU WOULD NOT EAT WITH US YOU CANNOT SAY NO TO HALF OF MY ALE I DRINK THIS TO YOUR HEALTH,0.0,YOU WOULD NOT EAT WITH US YOU CANNOT SAY NO T O HALF OF MY ALE I DRINK THIS TO YOUR HEALTH,0.0952380952380952,15.743503772003352,test-clean,opus,16k,0.0952380952380952,0,0,0,1,0,1,1,0,1,True,False,True,False,True,False,False
217,1284,1180,5,NO ONE WOULD DISTURB THEIR LITTLE HOUSE EVEN IF ANYONE CAME SO FAR INTO THE THICK FOREST WHILE THEY WERE GONE,NO ONE WOULD DISTURB THEIR LITTLE HOUSE EVEN IF ANYONE CAME SO FAR INTO THE THICK FOREST WHILE THEY WERE GONE,0.0,NO ONE WOULD DISTURB THEIR LITTLE HOUSE EVEN IF ANY ONE CAME SO FAR INTO THE THICK FOREST WHILE THEY WERE GONE,0.0952380952380952,30.388115942028985,test-clean,opus,8k,0.0952380952380952,0,0,0,1,0,1,1,0,1,True,False,True,False,True,False,False
981,3575,170457,11,BUT IT IS NOT WITH A VIEW TO DISTINCTION THAT YOU SHOULD CULTIVATE THIS TALENT IF YOU CONSULT YOUR OWN HAPPINESS,BUT IT IS NOT WITH A VIEW TO DISTINCTION THAT YOU SHOULD CULTIVATE THIS TALENT IF YOU CONSULT YOUR OWN HAPPINESS,0.0,BUT IT IS NOT WITH A VIEW TO DISTINCTION THAT YOU SHOULD CULTIVATE THIS TALENT IF YOU CONSULT YOUR UNHAPPINESS,0.0952380952380952,15.584565202304116,test-clean,mp3,16k,0.0952380952380952,0,0,0,1,1,0,1,1,0,True,False,True,False,True,False,False
2085,6432,63722,46,WHAT ARE THE CHANCES OF GETTING HIM OFF LEGALLY IF WE GO AT IT FROM A NEGATIVE STANDPOINT ASKED THE COLONEL,WHAT ARE THE CHANCES OF GETTING HIM OFF LEGALLY IF WE GO AT IT FROM A NEGATIVE STANDPOINT ASKED THE COLONEL,0.0,WHAT ARE THE CHANCES OF GETTING HIM OFF LEGALLY IF WE GO ITIT FROM A NEGATIVE STANDPOINT ASKED THE COLONEL,0.0952380952380952,20.194039735099334,test-other,opus,12k,0.0952380952380952,0,0,0,1,1,0,1,1,0,True,False,True,False,True,False,False
1468,4852,28311,25,HOW THEN DID HE LIVE AND WHAT DID HE EVER SELL,HOW THEN DID HE LIVE AND WHAT DID HE EVER SELL,0.0,HOW THEN DID HE LIVE THAN WHAT DID HE EVER SELL,0.0909090909090909,29.98955223880597,test-other,opus,8k,0.0909090909090909,0,0,0,1,0,0,1,0,0,True,False,True,False,True,False,False
2515,7975,280076,26,I STAYED THERE UNTIL THE EIGHTH OF FEBRUARY EIGHTEEN SEVENTY FOUR,I STAYED THERE UNTIL THE EIGHTH OF FEBRUARY EIGHTEEN SEVENTY FOUR,0.0,I SLAYED THERE UNTIL THE EIGHTH OF FEBRUARY EIGHTEEN SEVENTY FOUR,0.0909090909090909,15.077764439108975,test-other,mp3,16k,0.0909090909090909,0,0,0,1,0,0,1,0,0,True,False,True,False,True,False,False
1337,4294,9934,19,IT IS BADLY PAID WORK BUT ONE CAN LIVE BY IT,IT IS BADLY PAID WORK BUT ONE CAN LIVE BY IT,0.0,IT IS BADLY TAID WORK BUT ONE CAN LIVE BY IT,0.0909090909090909,10.220927005273383,test-other,mp3,24k,0.0909090909090909,0,0,0,1,0,0,1,0,0,True,False,True,False,True,False,False
1337,4294,9934,19,IT IS BADLY PAID WORK BUT ONE CAN LIVE BY IT,IT IS BADLY PAID WORK BUT ONE CAN LIVE BY IT,0.0,IT IS BADLY TAID WORK BUT ONE CAN LIVE BY IT,0.0909090909090909,16.053182214472535,test-other,opus,16k,0.0909090909090909,0,0,0,1,0,0,1,0,0,True,False,True,False,True,False,False
375,1580,141083,41,LET US HEAR THE SUSPICIONS I WILL LOOK AFTER THE PROOFS,LET US HEAR THE SUSPICIONS I WILL LOOK AFTER THE PROOFS,0.0,LET US HEER THE SUSPICIONS I WILL LOOK AFTER THE PROOFS,0.0909090909090909,15.8468992248062,test-clean,opus,16k,0.0909090909090909,0,0,0,1,0,0,1,0,0,True,False,True,False,True,False,False
1337,4294,9934,19,IT IS BADLY PAID WORK BUT ONE CAN LIVE BY IT,IT IS BADLY PAID WORK BUT ONE CAN LIVE BY IT,0.0,IT IS BADLY TAID WORK BUT ONE CAN LIVE BY IT,0.0909090909090909,15.173465183353937,test-other,mp3,16k,0.0909090909090909,0,0,0,1,0,0,1,0,0,True,False,True,False,True,False,False
170,121,127105,36,BUT WAS THAT ALL HER REWARD ONE OF THE LADIES ASKED,BUT WAS THAT ALL HER REWARD ONE OF THE LADIES ASKED,0.0,BUT WITH THAT ALL HER REWARD ONE OF THE LADIES ASKED,0.0909090909090909,15.236555440889806,test-clean,mp3,16k,0.0909090909090909,0,0,0,1,0,0,1,0,0,True,False,True,False,True,False,False
2344,7902,96591,24,A FELLOW WHO WAS SHUT UP IN PRISON FOR LIFE MIGHT DO IT HE SAID BUT NOT IN A CASE LIKE THIS,A FELLOW WHO WAS SHUT UP IN PRISON FOR LIFE MIGHT DO IT HE SAID BUT NOT IN A CASE LIKE THIS,0.0,A FELLOW WHO WAS SHUT UP IN PRISON FOR LIFE MIGHT DOIT HE SAID BUT NOT IN A CASE LIKE THIS,0.0909090909090909,15.83370181678362,test-other,opus,16k,0.0909090909090909,0,0,0,1,1,0,1,1,0,True,False,True,False,True,False,False
2525,8555,284447,24,COME AND GET THE BOOLOOROO SHE SAID GOING TOWARD THE BENCHES,COME AND GET THE BOOLOOROO SHE SAID GOING TOWARD THE BENCHES,0.0,COME AND GET THE BOLLAROO SHE SAID GOING TOWARD THE BENCHES,0.0909090909090909,32.52202498356345,test-clean,opus,8k,0.0909090909090909,0,0,0,1,0,0,1,0,0,True,False,True,False,True,False,False
1150,3997,180297,28,LOOK HERE PRUDENCE DO YOU KNOW WHAT HE WANTS SAID MARGUERITE,LOOK HERE PRUDENCE DO YOU KNOW WHAT HE WANTS SAID MARGUERITE,0.0,LOOK HERE PRUDENCE DO YOU KNOW WHAT HE WANTS SPAID MARGUERITE,0.0909090909090909,15.447639916004748,test-other,mp3,16k,0.0909090909090909,0,0,0,1,0,0,1,0,0,True,False,True,False,True,False,False
212,2033,164914,1,BUT SHE SAID WHOMSOEVER THOU SEEST AWAKE HE IS THE RECITER,BUT SHE SAID WHOMSOEVER THOU SEEST AWAKE HE IS THE RECITER,0.0,BUT SHE SAID WHOMSOEVER THOU SEEST AWAKE HE IS THE RECISER,0.0909090909090909,34.455126157777066,test-other,opus,8k,0.0909090909090909,0,0,0,1,0,0,1,0,0,True,False,True,False,True,False,False
1504,4852,28319,2,CHRIS THEREFORE THREW HIMSELF INTO ALL THE PRELIMINARIES OF HIS TASK,CHRIS THEREFORE THREW HIMSELF INTO ALL THE PRELIMINARIES OF HIS TASK,0.0,CHRIS THEREFORE THREW HIMSELF INTO ALL THE PRILIMINARIES OF HIS TASK,0.0909090909090909,30.30950874973645,test-other,opus,8k,0.0909090909090909,0,0,0,1,0,0,1,0,0,True,False,True,False,True,False,False
952,367,130732,32,RESERVE SOME OF THE SPAWN ALSO HALF OF THE BODY SHELLS WITH WHICH TO MAKE THE CRAWFISH BUTTER TO FINISH THE SOUP,RESERVE SOME OF THE SPAWN ALSO HALF OF THE BODY SHELLS WITH WHICH TO MAKE THE CRAWFISH BUTTER TO FINISH THE SOUP,0.0,RESERVE SOME OF THE FAWN ALSO HALF THE BODY SHELLS WITH WHICH TO MAKE THE CRAWFISH BUTTER TO FINISH THE SOUP,0.0909090909090909,15.516168883075355,test-other,mp3,16k,0.0909090909090909,0,0,0,1,1,0,1,1,0,True,False,True,False,True,False,False
1525,5142,33396,63,AND WOULD HE NOT BE A GOOD GIFT FOR OUR BABY,AND WOULD HE NOT BE A GOOD GIFT FOR OUR BABY,0.0,AND WOULD IT NOT BE A GOOD GIFT FOR OUR BABY,0.0909090909090909,14.893325938251063,test-clean,mp3,16k,0.0909090909090909,0,0,0,1,0,0,1,0,0,True,False,True,False,True,False,False
549,3080,5032,1,I KNEW YOU COULD NOT CHOOSE BUT LIKE HER BUT YET LET ME TELL YOU YOU HAVE SEEN BUT THE WORST OF HER,I KNEW YOU COULD NOT CHOOSE BUT LIKE HER BUT YET LET ME TELL YOU YOU HAVE SEEN BUT THE WORST OF HER,0.0,I KNEW YOU COULD NOT CHOOSE BUT LIKE HER T YET LET ME TELL YOU YOU HAVE SEEN TOT THE WORST OF HER,0.0869565217391304,7.865789061275662,test-other,mp3,32k,0.0869565217391304,0,0,0,2,0,0,2,0,0,True,False,True,False,True,False,False
181,1998,29455,10,THIS LIFE OF THE RABBIT AS DESCRIBED BY MISTER BEALE WAS THE CHILD'S FIRST GLIMPSE OF FREEDOM I'D LIKE TO BE A RABBIT,THIS LIFE OF THE RABBIT AS DESCRIBED BY MISTER BEALE WAS THE CHILD'S FIRST GLIMPSE OF FREEDOM I'D LIKE TO BE A RABBIT,0.0,THI LIFE OF THE RABBIT AS DESCRIBED BY MISTER BERS WAS THE CHILD'S FIRST GLIMPSE OF FREEDOM I'D LIKE TO BE A RABBIT,0.0869565217391304,32.29630603391613,test-other,opus,8k,0.0869565217391304,0,0,0,2,0,0,2,0,0,True,False,True,False,True,False,False
1500,4852,28312,30,THEY MOVED INTO THE INN THE COACH RATTLED OFF TO THE STABLE,THEY MOVED INTO THE INN THE COACH RATTLED OFF TO THE STABLE,0.0,THEY MOVED INTO THE ENN THE COACH RATTLED OFF TO THE STABLE,0.0833333333333333,3.8420855851262714,test-other,mp3,64k,0.0833333333333333,0,0,0,1,0,0,1,0,0,True,False,True,False,True,False,False
2475,7975,280057,20,WHEN I WAS TAKEN PRISONER I EXPECTED TO BE SHOT WITHOUT CEREMONY,WHEN I WAS TAKEN PRISONER I EXPECTED TO BE SHOT WITHOUT CEREMONY,0.0,WHEN I WAS SECOND PRISONER I EXPECTED TO BE SHOT WITHOUT CEREMONY,0.0833333333333333,29.572439088289237,test-other,opus,8k,0.0833333333333333,0,0,0,1,0,0,1,0,0,True,False,True,False,True,False,False
1630,5683,32866,6,YES SO THEY SAID BUT THAT WOULD I THINK HAVE BEEN WORSE,YES SO THEY SAID BUT THAT WOULD I THINK HAVE BEEN WORSE,0.0,YES THOUGH THEY SAID BUT THAT WOULD I THINK HAVE BEEN WORSE,0.0833333333333333,15.223688663282571,test-clean,mp3,16k,0.0833333333333333,0,0,0,1,0,0,1,0,0,True,False,True,False,True,False,False
809,2830,3980,12,THE MOST THEY COULD CLAIM IS THAT THEY WERE SENT BY OTHERS,THE MOST THEY COULD CLAIM IS THAT THEY WERE SENT BY OTHERS,0.0,THE MOST THEY CAN CLAIM IS THAT THEY WERE SENT BY OTHERS,0.0833333333333333,31.561383285302597,test-clean,opus,8k,0.0833333333333333,0,0,0,1,0,0,1,0,0,True,False,True,False,True,False,False
1309,4294,35475,18,IN A VERY SHORT TIME THE PRINCE HAD CRAWLED THROUGH THE OPENING,IN A VERY SHORT TIME THE PRINCE HAD CRAWLED THROUGH THE OPENING,0.0,IN A VERY SHORT TIME THE PRINCE IN CRAWLED THROUGH THE OPENING,0.0833333333333333,20.712474297464016,test-other,opus,12k,0.0833333333333333,0,0,0,1,0,0,1,0,0,True,False,True,False,True,False,False
431,2609,169640,16,THE STILLNESS THAT REIGNED ON BOTH SIDES WAS LIKE THAT OF DEATH,THE STILLNESS THAT REIGNED ON BOTH SIDES WAS LIKE THAT OF DEATH,0.0,THE STILLNESS THAT RAING ON BOTH SIDES WAS LIKE THAT OF DEATH,0.0833333333333333,20.023248969982344,test-other,opus,12k,0.0833333333333333,0,0,0,1,0,0,1,0,0,True,False,True,False,True,False,False
431,2609,169640,16,THE STILLNESS THAT REIGNED ON BOTH SIDES WAS LIKE THAT OF DEATH,THE STILLNESS THAT REIGNED ON BOTH SIDES WAS LIKE THAT OF DEATH,0.0,THE STILLNESS THAT REINED ON BOTH SIDES WAS LIKE THAT OF DEATH,0.0833333333333333,7.71023854042722,test-other,mp3,32k,0.0833333333333333,0,0,0,1,0,0,1,0,0,True,False,True,False,True,False,False
1756,61,70970,12,YET HE WILL TEACH YOU A FEW TRICKS WHEN MORNING IS COME,YET HE WILL TEACH YOU A FEW TRICKS WHEN MORNING IS COME,0.0,YET HE WILL TEACH YOU A FEW TRICKS WHEN WARNING IS COME,0.0833333333333333,7.614562002275313,test-clean,mp3,32k,0.0833333333333333,0,0,0,1,0,0,1,0,0,True,False,True,False,True,False,False
2475,7975,280057,20,WHEN I WAS TAKEN PRISONER I EXPECTED TO BE SHOT WITHOUT CEREMONY,WHEN I WAS TAKEN PRISONER I EXPECTED TO BE SHOT WITHOUT CEREMONY,0.0,WHEN I WAS SAKEND PRISONER I EXPECTED TO BE SHOT WITHOUT CEREMONY,0.0833333333333333,19.89390200916461,test-other,opus,12k,0.0833333333333333,0,0,0,1,0,0,1,0,0,True,False,True,False,True,False,False
2475,7975,280057,20,WHEN I WAS TAKEN PRISONER I EXPECTED TO BE SHOT WITHOUT CEREMONY,WHEN I WAS TAKEN PRISONER I EXPECTED TO BE SHOT WITHOUT CEREMONY,0.0,WHEN I WAS SECOND PRISONER I EXPECTED TO BE SHOT WITHOUT CEREMONY,0.0833333333333333,15.202424242424245,test-other,mp3,16k,0.0833333333333333,0,0,0,1,0,0,1,0,0,True,False,True,False,True,False,False
334,2414,159411,11,AT A LITTLE DISTANCE THEY FOUND A BULLOCK LYING BY THE ROADSIDE,AT A LITTLE DISTANCE THEY FOUND A BULLOCK LYING BY THE ROADSIDE,0.0,AT A LITTLE DISTANCE THEYRE FOUND A BULLOCK LYING BY THE ROADSIDE,0.0833333333333333,33.71028606208156,test-other,opus,8k,0.0833333333333333,0,0,0,1,0,0,1,0,0,True,False,True,False,True,False,False
2475,7975,280057,20,WHEN I WAS TAKEN PRISONER I EXPECTED TO BE SHOT WITHOUT CEREMONY,WHEN I WAS TAKEN PRISONER I EXPECTED TO BE SHOT WITHOUT CEREMONY,0.0,WHEN I WAS SECOND PRISONER I EXPECTED TO BE SHOT WITHOUT CEREMONY,0.0833333333333333,10.238367346938777,test-other,mp3,24k,0.0833333333333333,0,0,0,1,0,0,1,0,0,True,False,True,False,True,False,False
1500,4852,28312,30,THEY MOVED INTO THE INN THE COACH RATTLED OFF TO THE STABLE,THEY MOVED INTO THE INN THE COACH RATTLED OFF TO THE STABLE,0.0,THEY MOVED INTO THE ENN THE COACH RATTLED OFF TO THE STABLE,0.0833333333333333,15.077764439108975,test-other,mp3,16k,0.0833333333333333,0,0,0,1,0,0,1,0,0,True,False,True,False,True,False,False
1390,4350,9170,8,THE ARMY HAS ALWAYS BEEN AND STILL IS THE BASIS OF POWER,THE ARMY HAS ALWAYS BEEN AND STILL IS THE BASIS OF POWER,0.0,THE ARMY HAS ALWAYS BEEN AND STILL IS A BASIS OF POWER,0.0833333333333333,15.099106309190343,test-other,mp3,16k,0.0833333333333333,0,0,0,1,0,0,1,0,0,True,False,True,False,True,False,False
334,2414,159411,11,AT A LITTLE DISTANCE THEY FOUND A BULLOCK LYING BY THE ROADSIDE,AT A LITTLE DISTANCE THEY FOUND A BULLOCK LYING BY THE ROADSIDE,0.0,AT A LITTLE DISTANCE THEYE FOUND A BULLOCK LYING BY THE ROADSIDE,0.0833333333333333,15.372189841798502,test-other,mp3,16k,0.0833333333333333,0,0,0,1,0,0,1,0,0,True,False,True,False,True,False,False
1756,61,70970,12,YET HE WILL TEACH YOU A FEW TRICKS WHEN MORNING IS COME,YET HE WILL TEACH YOU A FEW TRICKS WHEN MORNING IS COME,0.0,YET HE WILL TEACH YOU A FEW TRICKS WHEN WARNING IS COME,0.0833333333333333,10.095324283559576,test-clean,mp3,24k,0.0833333333333333,0,0,0,1,0,0,1,0,0,True,False,True,False,True,False,False
431,2609,169640,16,THE STILLNESS THAT REIGNED ON BOTH SIDES WAS LIKE THAT OF DEATH,THE STILLNESS THAT REIGNED ON BOTH SIDES WAS LIKE THAT OF DEATH,0.0,THE STILLNESS THAT REINED ON BOTH SIDES WAS LIKE THAT OF DEATH,0.0833333333333333,7.801295648684286,test-other,opus,32k,0.0833333333333333,0,0,0,1,0,0,1,0,0,True,False,True,False,True,False,False
431,2609,169640,16,THE STILLNESS THAT REIGNED ON BOTH SIDES WAS LIKE THAT OF DEATH,THE STILLNESS THAT REIGNED ON BOTH SIDES WAS LIKE THAT OF DEATH,0.0,THE STILLNESS THAT REINED ON BOTH SIDES WAS LIKE THAT OF DEATH,0.0833333333333333,3.86794008129388,test-other,mp3,64k,0.0833333333333333,0,0,0,1,0,0,1,0,0,True,False,True,False,True,False,False
2063,7021,85628,3,NOW THIS KNIFE WAS A SPLENDID ONE THOUGH HALF THE BLADE WAS GONE AND THE HANDLE WAS A LITTLE CRACKED AND ANDERS KNEW THAT ONE IS ALMOST A MAN AS SOON AS ONE HAS A JACK KNIFE,NOW THIS KNIFE WAS A SPLENDID ONE THOUGH HALF THE BLADE WAS GONE AND THE HANDLE WAS A LITTLE CRACKED AND ANDERS KNEW THAT ONE IS ALMOST A MAN AS SOON AS ONE HAS A JACK KNIFE,0.0,NOW THIS KNIFE WAS A SPLENDID ONE THOUGH HALF THE BLADE WAS GONE AND THA HANDLE WAS A LITTLE CRACKED AND ANDERS KNEW THAT ONE IS ALMOST A MAN AS SOON AS ONE HAS A JACKNISE,0.081081081081081,32.1946052631579,test-clean,opus,8k,0.081081081081081,0,0,0,2,1,0,2,1,0,True,False,True,False,True,False,False
1951,6070,86745,0,THEN SHOULD ANYTHING APPEAR TO MERIT A MORE MINUTE EXAMINATION ALBERT DE MORCERF COULD FOLLOW UP HIS RESEARCHES BY MEANS OF A SMALL GATE SIMILAR TO THAT CLOSE TO THE CONCIERGE'S DOOR AND WHICH MERITS A PARTICULAR DESCRIPTION,THEN SHOULD ANYTHING APPEAR TO MERIT A MORE MINUTE EXAMINATION ALBERT DE MORCERF COULD FOLLOW UP HIS RESEARCHES BY MEANS OF A SMALL GATE SIMILAR TO THAT CLOSE TO THE CONCIERGE'S DOOR AND WHICH MERITS A PARTICULAR DESCRIPTION,0.0,THEN SHOULD ANYTHING APPEAR TO MERIT A MORE MINUTE EXAMINATION ALBERT DE MORCERF COULD FOLLOW UP HIS RESEARCHES BY MEANS OF A SMALL GATE SIMILAR TO THAT CLAUSE TO THE CONCIERGE'S DOR AND WHICH MERITS HA PARTICULAR DESCRIPTION,0.0789473684210526,7.933217731537059,test-other,mp3,32k,0.0789473684210526,0,0,0,3,0,0,3,0,0,True,False,True,False,True,False,False
2369,7902,96592,24,BEEN PLAYING THE SPY THAT'S WHAT YOU'VE BEEN DOING WHO LOCKED YOU IN,BEEN PLAYING THE SPY THAT'S WHAT YOU'VE BEEN DOING WHO LOCKED YOU IN,0.0,BEEN PLAYING THE SPY THAT'S WHAT YOU'VE BEEN DOING THE LOCKED YOU IN,0.0769230769230769,10.234502481285222,test-other,mp3,24k,0.0769230769230769,0,0,0,1,0,0,1,0,0,True,False,True,False,True,False,False
1147,4446,2273,9,IT'S NOT PARTICULARLY RARE SHE SAID BUT SOME OF IT WAS MY MOTHER'S,IT'S NOT PARTICULARLY RARE SHE SAID BUT SOME OF IT WAS MY MOTHER'S,0.0,IT'S NOT PARTICULARLY RARE SHE SAID BUT SOME AS IT WAS MY MOTHER'S,0.0769230769230769,31.594494961907102,test-clean,opus,8k,0.0769230769230769,0,0,0,1,0,0,1,0,0,True,False,True,False,True,False,False
1379,4350,10919,31,FINALLY HIS DECISION WAS PRONOUNCED THEY WERE TO GO ABROAD BUT TO PUT NO FAITH IN FOREIGN QUACKS AND TO APPLY TO HIM IN ANY NEED,FINALLY HIS DECISION WAS PRONOUNCED THEY WERE TO GO ABROAD BUT TO PUT NO FAITH IN FOREIGN QUACKS AND TO APPLY TO HIM IN ANY NEED,0.0,FINALLY HIS DECISION WAS PRONOUNCED THEY WERE TO GO ABROAD BUT TO PUT NO FATE IN FOREIGN QUECTS AND TO APPLY TO HIM IN ANY NEED,0.0769230769230769,7.856469620773635,test-other,mp3,32k,0.0769230769230769,0,0,0,2,0,0,2,0,0,True,False,True,False,True,False,False
214,2033,164914,3,REJOINED THE EUNUCH WHO THEN WAS THE RECITER POINT HIM OUT TO ME,REJOINED THE EUNUCH WHO THEN WAS THE RECITER POINT HIM OUT TO ME,0.0,REJOINED THE EUNUCH WHO THEN WAS THE RESITER POINT HIM OUT TO ME,0.0769230769230769,33.05149330587024,test-other,opus,8k,0.0769230769230769,0,0,0,1,0,0,1,0,0,True,False,True,False,True,False,False
875,3538,163622,7,COME HITHER COME HITHER MY HANDSOME SON AND LET ME COMB YOUR HAIR,COME HITHER COME HITHER MY HANDSOME SON AND LET ME COMB YOUR HAIR,0.0,COME HITHER COME HITHER MY HANDSOME FUN AND LET ME COMB YOUR HAIR,0.0769230769230769,29.80537580886013,test-other,opus,8k,0.0769230769230769,0,0,0,1,0,0,1,0,0,True,False,True,False,True,False,False
1132,3997,180297,10,I FANCIED FOR A MOMENT THAT I MIGHT GIVE MYSELF THAT HAPPINESS FOR SIX MONTHS YOU WOULD NOT HAVE IT YOU INSISTED ON KNOWING THE MEANS,I FANCIED FOR A MOMENT THAT I MIGHT GIVE MYSELF THAT HAPPINESS FOR SIX MONTHS YOU WOULD NOT HAVE IT YOU INSISTED ON KNOWING THE MEANS,0.0,I FANCIED FOR A MOMENT THAT I MIGHT GIVE MYSELF THAT HAPPINESS FOR SIX MONTHS YOU WOULD NOT HAVE IT YOU INSISTED ON NOWING THE MEAN,0.0769230769230769,32.437513306365766,test-other,opus,8k,0.0769230769230769,0,0,0,2,0,0,2,0,0,True,False,True,False,True,False,False
214,2033,164914,3,REJOINED THE EUNUCH WHO THEN WAS THE RECITER POINT HIM OUT TO ME,REJOINED THE EUNUCH WHO THEN WAS THE RECITER POINT HIM OUT TO ME,0.0,REJOINED THE EUNUCH WHO THEN WAS THE RESITER POINT HIM OUT TO ME,0.0769230769230769,15.447894103489771,test-other,mp3,16k,0.0769230769230769,0,0,0,1,0,0,1,0,0,True,False,True,False,True,False,False
1379,4350,10919,31,FINALLY HIS DECISION WAS PRONOUNCED THEY WERE TO GO ABROAD BUT TO PUT NO FAITH IN FOREIGN QUACKS AND TO APPLY TO HIM IN ANY NEED,FINALLY HIS DECISION WAS PRONOUNCED THEY WERE TO GO ABROAD BUT TO PUT NO FAITH IN FOREIGN QUACKS AND TO APPLY TO HIM IN ANY NEED,0.0,FINALLY HIS DECISION WAS PRONOUNCED THEY WERE TO GO ABROAD BUT TO PUT NO FAITH IN FOREIGN QUAX AND TO APPLY TO HIM IND ANY NEED,0.0769230769230769,10.450502755690184,test-other,mp3,24k,0.0769230769230769,0,0,0,2,0,0,2,0,0,True,False,True,False,True,False,False
2369,7902,96592,24,BEEN PLAYING THE SPY THAT'S WHAT YOU'VE BEEN DOING WHO LOCKED YOU IN,BEEN PLAYING THE SPY THAT'S WHAT YOU'VE BEEN DOING WHO LOCKED YOU IN,0.0,BEEN PLAYING THE SPY THAT'S WHAT YOU'VE BEEN DOING WE LOCKED YOU IN,0.0769230769230769,15.872423689016436,test-other,opus,16k,0.0769230769230769,0,0,0,1,0,0,1,0,0,True,False,True,False,True,False,False
636,3331,159605,27,ASKED THE ARTFUL YOUNG MAN LAYING A TRAP INTO WHICH POLLY IMMEDIATELY FELL,ASKED THE ARTFUL YOUNG MAN LAYING A TRAP INTO WHICH POLLY IMMEDIATELY FELL,0.0,ASKED THE ARTFUL YOUNG MAN LAYING A TRAP INTO WHICH PARLY IMMEDIATELY FELL,0.0769230769230769,10.28223446961965,test-other,mp3,24k,0.0769230769230769,0,0,0,1,0,0,1,0,0,True,False,True,False,True,False,False
2415,7902,96594,19,WHAT FOR THERE AREN'T A PUBLIC HOUSE FOR TEN MILES DIDN'T MEAN THAT,WHAT FOR THERE AREN'T A PUBLIC HOUSE FOR TEN MILES DIDN'T MEAN THAT,0.0,WHAT FOR THERE AREN'T A PUBLIC HOUSE FOR TEN MILES DIDN'T MEAN THEN,0.0769230769230769,21.50423255071075,test-other,opus,12k,0.0769230769230769,0,0,0,1,0,0,1,0,0,True,False,True,False,True,False,False
942,3570,5694,22,THE LIVERY BECOMES OBNOXIOUS TO NEARLY ALL WHO ARE REQUIRED TO WEAR IT,THE LIVERY BECOMES OBNOXIOUS TO NEARLY ALL WHO ARE REQUIRED TO WEAR IT,0.0,THE LIBERY BECOMES OBNOXIOUS TO NEARLY ALL WHO ARE REQUIRED TO WEAR IT,0.0769230769230769,15.264513264513264,test-clean,mp3,16k,0.0769230769230769,0,0,0,1,0,0,1,0,0,True,False,True,False,True,False,False
2415,7902,96594,19,WHAT FOR THERE AREN'T A PUBLIC HOUSE FOR TEN MILES DIDN'T MEAN THAT,WHAT FOR THERE AREN'T A PUBLIC HOUSE FOR TEN MILES DIDN'T MEAN THAT,0.0,WHAT FOR THERE AREN'T A PUBLIC OUSE FOR TEN MILES DIDN'T MEAN THAT,0.0769230769230769,10.295786495373555,test-other,mp3,24k,0.0769230769230769,0,0,0,1,0,0,1,0,0,True,False,True,False,True,False,False
1126,3997,180297,4,MY DEAR PRUDENCE I ANSWERED YOU DO NOT KNOW WHAT YOU ARE SAYING,MY DEAR PRUDENCE I ANSWERED YOU DO NOT KNOW WHAT YOU ARE SAYING,0.0,MY DEAR PRUDENCE I ANSWERED YOU DI NOT KNOW WHAT YOU ARE SAYING,0.0769230769230769,7.758815846756639,test-other,mp3,32k,0.0769230769230769,0,0,0,1,0,0,1,0,0,True,False,True,False,True,False,False
1157,4446,2273,19,COME WE'LL HAVE OUR COFFEE IN THE OTHER ROOM AND YOU CAN SMOKE,COME WE'LL HAVE OUR COFFEE IN THE OTHER ROOM AND YOU CAN SMOKE,0.0,COME WE'LL HAVE HER COFFEE IN THE OTHER ROOM AND YOU CAN SMOKE,0.0769230769230769,21.504203492131925,test-clean,opus,12k,0.0769230769230769,0,0,0,1,0,0,1,0,0,True,False,True,False,True,False,False
2369,7902,96592,24,BEEN PLAYING THE SPY THAT'S WHAT YOU'VE BEEN DOING WHO LOCKED YOU IN,BEEN PLAYING THE SPY THAT'S WHAT YOU'VE BEEN DOING WHO LOCKED YOU IN,0.0,BEEN PLAYING THE SPY THAT'S WHAT YOU'VE BEEN DOING WHE LOCKED YOU IN,0.0769230769230769,20.61989493306219,test-other,opus,12k,0.0769230769230769,0,0,0,1,0,0,1,0,0,True,False,True,False,True,False,False
2746,8188,269290,15,OH I WON'T LOCK YOU OUT SHE SAID BUT I MUST HAVE THE KEY,OH I WON'T LOCK YOU OUT SHE SAID BUT I MUST HAVE THE KEY,0.0,OH I WON'T LOOK YOU OUT SHE SAID BUT I MUST HAVE THE KEY,0.0714285714285714,15.166864843440347,test-other,mp3,16k,0.0714285714285714,0,0,0,1,0,0,1,0,0,True,False,True,False,True,False,False
1134,4446,2271,21,SHE MUST CARE ABOUT THE THEATRE A GREAT DEAL MORE THAN SHE USED TO,SHE MUST CARE ABOUT THE THEATRE A GREAT DEAL MORE THAN SHE USED TO,0.0,HE MUST CARE ABOUT THE THEATRE A GREAT DEAL MORE THAN SHE USED TO,0.0714285714285714,30.83527184203408,test-clean,opus,8k,0.0714285714285714,0,0,0,1,0,0,1,0,0,True,False,True,False,True,False,False
1887,5764,299665,83,FOR THOUSANDS OF YEARS MEN AND WOMEN HAVE BEEN TRYING TO REFORM THE WORLD,FOR THOUSANDS OF YEARS MEN AND WOMEN HAVE BEEN TRYING TO REFORM THE WORLD,0.0,FOR THOUSANDS OF YEARS MEN AND WOMEN HAVE BEEN CRYING TO REFORM THE WORLD,0.0714285714285714,15.667581412367362,test-other,opus,16k,0.0714285714285714,0,0,0,1,0,0,1,0,0,True,False,True,False,True,False,False
741,3528,168669,46,IF YOU HAD A LITTLE MORE FAITH AND IF YOU COULD HAVE BEEN IN HER CELL SHE WOULD HAVE CURED YOUR LEG MERELY BY TOUCHING IT SHE SMILED,IF YOU HAD A LITTLE MORE FAITH AND IF YOU COULD HAVE BEEN IN HER CELL SHE WOULD HAVE CURED YOUR LEG MERELY BY TOUCHING IT SHE SMILED,0.0,IF YOU HAD A LITTLE MORE FAITH AND IF YOU COULD HAVE BEEN IN HERSELF SHE WOULD HAVE CURED YOUR LEG MERELY BY TOUCHING IT SHE SMILED,0.0714285714285714,10.46068282385418,test-other,mp3,24k,0.0714285714285714,0,0,0,1,1,0,1,1,0,True,False,True,False,True,False,False
741,3528,168669,46,IF YOU HAD A LITTLE MORE FAITH AND IF YOU COULD HAVE BEEN IN HER CELL SHE WOULD HAVE CURED YOUR LEG MERELY BY TOUCHING IT SHE SMILED,IF YOU HAD A LITTLE MORE FAITH AND IF YOU COULD HAVE BEEN IN HER CELL SHE WOULD HAVE CURED YOUR LEG MERELY BY TOUCHING IT SHE SMILED,0.0,IF YOU HAD A LITTLE MORE FAITH AND IF YOU COULD HAVE BEEN IN HERCELL SHE WOULD HAVE CURED YOUR LEG MERELY BY TOUCHING IT SHE SMILED,0.0714285714285714,3.938765839715076,test-other,mp3,64k,0.0714285714285714,0,0,0,1,1,0,1,1,0,True,False,True,False,True,False,False
762,3528,168669,67,YOU WILL RAISE THE STONE WITH THE BAR BY MEANS OF THE RING BUT,YOU WILL RAISE THE STONE WITH THE BAR BY MEANS OF THE RING BUT,0.0,YOU WILL RAISE THE STONE WITH THE BAR BY MEANS OF THE RIN BUT,0.0714285714285714,10.347553922569231,test-other,mp3,24k,0.0714285714285714,0,0,0,1,0,0,1,0,0,True,False,True,False,True,False,False
741,3528,168669,46,IF YOU HAD A LITTLE MORE FAITH AND IF YOU COULD HAVE BEEN IN HER CELL SHE WOULD HAVE CURED YOUR LEG MERELY BY TOUCHING IT SHE SMILED,IF YOU HAD A LITTLE MORE FAITH AND IF YOU COULD HAVE BEEN IN HER CELL SHE WOULD HAVE CURED YOUR LEG MERELY BY TOUCHING IT SHE SMILED,0.0,IF YOU HAD A LITTLE MORE FAITH AND IF YOU COULD HAVE BEEN IN HERSELF SHE WOULD HAVE CURED YOUR LEG MERELY BY TOUCHING IT SHE SMILED,0.0714285714285714,7.863468522078794,test-other,mp3,32k,0.0714285714285714,0,0,0,1,1,0,1,1,0,True,False,True,False,True,False,False
2737,8188,269290,6,YOU DON'T KNOW WHAT A TRIAL IT IS FOR ME TO HAVE YOU HERE,YOU DON'T KNOW WHAT A TRIAL IT IS FOR ME TO HAVE YOU HERE,0.0,YOU DON'T KNOW WHAT A CRIALD IT IS FOR ME TO HAVE YOU HERE,0.0714285714285714,15.052858683926646,test-other,mp3,16k,0.0714285714285714,0,0,0,1,0,0,1,0,0,True,False,True,False,True,False,False
778,3528,168669,83,ON ONE SIDE SAINT BERNARD ON THE OTHER THE AGENT OF THE SANITARY DEPARTMENT,ON ONE SIDE SAINT BERNARD ON THE OTHER THE AGENT OF THE SANITARY DEPARTMENT,0.0,ON ONE SIDE SAINT BERNARD ON THE OTHER THE AGENT OF THE SENATARY DEPARTMENT,0.0714285714285714,30.803015274747075,test-other,opus,8k,0.0714285714285714,0,0,0,1,0,0,1,0,0,True,False,True,False,True,False,False
31,1688,142285,31,ONCE MARGARET HAD GONE INTO THE CHAMBER SOON AFTER DIXON LEFT IT AND FOUND HER MOTHER ON HER KNEES AND AS MARGARET STOLE OUT SHE CAUGHT A FEW WORDS WHICH WERE EVIDENTLY A PRAYER FOR STRENGTH AND PATIENCE TO ENDURE SEVERE BODILY SUFFERING,ONCE MARGARET HAD GONE INTO THE CHAMBER SOON AFTER DIXON LEFT IT AND FOUND HER MOTHER ON HER KNEES AND AS MARGARET STOLE OUT SHE CAUGHT A FEW WORDS WHICH WERE EVIDENTLY A PRAYER FOR STRENGTH AND PATIENCE TO ENDURE SEVERE BODILY SUFFERING,0.0,ONCE MARGARET HAD GONE INTO THE CHAMBER SOON AFTER DIXON LIFTET AND FOUND HER MOTHER ON HER KNEES AND AS MARGARET STOLE OUT SHE CAUGHT A FEW WORDS WHICH WERE EVIDENTLY A PRAYER FOR STRENGTH AND PATIENCE TO INDURE SEVERE BODILY SUFFERING,0.0697674418604651,15.338563359388372,test-other,opus,16k,0.0697674418604651,0,0,0,2,1,0,2,1,0,True,False,True,False,True,False,False
1982,6128,63240,11,IF YOU ARE GOING TO DINE WITH HER YOU HAD BETTER KNOW IT OH MURDER,IF YOU ARE GOING TO DINE WITH HER YOU HAD BETTER KNOW IT OH MURDER,0.0,IF YOU ARE GOING TO DINE WITH HER YOU HAD BETTER KNOW IT OH MURDERE,0.0666666666666666,20.663118811881187,test-other,opus,12k,0.0666666666666666,0,0,0,1,0,0,1,0,0,True,False,True,False,True,False,False
2262,7729,102255,29,TEN DAYS WERE CONSUMED IN THESE NEGOTIATIONS BUT THE SPIRIT OF VENGEANCE REFUSED TO YIELD,TEN DAYS WERE CONSUMED IN THESE NEGOTIATIONS BUT THE SPIRIT OF VENGEANCE REFUSED TO YIELD,0.0,TEN DAYS WERE CONSUMED IN THESE NEGOTIATIONS BUT THE SPIRIT OF DENGEANCE REFUSED TO YIELD,0.0666666666666666,31.245403013963777,test-clean,opus,8k,0.0666666666666666,0,0,0,1,0,0,1,0,0,True,False,True,False,True,False,False
1629,5683,32866,5,AND HE MADE A LITTLE DIP OF HIS CANE TOWARDS BRANDON HALL OVER HIS SHOULDER,AND HE MADE A LITTLE DIP OF HIS CANE TOWARDS BRANDON HALL OVER HIS SHOULDER,0.0,AND HE MADE A LITTLE DIP OF HIS CANE TOWARD BRANDON HALL OVER HIS SHOULDER,0.0666666666666666,30.01593137254902,test-clean,opus,8k,0.0666666666666666,0,0,0,1,0,0,1,0,0,True,False,True,False,True,False,False
141,121,127105,7,TO THIS HIS ANSWER WAS PROMPT OH THANK GOD NO AND IS THE RECORD YOURS,TO THIS HIS ANSWER WAS PROMPT OH THANK GOD NO AND IS THE RECORD YOURS,0.0,TO THIS HIS ANSWER WAS PROMPT OH THANK GOD NO AND IS THE WRECORD YOURS,0.0666666666666666,15.496864810634564,test-clean,mp3,16k,0.0666666666666666,0,0,0,1,0,0,1,0,0,True,False,True,False,True,False,False
1982,6128,63240,11,IF YOU ARE GOING TO DINE WITH HER YOU HAD BETTER KNOW IT OH MURDER,IF YOU ARE GOING TO DINE WITH HER YOU HAD BETTER KNOW IT OH MURDER,0.0,IF YOU ARE GOING TO DINE WITH HER YOU HAD BETTER KNOW IT OH MARZARI,0.0666666666666666,31.25968919677963,test-other,opus,8k,0.0666666666666666,0,0,0,1,0,0,1,0,0,True,False,True,False,True,False,False
95,1688,142285,95,THEY CARED TOO LITTLE TO ASK IN WHAT MANNER HER SON HAD SPOKEN ABOUT HER,THEY CARED TOO LITTLE TO ASK IN WHAT MANNER HER SON HAD SPOKEN ABOUT HER,0.0,THEY CERED TOO LITTLE TO ASK IN WHAT MANNER HER SON HAD SPOKEN ABOUT HER,0.0666666666666666,28.95348435068304,test-other,opus,8k,0.0666666666666666,0,0,0,1,0,0,1,0,0,True,False,True,False,True,False,False
1858,672,122797,73,THE WOOD FLAMED UP SPLENDIDLY UNDER THE LARGE BREWING COPPER AND IT SIGHED SO DEEPLY,THE WOOD FLAMED UP SPLENDIDLY UNDER THE LARGE BREWING COPPER AND IT SIGHED SO DEEPLY,0.0,THE WOOD FLAMED UP SPLENDIDLY UNDER THE LARGE BROEWING COPPER AND IT SIGHED SO DEEPLY,0.0666666666666666,1.973223341672865,test-clean,mp3,128k,0.0666666666666666,0,0,0,1,0,0,1,0,0,True,False,True,False,True,False,False
1469,5142,33396,7,AT THE PROW I CARVED THE HEAD WITH OPEN MOUTH AND FORKED TONGUE THRUST OUT,AT THE PROW I CARVED THE HEAD WITH OPEN MOUTH AND FORKED TONGUE THRUST OUT,0.0,AT THE PROW I CAVED THE HEAD WITH OPEN MOUTH AND FORKED TONGUE THRUST OUT,0.0666666666666666,10.307254254837249,test-clean,mp3,24k,0.0666666666666666,0,0,0,1,0,0,1,0,0,True,False,True,False,True,False,False
141,121,127105,7,TO THIS HIS ANSWER WAS PROMPT OH THANK GOD NO AND IS THE RECORD YOURS,TO THIS HIS ANSWER WAS PROMPT OH THANK GOD NO AND IS THE RECORD YOURS,0.0,TO THIS HIS ANSWER WAS PROMPT OH THANK GOD NO AND IS THE WRECORD YOURS,0.0666666666666666,22.11909307875895,test-clean,opus,12k,0.0666666666666666,0,0,0,1,0,0,1,0,0,True,False,True,False,True,False,False
1311,4970,29095,6,IS THY FATHER WILLING THEE SHOULD GO AWAY TO A SCHOOL OF THE WORLD'S PEOPLE,IS THY FATHER WILLING THEE SHOULD GO AWAY TO A SCHOOL OF THE WORLD'S PEOPLE,0.0,IS THY FATHER WILLING THESE SHOULD GO AWAY TO A SCHOOL OF THE WORLD'S PEOPLE,0.0666666666666666,31.85354996661473,test-clean,opus,8k,0.0666666666666666,0,0,0,1,0,0,1,0,0,True,False,True,False,True,False,False
2316,8230,279154,4,THERE IS NO LOGICAL IMPOSSIBILITY IN THE HYPOTHESIS THAT THE WORLD SPRANG INTO BEING FIVE MINUTES AGO EXACTLY AS IT THEN WAS WITH A POPULATION THAT REMEMBERED A WHOLLY UNREAL PAST,THERE IS NO LOGICAL IMPOSSIBILITY IN THE HYPOTHESIS THAT THE WORLD SPRANG INTO BEING FIVE MINUTES AGO EXACTLY AS IT THEN WAS WITH A POPULATION THAT REMEMBERED A WHOLLY UNREAL PAST,0.0,THERE IS NO LOGICAL IMPOSSIBILITY AND THE HYPOTHESIS THAT THE WORLD SPRANG INTO BEING FIVE MINUTES AGO EXACTLY AS IT THEN WAS WITH THE POPULATION THAT REMEMBERED A WHOLLY UNREAL PAST,0.064516129032258,15.77777777777778,test-clean,mp3,16k,0.064516129032258,0,0,0,2,0,0,2,0,0,True,False,True,False,True,False,False
1500,5142,33396,38,HE SHALL NOT LEAVE YOU DAY OR NIGHT WHETHER YOU ARE WORKING OR PLAYING OR SLEEPING,HE SHALL NOT LEAVE YOU DAY OR NIGHT WHETHER YOU ARE WORKING OR PLAYING OR SLEEPING,0.0,HE SHALL NOT LEAVE YOU DAY OR NIGHT WHETHER YOU AR WORKING OR PLAYING OR SLEEPING,0.0625,15.7234492481203,test-clean,opus,16k,0.0625,0,0,0,1,0,0,1,0,0,True,False,True,False,True,False,False
1500,5142,33396,38,HE SHALL NOT LEAVE YOU DAY OR NIGHT WHETHER YOU ARE WORKING OR PLAYING OR SLEEPING,HE SHALL NOT LEAVE YOU DAY OR NIGHT WHETHER YOU ARE WORKING OR PLAYING OR SLEEPING,0.0,HE SHALL NOT LEAVE YOU DAY OR NIGHT WHETHER YOU AR WORKING OR PLAYING OR SLEEPING,0.0625,10.234610384644796,test-clean,mp3,24k,0.0625,0,0,0,1,0,0,1,0,0,True,False,True,False,True,False,False
1500,5142,33396,38,HE SHALL NOT LEAVE YOU DAY OR NIGHT WHETHER YOU ARE WORKING OR PLAYING OR SLEEPING,HE SHALL NOT LEAVE YOU DAY OR NIGHT WHETHER YOU ARE WORKING OR PLAYING OR SLEEPING,0.0,HE SHALL NOT LEAVE YOU DAY OR NIGHT WHETHER YOU AR WORKING OR PLAYING OR SLEEPING,0.0625,7.709118138356086,test-clean,mp3,32k,0.0625,0,0,0,1,0,0,1,0,0,True,False,True,False,True,False,False
2190,7018,75788,2,HEARING THIS I WAS SORE TROUBLED REMEMBERING WHAT I HAD BEFORE SUFFERED FROM THE APE KIND,HEARING THIS I WAS SORE TROUBLED REMEMBERING WHAT I HAD BEFORE SUFFERED FROM THE APE KIND,0.0,HERING THIS I WAS SORE TROUBLED REMEMBERING WHAT I HAD BEFORE SUFFERED FROM THE APE KIND,0.0625,31.22449632235369,test-other,opus,8k,0.0625,0,0,0,1,0,0,1,0,0,True,False,True,False,True,False,False
2190,7018,75788,2,HEARING THIS I WAS SORE TROUBLED REMEMBERING WHAT I HAD BEFORE SUFFERED FROM THE APE KIND,HEARING THIS I WAS SORE TROUBLED REMEMBERING WHAT I HAD BEFORE SUFFERED FROM THE APE KIND,0.0,HEARING THIS I WAS SOR TROUBLED REMEMBERING WHAT I HAD BEFORE SUFFERED FROM THE APE KIND,0.0625,15.487191688476486,test-other,mp3,16k,0.0625,0,0,0,1,0,0,1,0,0,True,False,True,False,True,False,False
2190,7018,75788,2,HEARING THIS I WAS SORE TROUBLED REMEMBERING WHAT I HAD BEFORE SUFFERED FROM THE APE KIND,HEARING THIS I WAS SORE TROUBLED REMEMBERING WHAT I HAD BEFORE SUFFERED FROM THE APE KIND,0.0,HEARING THIS I WAS SOR TROUBLED REMEMBERING WHAT I HAD BEFORE SUFFERED FROM THE APE KIND,0.0625,20.99537684119987,test-other,opus,12k,0.0625,0,0,0,1,0,0,1,0,0,True,False,True,False,True,False,False
1984,6930,76324,12,WE'LL COME IN HERE THIS AFTERNOON WITH OLD CLOTHES ON AND HAVE A REGULAR HOUSE CLEANING,WE'LL COME IN HERE THIS AFTERNOON WITH OLD CLOTHES ON AND HAVE A REGULAR HOUSE CLEANING,0.0,WILL COME IN HERE THIS AFTERNOON WITH OLD CLOTHES ON AND HAVE A REGULAR HOUSE CLEANING,0.0625,10.291968786686002,test-clean,mp3,24k,0.0625,0,0,0,1,0,0,1,0,0,True,False,True,False,True,False,False
1574,5639,40744,10,IT IS THE ONLY AMENDS I ASK OF YOU FOR THE WRONG YOU HAVE DONE ME,IT IS THE ONLY AMENDS I ASK OF YOU FOR THE WRONG YOU HAVE DONE ME,0.0,IT IS THE ONLY AMEND'S I ASK OF YOU FOR THE WRONG YOU HAVE DONE ME,0.0625,7.726702981315527,test-clean,mp3,32k,0.0625,0,0,0,1,0,0,1,0,0,True,False,True,False,True,False,False
1984,6930,76324,12,WE'LL COME IN HERE THIS AFTERNOON WITH OLD CLOTHES ON AND HAVE A REGULAR HOUSE CLEANING,WE'LL COME IN HERE THIS AFTERNOON WITH OLD CLOTHES ON AND HAVE A REGULAR HOUSE CLEANING,0.0,WE'LL COME IN HERE THIS AFTERNOON WITH OLD CLOTHES ON AND HAVE A REGULAR HOUSE CLINGING,0.0625,15.318943365196834,test-clean,mp3,16k,0.0625,0,0,0,1,0,0,1,0,0,True,False,True,False,True,False,False
1500,5142,33396,38,HE SHALL NOT LEAVE YOU DAY OR NIGHT WHETHER YOU ARE WORKING OR PLAYING OR SLEEPING,HE SHALL NOT LEAVE YOU DAY OR NIGHT WHETHER YOU ARE WORKING OR PLAYING OR SLEEPING,0.0,HE SHALL NOT LEAVE YOU DAY OR NIGHT WHETHER YOU AR WORKING OR PLAYING OR SLEEPING,0.0625,8.335180917979697,test-clean,opus,32k,0.0625,0,0,0,1,0,0,1,0,0,True,False,True,False,True,False,False
1984,6930,76324,12,WE'LL COME IN HERE THIS AFTERNOON WITH OLD CLOTHES ON AND HAVE A REGULAR HOUSE CLEANING,WE'LL COME IN HERE THIS AFTERNOON WITH OLD CLOTHES ON AND HAVE A REGULAR HOUSE CLEANING,0.0,WE'LL COME IN HERE THIS AFTERNOON WITH OLD CLOTHES ON AND HAVE A REGULAR HOUSE CLEANGING,0.0625,15.209511174609654,test-clean,opus,16k,0.0625,0,0,0,1,0,0,1,0,0,True,False,True,False,True,False,False
720,260,123286,18,I SAW AT THE HAMBURG MUSEUM THE SKELETON OF ONE OF THESE CREATURES THIRTY FEET IN LENGTH,I SAW AT THE HAMBURG MUSEUM THE SKELETON OF ONE OF THESE CREATURES THIRTY FEET IN LENGTH,0.0,I SAW AT THE HAMBERG MUSEUM THE SKELETON OF ONE OF THESE CREATURES THIRTY FEET IN LENGTH,0.0588235294117647,7.8021921341070275,test-clean,mp3,32k,0.0588235294117647,0,0,0,1,0,0,1,0,0,True,False,True,False,True,False,False
921,3570,5694,1,THE UTILITY OF CONSUMPTION AS AN EVIDENCE OF WEALTH IS TO BE CLASSED AS A DERIVATIVE GROWTH,THE UTILITY OF CONSUMPTION AS AN EVIDENCE OF WEALTH IS TO BE CLASSED AS A DERIVATIVE GROWTH,0.0,THE UTILITY OF CONSUMPTION AS AN EVIDENCE OF WEALTH IS TO BE CLASSED AS A DERIVITIVE GROWTH,0.0588235294117647,3.914377437355913,test-clean,mp3,64k,0.0588235294117647,0,0,0,1,0,0,1,0,0,True,False,True,False,True,False,False
2297,8224,274381,17,HISTORIANS AT LEAST PERHAPS FROM THEIR OWN IGNORANCE AND INEXPERIENCE HAVE NOT REMARKED ANY THING BUT A HEADLONG IMPETUOUS CONDUCT EACH PARTY HURRYING TO A BATTLE WHERE VALOR AND FORTUNE CHIEFLY DETERMINED THE SUCCESS,HISTORIANS AT LEAST PERHAPS FROM THEIR OWN IGNORANCE AND INEXPERIENCE HAVE NOT REMARKED ANY THING BUT A HEADLONG IMPETUOUS CONDUCT EACH PARTY HURRYING TO A BATTLE WHERE VALOR AND FORTUNE CHIEFLY DETERMINED THE SUCCESS,0.0,HISTORIANS AT LEAST PERHAPS FROM THEIR OWN IGNORANCE AND INEXPERIENCE HAVE NOT REMARKED ANYTHING BUT A HEADLONG IMPETUOUS CONDUCT EACH PARTY HURRYING TO A BATTLE WHERE VALOR AND FORTUNE CHIEFLY DETERMINED THE SUCCESS,0.0588235294117647,7.9302445195101265,test-clean,mp3,32k,0.0588235294117647,0,0,0,1,1,0,1,1,0,True,False,True,False,True,False,False
2523,7975,280084,5,AND I CALLED TO HIM TO GET INSIDE AT THE SAME TIME FIRING A PISTOL SHOT IN THE AIR AS A SIGNAL TO THE THREE BOYS AT THE BRIDGE THAT WE HAD BEEN DISCOVERED,AND I CALLED TO HIM TO GET INSIDE AT THE SAME TIME FIRING A PISTOL SHOT IN THE AIR AS A SIGNAL TO THE THREE BOYS AT THE BRIDGE THAT WE HAD BEEN DISCOVERED,0.0,AND I CALLED TO HIM TO GET INSIDE AT THE SAME TIME FIRING A PISTOL SHOUT IN THE AIR AS THE SIGNAL TO THE THREE BOYS AT THE BRIDGE THAT WE HAD BEEN DISCOVERED,0.0588235294117647,15.621119167131438,test-other,mp3,16k,0.0588235294117647,0,0,0,2,0,0,2,0,0,True,False,True,False,True,False,False
1031,3764,168670,56,ONE OF TWO THINGS WILL HAPPEN HE WILL EITHER BE SOBER OR HE WILL NOT BE SOBER,ONE OF TWO THINGS WILL HAPPEN HE WILL EITHER BE SOBER OR HE WILL NOT BE SOBER,0.0,ONE OR TWO THINGS WILL HAPPEN HE WILL EITHER BE SOBER OR HE WILL NOT BE SOBER,0.0588235294117647,31.796578995769725,test-other,opus,8k,0.0588235294117647,0,0,0,1,0,0,1,0,0,True,False,True,False,True,False,False
2297,8224,274381,17,HISTORIANS AT LEAST PERHAPS FROM THEIR OWN IGNORANCE AND INEXPERIENCE HAVE NOT REMARKED ANY THING BUT A HEADLONG IMPETUOUS CONDUCT EACH PARTY HURRYING TO A BATTLE WHERE VALOR AND FORTUNE CHIEFLY DETERMINED THE SUCCESS,HISTORIANS AT LEAST PERHAPS FROM THEIR OWN IGNORANCE AND INEXPERIENCE HAVE NOT REMARKED ANY THING BUT A HEADLONG IMPETUOUS CONDUCT EACH PARTY HURRYING TO A BATTLE WHERE VALOR AND FORTUNE CHIEFLY DETERMINED THE SUCCESS,0.0,HISTORIANS AT LEAST PERHAPS FROM THEIR OWN IGNORANCE AND INEXPERIENCE HAVE NOT REMARKED ANYTHING BUT A HEADLONG IMPETUOUS CONDUCT EACH PARTY HURRYING TO A BATTLE WHERE VALOR AND FORTUNE CHIEFLY DETERMINED THE SUCCESS,0.0588235294117647,10.562646966246366,test-clean,mp3,24k,0.0588235294117647,0,0,0,1,1,0,1,1,0,True,False,True,False,True,False,False
720,260,123286,18,I SAW AT THE HAMBURG MUSEUM THE SKELETON OF ONE OF THESE CREATURES THIRTY FEET IN LENGTH,I SAW AT THE HAMBURG MUSEUM THE SKELETON OF ONE OF THESE CREATURES THIRTY FEET IN LENGTH,0.0,I SAW AT THE HAMBERD MUSEUM THE SKELETON OF ONE OF THESE CREATURES THIRTY FEET IN LENGTH,0.0588235294117647,15.454916985951469,test-clean,mp3,16k,0.0588235294117647,0,0,0,1,0,0,1,0,0,True,False,True,False,True,False,False
2297,8224,274381,17,HISTORIANS AT LEAST PERHAPS FROM THEIR OWN IGNORANCE AND INEXPERIENCE HAVE NOT REMARKED ANY THING BUT A HEADLONG IMPETUOUS CONDUCT EACH PARTY HURRYING TO A BATTLE WHERE VALOR AND FORTUNE CHIEFLY DETERMINED THE SUCCESS,HISTORIANS AT LEAST PERHAPS FROM THEIR OWN IGNORANCE AND INEXPERIENCE HAVE NOT REMARKED ANY THING BUT A HEADLONG IMPETUOUS CONDUCT EACH PARTY HURRYING TO A BATTLE WHERE VALOR AND FORTUNE CHIEFLY DETERMINED THE SUCCESS,0.0,HISTORIANS AT LEAST PERHAPS FROM THEIR OWN IGNORANCE AND INEXPERIENCE HAVE NOT REMARKED ANYTHING BUT A HEADLONG IMPETUOUS CONDUCT EACH PARTY HURRYING TO A BATTLE WHERE VALOR AND FORTUNE CHIEFLY DETERMINED THE SUCCESS,0.0588235294117647,30.875033825837527,test-clean,opus,8k,0.0588235294117647,0,0,0,1,1,0,1,1,0,True,False,True,False,True,False,False
631,237,126133,17,THERE JAP YOU'VE CAUGHT IT LAUGHED PERCY WHILE THE OTHERS SCREAMED AT THE SIGHT OF JASPER'S FACE,THERE JAP YOU'VE CAUGHT IT LAUGHED PERCY WHILE THE OTHERS SCREAMED AT THE SIGHT OF JASPER'S FACE,0.0,THERE JAP YOU'VE CAUGHT IT LAUGHED PERCY WHILE THE OTHERS SCREAMED AT THE SIDE OF JASPER'S FACE,0.0588235294117647,32.8049504950495,test-clean,opus,8k,0.0588235294117647,0,0,0,1,0,0,1,0,0,True,False,True,False,True,False,False
2297,8224,274381,17,HISTORIANS AT LEAST PERHAPS FROM THEIR OWN IGNORANCE AND INEXPERIENCE HAVE NOT REMARKED ANY THING BUT A HEADLONG IMPETUOUS CONDUCT EACH PARTY HURRYING TO A BATTLE WHERE VALOR AND FORTUNE CHIEFLY DETERMINED THE SUCCESS,HISTORIANS AT LEAST PERHAPS FROM THEIR OWN IGNORANCE AND INEXPERIENCE HAVE NOT REMARKED ANY THING BUT A HEADLONG IMPETUOUS CONDUCT EACH PARTY HURRYING TO A BATTLE WHERE VALOR AND FORTUNE CHIEFLY DETERMINED THE SUCCESS,0.0,HISTORIANS AT LEAST PERHAPS FROM THEIR OWN IGNORANCE AND INEXPERIENCE HAVE NOT REMARKED ANYTHING BUT A HEADLONG IMPETUOUS CONDUCT EACH PARTY HURRYING TO A BATTLE WHERE VALOR AND FORTUNE CHIEFLY DETERMINED THE SUCCESS,0.0588235294117647,15.664726234279753,test-clean,opus,16k,0.0588235294117647,0,0,0,1,1,0,1,1,0,True,False,True,False,True,False,False
2333,8230,279154,21,REMEMBERING HAS TO BE A PRESENT OCCURRENCE IN SOME WAY RESEMBLING OR RELATED TO WHAT IS REMEMBERED,REMEMBERING HAS TO BE A PRESENT OCCURRENCE IN SOME WAY RESEMBLING OR RELATED TO WHAT IS REMEMBERED,0.0,REMEMBERING HOWS TO BE A PRESENT OCCURRENCE IN SOME WAY RESEMBLING OR RELATED TO WHAT IS REMEMBERED,0.0588235294117647,20.795999207763916,test-clean,opus,12k,0.0588235294117647,0,0,0,1,0,0,1,0,0,True,False,True,False,True,False,False
2297,8224,274381,17,HISTORIANS AT LEAST PERHAPS FROM THEIR OWN IGNORANCE AND INEXPERIENCE HAVE NOT REMARKED ANY THING BUT A HEADLONG IMPETUOUS CONDUCT EACH PARTY HURRYING TO A BATTLE WHERE VALOR AND FORTUNE CHIEFLY DETERMINED THE SUCCESS,HISTORIANS AT LEAST PERHAPS FROM THEIR OWN IGNORANCE AND INEXPERIENCE HAVE NOT REMARKED ANY THING BUT A HEADLONG IMPETUOUS CONDUCT EACH PARTY HURRYING TO A BATTLE WHERE VALOR AND FORTUNE CHIEFLY DETERMINED THE SUCCESS,0.0,HISTORIANS AT LEAST PERHAPS FROM THEIR OWN IGNORANCE AND INEXPERIENCE HAVE NOT REMARKED ANYTHING BUT A HEADLONG IMPETUOUS CONDUCT EACH PARTY HURRYING TO A BATTLE WHERE VALOR AND FORTUNE CHIEFLY DETERMINED THE SUCCESS,0.0588235294117647,20.55036023054755,test-clean,opus,12k,0.0588235294117647,0,0,0,1,1,0,1,1,0,True,False,True,False,True,False,False
921,3570,5694,1,THE UTILITY OF CONSUMPTION AS AN EVIDENCE OF WEALTH IS TO BE CLASSED AS A DERIVATIVE GROWTH,THE UTILITY OF CONSUMPTION AS AN EVIDENCE OF WEALTH IS TO BE CLASSED AS A DERIVATIVE GROWTH,0.0,THE UTILITY OF CONSUMPTION AS AN EVIDENCE OF WEALTH IS TO BE CLASSED AS A DERIVITIVE GROWTH,0.0588235294117647,16.076276435713655,test-clean,opus,16k,0.0588235294117647,0,0,0,1,0,0,1,0,0,True,False,True,False,True,False,False
1477,5142,33396,15,AS OUR BOAT FLASHED DOWN THE ROLLERS INTO THE WATER I MADE THIS SONG AND SANG IT,AS OUR BOAT FLASHED DOWN THE ROLLERS INTO THE WATER I MADE THIS SONG AND SANG IT,0.0,AS OUR BOAT FLASHED DOWN THE ROLLERS INTO THE WATER I MADE THE SONG AND SANG IT,0.0588235294117647,30.720837043633125,test-clean,opus,8k,0.0588235294117647,0,0,0,1,0,0,1,0,0,True,False,True,False,True,False,False
720,260,123286,18,I SAW AT THE HAMBURG MUSEUM THE SKELETON OF ONE OF THESE CREATURES THIRTY FEET IN LENGTH,I SAW AT THE HAMBURG MUSEUM THE SKELETON OF ONE OF THESE CREATURES THIRTY FEET IN LENGTH,0.0,I SAW AT THE HAMBERG MUSEUM THE SKELETON OF ONE OF THESE CREATURES THIRTY FEET IN LENGTH,0.0588235294117647,31.60682570085321,test-clean,opus,8k,0.0588235294117647,0,0,0,1,0,0,1,0,0,True,False,True,False,True,False,False
921,3570,5694,1,THE UTILITY OF CONSUMPTION AS AN EVIDENCE OF WEALTH IS TO BE CLASSED AS A DERIVATIVE GROWTH,THE UTILITY OF CONSUMPTION AS AN EVIDENCE OF WEALTH IS TO BE CLASSED AS A DERIVATIVE GROWTH,0.0,THE UTILITY OF CONSUMPTION AS AN EVIDENCE OF WEALTH IS TO BE CLASSED AS A DERIVETIVE GROWTH,0.0588235294117647,15.468539804171987,test-clean,mp3,16k,0.0588235294117647,0,0,0,1,0,0,1,0,0,True,False,True,False,True,False,False
1947,6829,68771,33,SHE ROSE QUICKLY TO HER FEET WITH AN IMPETUOUS GESTURE THAT MADE HER VISITOR CATCH HER BREATH,SHE ROSE QUICKLY TO HER FEET WITH AN IMPETUOUS GESTURE THAT MADE HER VISITOR CATCH HER BREATH,0.0,SHE ROSE QUICKLY TO HER FEET WITH AN IMPETUOUS DRESSURE THAT MADE HER VISITOR CATCH HER BREATH,0.0588235294117647,15.42278794307434,test-clean,mp3,16k,0.0588235294117647,0,0,0,1,0,0,1,0,0,True,False,True,False,True,False,False
2297,8224,274381,17,HISTORIANS AT LEAST PERHAPS FROM THEIR OWN IGNORANCE AND INEXPERIENCE HAVE NOT REMARKED ANY THING BUT A HEADLONG IMPETUOUS CONDUCT EACH PARTY HURRYING TO A BATTLE WHERE VALOR AND FORTUNE CHIEFLY DETERMINED THE SUCCESS,HISTORIANS AT LEAST PERHAPS FROM THEIR OWN IGNORANCE AND INEXPERIENCE HAVE NOT REMARKED ANY THING BUT A HEADLONG IMPETUOUS CONDUCT EACH PARTY HURRYING TO A BATTLE WHERE VALOR AND FORTUNE CHIEFLY DETERMINED THE SUCCESS,0.0,HISTORIANS AT LEAST PERHAPS FROM THEIR OWN IGNORANCE AND INEXPERIENCE HAVE NOT REMARKED ANYTHING BUT A HEADLONG IMPETUOUS CONDUCT EACH PARTY HURRYING TO A BATTLE WHERE VALOR AND FORTUNE CHIEFLY DETERMINED THE SUCCESS,0.0588235294117647,15.811036279482275,test-clean,mp3,16k,0.0588235294117647,0,0,0,1,1,0,1,1,0,True,False,True,False,True,False,False
921,3570,5694,1,THE UTILITY OF CONSUMPTION AS AN EVIDENCE OF WEALTH IS TO BE CLASSED AS A DERIVATIVE GROWTH,THE UTILITY OF CONSUMPTION AS AN EVIDENCE OF WEALTH IS TO BE CLASSED AS A DERIVATIVE GROWTH,0.0,THE UTILITY OF CONSUMPTION AS AN EVIDENCE OF WEALTH IS TO BE CLASSED AS A DERIVITIVE GROWTH,0.0588235294117647,8.376118026740434,test-clean,opus,32k,0.0588235294117647,0,0,0,1,0,0,1,0,0,True,False,True,False,True,False,False
921,3570,5694,1,THE UTILITY OF CONSUMPTION AS AN EVIDENCE OF WEALTH IS TO BE CLASSED AS A DERIVATIVE GROWTH,THE UTILITY OF CONSUMPTION AS AN EVIDENCE OF WEALTH IS TO BE CLASSED AS A DERIVATIVE GROWTH,0.0,THE UTILITY OF CONSUMPTION AS AN EVIDENCE OF WEALTH IS TO BE CLASSED AS A DERIVITIVE GROWTH,0.0588235294117647,20.73713046455884,test-clean,opus,12k,0.0588235294117647,0,0,0,1,0,0,1,0,0,True,False,True,False,True,False,False
1477,5142,33396,15,AS OUR BOAT FLASHED DOWN THE ROLLERS INTO THE WATER I MADE THIS SONG AND SANG IT,AS OUR BOAT FLASHED DOWN THE ROLLERS INTO THE WATER I MADE THIS SONG AND SANG IT,0.0,AS OUR BOAT FLASHED DOWN THE ROLLERS INTO THE WATER I MADE THE SONG AND SANG IT,0.0588235294117647,15.317793317793315,test-clean,mp3,16k,0.0588235294117647,0,0,0,1,0,0,1,0,0,True,False,True,False,True,False,False
720,260,123286,18,I SAW AT THE HAMBURG MUSEUM THE SKELETON OF ONE OF THESE CREATURES THIRTY FEET IN LENGTH,I SAW AT THE HAMBURG MUSEUM THE SKELETON OF ONE OF THESE CREATURES THIRTY FEET IN LENGTH,0.0,I SAW AT THE HAMBERD MUSEUM THE SKELETON OF ONE OF THESE CREATURES THIRTY FEET IN LENGTH,0.0588235294117647,10.36949443016281,test-clean,mp3,24k,0.0588235294117647,0,0,0,1,0,0,1,0,0,True,False,True,False,True,False,False
921,3570,5694,1,THE UTILITY OF CONSUMPTION AS AN EVIDENCE OF WEALTH IS TO BE CLASSED AS A DERIVATIVE GROWTH,THE UTILITY OF CONSUMPTION AS AN EVIDENCE OF WEALTH IS TO BE CLASSED AS A DERIVATIVE GROWTH,0.0,THE UTILITY OF CONSUMPTION AS AN EVIDENCE OF WEALTH IS TO BE CLASSED AS A DERIVITIVE GROWTH,0.0588235294117647,7.809069417580056,test-clean,mp3,32k,0.0588235294117647,0,0,0,1,0,0,1,0,0,True,False,True,False,True,False,False
2551,7975,280085,15,ONE OF THE FELLOWS IN THE OUTER LINE NOT BRAVE ENOUGH HIMSELF TO JOIN THE VOLUNTEERS WHO HAD COME IN TO BEAT US OUT WAS NOT DISPOSED TO BELIEVE IN THE SURRENDER AND HAD HIS GUN LEVELLED ON BOB IN SPITE OF THE HANDKERCHIEF WHICH WAS WAVING AS A FLAG OF TRUCE,ONE OF THE FELLOWS IN THE OUTER LINE NOT BRAVE ENOUGH HIMSELF TO JOIN THE VOLUNTEERS WHO HAD COME IN TO BEAT US OUT WAS NOT DISPOSED TO BELIEVE IN THE SURRENDER AND HAD HIS GUN LEVELLED ON BOB IN SPITE OF THE HANDKERCHIEF WHICH WAS WAVING AS A FLAG OF TRUCE,0.0,ONE OF THE FELLOWS IN THE OUTER LION NOT BRAVE ENOUGH HIMSELF TO JOIN THE VOLUNTEERS WHO HAD COME IN TO BEAT ASOUT WAS NOT DISPOSED TO BELIEVE IN THE SURRENDER AND HAD HIS GUN LEVELLED ON BOB IN SPITE OF THE HANDKERCHIEF WHICH WAS WAVING AS A FLAG OF TRUCE,0.0576923076923076,30.255289039835844,test-other,opus,8k,0.0576923076923076,0,0,0,2,1,0,2,1,0,True,False,True,False,True,False,False
1602,5639,40744,38,JUST AT THE MOMENT WHEN THE TEARS OF THE PITYING BEHOLDERS FLOWED FASTEST AND THEIR EJACULATIONS WERE MOST EXPRESSIVE OF DESPAIR LEOCADIA GAVE SIGNS OF RECOVERY AND BROUGHT BACK GLADNESS TO THE HEARTS OF ALL,JUST AT THE MOMENT WHEN THE TEARS OF THE PITYING BEHOLDERS FLOWED FASTEST AND THEIR EJACULATIONS WERE MOST EXPRESSIVE OF DESPAIR LEOCADIA GAVE SIGNS OF RECOVERY AND BROUGHT BACK GLADNESS TO THE HEARTS OF ALL,0.0,JUST AT THE MOMENT WHEN THE TEARS OF THE PITYING BEHOLDERS FLOWED FASTEST AND THEIR EJACULATIONS WERE MOST EXPRESSIVE OF DESPAIR LE OCADIA GAVE SIGNS OF RECOVERY AND BROUGHT BACK GLADNESS TO THE HEARTS OF ALL,0.0571428571428571,7.914099876364027,test-clean,mp3,32k,0.0571428571428571,0,0,0,1,0,1,1,0,1,True,False,True,False,True,False,False
1602,5639,40744,38,JUST AT THE MOMENT WHEN THE TEARS OF THE PITYING BEHOLDERS FLOWED FASTEST AND THEIR EJACULATIONS WERE MOST EXPRESSIVE OF DESPAIR LEOCADIA GAVE SIGNS OF RECOVERY AND BROUGHT BACK GLADNESS TO THE HEARTS OF ALL,JUST AT THE MOMENT WHEN THE TEARS OF THE PITYING BEHOLDERS FLOWED FASTEST AND THEIR EJACULATIONS WERE MOST EXPRESSIVE OF DESPAIR LEOCADIA GAVE SIGNS OF RECOVERY AND BROUGHT BACK GLADNESS TO THE HEARTS OF ALL,0.0,JUST AT THE MOMENT WHEN THE TEARS OF THE PITYING BEHOLDERS FLOWED FASTEST AND THEIR EJACULATIONS WERE MOST EXPRESSIVE OF DESPAIR THE OCADIA GAVE SIGNS OF RECOVERY AND BROUGHT BACK GLADNESS TO THE HEARTS OF ALL,0.0571428571428571,10.53797151241858,test-clean,mp3,24k,0.0571428571428571,0,0,0,1,0,1,1,0,1,True,False,True,False,True,False,False
1602,5639,40744,38,JUST AT THE MOMENT WHEN THE TEARS OF THE PITYING BEHOLDERS FLOWED FASTEST AND THEIR EJACULATIONS WERE MOST EXPRESSIVE OF DESPAIR LEOCADIA GAVE SIGNS OF RECOVERY AND BROUGHT BACK GLADNESS TO THE HEARTS OF ALL,JUST AT THE MOMENT WHEN THE TEARS OF THE PITYING BEHOLDERS FLOWED FASTEST AND THEIR EJACULATIONS WERE MOST EXPRESSIVE OF DESPAIR LEOCADIA GAVE SIGNS OF RECOVERY AND BROUGHT BACK GLADNESS TO THE HEARTS OF ALL,0.0,JUST AT THE MOMENT WHEN THE TEARS OF THE PITYING BEHOLDERS FLOWED FASTEST AND THEIR EJACULATIONS WERE MOST EXPRESSIVE OF DESPAIR THE OCADIA GAVE SIGNS OF RECOVERY AND BROUGHT BACK GLADNESS TO THE HEARTS OF ALL,0.0571428571428571,32.08470143832631,test-clean,opus,8k,0.0571428571428571,0,0,0,1,0,1,1,0,1,True,False,True,False,True,False,False
1602,5639,40744,38,JUST AT THE MOMENT WHEN THE TEARS OF THE PITYING BEHOLDERS FLOWED FASTEST AND THEIR EJACULATIONS WERE MOST EXPRESSIVE OF DESPAIR LEOCADIA GAVE SIGNS OF RECOVERY AND BROUGHT BACK GLADNESS TO THE HEARTS OF ALL,JUST AT THE MOMENT WHEN THE TEARS OF THE PITYING BEHOLDERS FLOWED FASTEST AND THEIR EJACULATIONS WERE MOST EXPRESSIVE OF DESPAIR LEOCADIA GAVE SIGNS OF RECOVERY AND BROUGHT BACK GLADNESS TO THE HEARTS OF ALL,0.0,JUST AT THE MOMENT WHEN THE TEARS OF THE PITYING BEHOLDERS FLOWED FASTEST AND THEIR EJACULATIONS WERE MOST EXPRESSIVE OF DESPAIR THE OCADIA GAVE SIGNS OF RECOVERY AND BROUGHT BACK GLADNESS TO THE HEARTS OF ALL,0.0571428571428571,16.178681318681317,test-clean,opus,16k,0.0571428571428571,0,0,0,1,0,1,1,0,1,True,False,True,False,True,False,False
1602,5639,40744,38,JUST AT THE MOMENT WHEN THE TEARS OF THE PITYING BEHOLDERS FLOWED FASTEST AND THEIR EJACULATIONS WERE MOST EXPRESSIVE OF DESPAIR LEOCADIA GAVE SIGNS OF RECOVERY AND BROUGHT BACK GLADNESS TO THE HEARTS OF ALL,JUST AT THE MOMENT WHEN THE TEARS OF THE PITYING BEHOLDERS FLOWED FASTEST AND THEIR EJACULATIONS WERE MOST EXPRESSIVE OF DESPAIR LEOCADIA GAVE SIGNS OF RECOVERY AND BROUGHT BACK GLADNESS TO THE HEARTS OF ALL,0.0,JUST AT THE MOMENT WHEN THE TEARS OF THE PITYING BEHOLDERS FLOWED FASTEST AND THEIR EJACULATIONS WERE MOST EXPRESSIVE OF DESPAIR THE OCADIA GAVE SIGNS OF RECOVERY AND BROUGHT BACK GLADNESS TO THE HEARTS OF ALL,0.0571428571428571,15.764642895384943,test-clean,mp3,16k,0.0571428571428571,0,0,0,1,0,1,1,0,1,True,False,True,False,True,False,False
1337,4970,29095,32,BUT PHILIP IS HONEST AND HE HAS TALENT ENOUGH IF HE WILL STOP SCRIBBLING TO MAKE HIS WAY,BUT PHILIP IS HONEST AND HE HAS TALENT ENOUGH IF HE WILL STOP SCRIBBLING TO MAKE HIS WAY,0.0,BUT FILLIP IS HONEST AND HE HAS TALENT ENOUGH IF HE WILL STOP SCRIBBLING TO MAKE HIS WAY,0.0555555555555555,32.55854746884136,test-clean,opus,8k,0.0555555555555555,0,0,0,1,0,0,1,0,0,True,False,True,False,True,False,False
562,2094,142345,51,NO THANK YOU I'LL JUST LOOK AT THE WHELPS AND LEAVE A MESSAGE ABOUT THEM WITH YOUR SHEPHERD,NO THANK YOU I'LL JUST LOOK AT THE WHELPS AND LEAVE A MESSAGE ABOUT THEM WITH YOUR SHEPHERD,0.0,NO THANK YOU I'LL JUST LOOK AT THE WHELTZ AND LEAVE A MESSAGE ABOUT THEM WITH YOUR SHEPHERD,0.0555555555555555,31.41130820399113,test-clean,opus,8k,0.0555555555555555,0,0,0,1,0,0,1,0,0,True,False,True,False,True,False,False
24,1688,142285,24,PAPA I DO THINK MISTER THORNTON A VERY REMARKABLE MAN BUT PERSONALLY I DON'T LIKE HIM AT ALL,PAPA I DO THINK MISTER THORNTON A VERY REMARKABLE MAN BUT PERSONALLY I DON'T LIKE HIM AT ALL,0.0,PAPA I DO THINK MISTER THORNTON A VERY REMARKABLE MAN BUT PERSMY I DON'T LIKE HIM AT ALL,0.0555555555555555,10.474354786017642,test-other,mp3,24k,0.0555555555555555,0,0,0,1,0,0,1,0,0,True,False,True,False,True,False,False
336,1580,141083,2,MY FRIEND'S TEMPER HAD NOT IMPROVED SINCE HE HAD BEEN DEPRIVED OF THE CONGENIAL SURROUNDINGS OF BAKER STREET,MY FRIEND'S TEMPER HAD NOT IMPROVED SINCE HE HAD BEEN DEPRIVED OF THE CONGENIAL SURROUNDINGS OF BAKER STREET,0.0,MY FRIEND'S TEMPER HAD NOT IMPROVED SINCE HE HAD BEEN DEPRIVED OF THE CONGENIAL SURROUNDINGS AT BAKER STREET,0.0555555555555555,32.00749674054759,test-clean,opus,8k,0.0555555555555555,0,0,0,1,0,0,1,0,0,True,False,True,False,True,False,False
24,1688,142285,24,PAPA I DO THINK MISTER THORNTON A VERY REMARKABLE MAN BUT PERSONALLY I DON'T LIKE HIM AT ALL,PAPA I DO THINK MISTER THORNTON A VERY REMARKABLE MAN BUT PERSONALLY I DON'T LIKE HIM AT ALL,0.0,PAPA I DO THINK MISTER THORNTON A VERY REMARKABLE MAN BUT PERSMY I DON'T LIKE HIM AT ALL,0.0555555555555555,19.85126582278481,test-other,opus,12k,0.0555555555555555,0,0,0,1,0,0,1,0,0,True,False,True,False,True,False,False
336,1580,141083,2,MY FRIEND'S TEMPER HAD NOT IMPROVED SINCE HE HAD BEEN DEPRIVED OF THE CONGENIAL SURROUNDINGS OF BAKER STREET,MY FRIEND'S TEMPER HAD NOT IMPROVED SINCE HE HAD BEEN DEPRIVED OF THE CONGENIAL SURROUNDINGS OF BAKER STREET,0.0,MY FRIEND'S TEMPER HAD NOT IMPROVED SINCE HE HAD BEEN DEPRIVED OF THE CONGENIAL SURROUNDINGS AT BAKER STREET,0.0555555555555555,21.257495399935056,test-clean,opus,12k,0.0555555555555555,0,0,0,1,0,0,1,0,0,True,False,True,False,True,False,False
24,1688,142285,24,PAPA I DO THINK MISTER THORNTON A VERY REMARKABLE MAN BUT PERSONALLY I DON'T LIKE HIM AT ALL,PAPA I DO THINK MISTER THORNTON A VERY REMARKABLE MAN BUT PERSONALLY I DON'T LIKE HIM AT ALL,0.0,PAPA I DO THINK MISTER THORNTON A VERY REMARKABLE MAN BUT PERSONALY I DON'T LIKE HIM AT ALL,0.0555555555555555,8.177227386080254,test-other,opus,32k,0.0555555555555555,0,0,0,1,0,0,1,0,0,True,False,True,False,True,False,False
2287,8224,274381,7,BY QUICK MARCHES THROUGH THESE INACCESSIBLE MOUNTAINS THAT GENERAL FREED HIMSELF FROM THE SUPERIOR FORCES OF THE COVENANTERS,BY QUICK MARCHES THROUGH THESE INACCESSIBLE MOUNTAINS THAT GENERAL FREED HIMSELF FROM THE SUPERIOR FORCES OF THE COVENANTERS,0.0,BY QUICK MARCHES THROUGH THESE INACCESSIBLE MOUNTAINS THAT GENERAL FREED HIMSELF FROM THE SUPERIOR FORCES OF THE COVEANTERS,0.0555555555555555,15.669045191980972,test-clean,mp3,16k,0.0555555555555555,0,0,0,1,0,0,1,0,0,True,False,True,False,True,False,False
562,2094,142345,51,NO THANK YOU I'LL JUST LOOK AT THE WHELPS AND LEAVE A MESSAGE ABOUT THEM WITH YOUR SHEPHERD,NO THANK YOU I'LL JUST LOOK AT THE WHELPS AND LEAVE A MESSAGE ABOUT THEM WITH YOUR SHEPHERD,0.0,NO THANK YOU I'LL JUST LOOK AT THE WHELPS AND LEAVE A MESSAGE ABOUT THEM WITH YOUR SHEPHARD,0.0555555555555555,7.78914089347079,test-clean,mp3,32k,0.0555555555555555,0,0,0,1,0,0,1,0,0,True,False,True,False,True,False,False
1103,4077,13754,7,WE BELIEVE IN A LITERAL RESURRECTION AND AN ACTUAL HEREAFTER IN WHICH FUTURE STATE SHALL BE RECOGNIZED EVERY SANCTIFIED AND AUTHORIZED RELATIONSHIP EXISTING HERE ON EARTH OF PARENT AND CHILD BROTHER AND SISTER HUSBAND AND WIFE,WE BELIEVE IN A LITERAL RESURRECTION AND AN ACTUAL HEREAFTER IN WHICH FUTURE STATE SHALL BE RECOGNIZED EVERY SANCTIFIED AND AUTHORIZED RELATIONSHIP EXISTING HERE ON EARTH OF PARENT AND CHILD BROTHER AND SISTER HUSBAND AND WIFE,0.0,WE BELIEVE IN A LITERAL RESURRECTION AND AN ACTUAL HEREAFTER IN WHICH FUTURE STATES SHALL BE RECOGNIZED EVERY SANCTIFIED AND AUTHORIZED RELATIONSHIP EXISTING HERE ON EARTH OF PARENT AND CHILD BROTHER AND SISTER USBAND AND WIFE,0.0555555555555555,31.378030782205357,test-clean,opus,8k,0.0555555555555555,0,0,0,2,0,0,2,0,0,True,False,True,False,True,False,False
2,1089,134686,2,AFTER EARLY NIGHTFALL THE YELLOW LAMPS WOULD LIGHT UP HERE AND THERE THE SQUALID QUARTER OF THE BROTHELS,AFTER EARLY NIGHTFALL THE YELLOW LAMPS WOULD LIGHT UP HERE AND THERE THE SQUALID QUARTER OF THE BROTHELS,0.0,AFTER EARLY NIGHTFALL THE YELLOW LAMPS WOULD LIGHT UP HERE AND THERE THE SQUALID QUARTER OF THE BROPHELS,0.0555555555555555,15.492585287457082,test-clean,mp3,16k,0.0555555555555555,0,0,0,1,0,0,1,0,0,True,False,True,False,True,False,False
24,1688,142285,24,PAPA I DO THINK MISTER THORNTON A VERY REMARKABLE MAN BUT PERSONALLY I DON'T LIKE HIM AT ALL,PAPA I DO THINK MISTER THORNTON A VERY REMARKABLE MAN BUT PERSONALLY I DON'T LIKE HIM AT ALL,0.0,PAPA I DO THINK MISTER THORNTON A VERY REMARKABLE MAN BUT PERSONALY I DON'T LIKE HIM AT ALL,0.0555555555555555,3.942210746342063,test-other,mp3,64k,0.0555555555555555,0,0,0,1,0,0,1,0,0,True,False,True,False,True,False,False
2063,7021,85628,3,NOW THIS KNIFE WAS A SPLENDID ONE THOUGH HALF THE BLADE WAS GONE AND THE HANDLE WAS A LITTLE CRACKED AND ANDERS KNEW THAT ONE IS ALMOST A MAN AS SOON AS ONE HAS A JACK KNIFE,NOW THIS KNIFE WAS A SPLENDID ONE THOUGH HALF THE BLADE WAS GONE AND THE HANDLE WAS A LITTLE CRACKED AND ANDERS KNEW THAT ONE IS ALMOST A MAN AS SOON AS ONE HAS A JACK KNIFE,0.0,NOW THIS KNIFE WAS A SPLENDID ONE  THOUGH HALF THE BLADE WAS GONE AND THE HANDLE WAS A LITTLE CRACKED AND ANDERS KNEW THAT ONE IS ALMOST A MAN AS SOON AS ONE HAS A JACKKNIFE,0.054054054054054,15.801543478962834,test-clean,mp3,16k,0.054054054054054,0,0,0,1,1,0,1,1,0,True,False,True,False,True,False,False
2063,7021,85628,3,NOW THIS KNIFE WAS A SPLENDID ONE THOUGH HALF THE BLADE WAS GONE AND THE HANDLE WAS A LITTLE CRACKED AND ANDERS KNEW THAT ONE IS ALMOST A MAN AS SOON AS ONE HAS A JACK KNIFE,NOW THIS KNIFE WAS A SPLENDID ONE THOUGH HALF THE BLADE WAS GONE AND THE HANDLE WAS A LITTLE CRACKED AND ANDERS KNEW THAT ONE IS ALMOST A MAN AS SOON AS ONE HAS A JACK KNIFE,0.0,NOW THIS KNIFE WAS A SPLENDID ONE THOUGH HALF THE BLADE WAS GONE AND THE HANDLE WAS A LITTLE CRACKED AND ANDERS KNEW THAT ONE IS ALMOST A MAN AS SOON AS ONE HAS A JACKKNIFE,0.054054054054054,7.929577236562799,test-clean,mp3,32k,0.054054054054054,0,0,0,1,1,0,1,1,0,True,False,True,False,True,False,False
2063,7021,85628,3,NOW THIS KNIFE WAS A SPLENDID ONE THOUGH HALF THE BLADE WAS GONE AND THE HANDLE WAS A LITTLE CRACKED AND ANDERS KNEW THAT ONE IS ALMOST A MAN AS SOON AS ONE HAS A JACK KNIFE,NOW THIS KNIFE WAS A SPLENDID ONE THOUGH HALF THE BLADE WAS GONE AND THE HANDLE WAS A LITTLE CRACKED AND ANDERS KNEW THAT ONE IS ALMOST A MAN AS SOON AS ONE HAS A JACK KNIFE,0.0,NOW THIS KNIFE WAS A SPLENDID ONE THOUGH HALF THE BLADE WAS GONE AND THE HANDLE WAS A LITTLE CRACKED AND ANDERS KNEW THAT ONE IS ALMOST A MAN AS SOON AS ONE HAS A JACKKNIFE,0.054054054054054,7.986649693171432,test-clean,opus,32k,0.054054054054054,0,0,0,1,1,0,1,1,0,True,False,True,False,True,False,False
2063,7021,85628,3,NOW THIS KNIFE WAS A SPLENDID ONE THOUGH HALF THE BLADE WAS GONE AND THE HANDLE WAS A LITTLE CRACKED AND ANDERS KNEW THAT ONE IS ALMOST A MAN AS SOON AS ONE HAS A JACK KNIFE,NOW THIS KNIFE WAS A SPLENDID ONE THOUGH HALF THE BLADE WAS GONE AND THE HANDLE WAS A LITTLE CRACKED AND ANDERS KNEW THAT ONE IS ALMOST A MAN AS SOON AS ONE HAS A JACK KNIFE,0.0,NOW THIS KNIFE WAS A SPLENDID ONE THOUGH HALF THE BLADE WAS GONE AND THE HANDLE WAS A LITTLE CRACKED AND ANDERS KNEW THAT ONE IS ALMOST A MAN AS SOON AS ONE HAS A JACKKNIFE,0.054054054054054,21.21555536287176,test-clean,opus,12k,0.054054054054054,0,0,0,1,1,0,1,1,0,True,False,True,False,True,False,False
2063,7021,85628,3,NOW THIS KNIFE WAS A SPLENDID ONE THOUGH HALF THE BLADE WAS GONE AND THE HANDLE WAS A LITTLE CRACKED AND ANDERS KNEW THAT ONE IS ALMOST A MAN AS SOON AS ONE HAS A JACK KNIFE,NOW THIS KNIFE WAS A SPLENDID ONE THOUGH HALF THE BLADE WAS GONE AND THE HANDLE WAS A LITTLE CRACKED AND ANDERS KNEW THAT ONE IS ALMOST A MAN AS SOON AS ONE HAS A JACK KNIFE,0.0,NOW THIS KNIFE WAS A SPLENDID ONE THOUGH HALF THE BLADE WAS GONE AND THE HANDLE WAS A LITTLE CRACKED AND ANDERS KNEW THAT ONE IS ALMOST A MAN AS SOON AS ONE HAS A JACKKNIFE,0.054054054054054,3.5356193283625226,test-clean,opus,64k,0.054054054054054,0,0,0,1,1,0,1,1,0,True,False,True,False,True,False,False
2063,7021,85628,3,NOW THIS KNIFE WAS A SPLENDID ONE THOUGH HALF THE BLADE WAS GONE AND THE HANDLE WAS A LITTLE CRACKED AND ANDERS KNEW THAT ONE IS ALMOST A MAN AS SOON AS ONE HAS A JACK KNIFE,NOW THIS KNIFE WAS A SPLENDID ONE THOUGH HALF THE BLADE WAS GONE AND THE HANDLE WAS A LITTLE CRACKED AND ANDERS KNEW THAT ONE IS ALMOST A MAN AS SOON AS ONE HAS A JACK KNIFE,0.0,NOW THIS KNIFE WAS A SPLENDID ONE THOUGH HALF THE BLADE WAS GONE AND THE HANDLE WAS A LITTLE CRACKED AND ANDERS KNEW THAT ONE IS ALMOST A MAN AS SOON AS ONE HAS A JACKKNIFE,0.054054054054054,16.090421859073423,test-clean,opus,16k,0.054054054054054,0,0,0,1,1,0,1,1,0,True,False,True,False,True,False,False
2063,7021,85628,3,NOW THIS KNIFE WAS A SPLENDID ONE THOUGH HALF THE BLADE WAS GONE AND THE HANDLE WAS A LITTLE CRACKED AND ANDERS KNEW THAT ONE IS ALMOST A MAN AS SOON AS ONE HAS A JACK KNIFE,NOW THIS KNIFE WAS A SPLENDID ONE THOUGH HALF THE BLADE WAS GONE AND THE HANDLE WAS A LITTLE CRACKED AND ANDERS KNEW THAT ONE IS ALMOST A MAN AS SOON AS ONE HAS A JACK KNIFE,0.0,NOW THIS KNIFE WAS A SPLENDID ONE THOUGH HALF THE BLADE WAS GONE AND THE HANDLE WAS A LITTLE CRACKED AND ANDERS KNEW THAT ONE IS ALMOST A MAN AS SOON AS ONE HAS A JACKKNIFE,0.054054054054054,1.984637409610947,test-clean,mp3,128k,0.054054054054054,0,0,0,1,1,0,1,1,0,True,False,True,False,True,False,False
2063,7021,85628,3,NOW THIS KNIFE WAS A SPLENDID ONE THOUGH HALF THE BLADE WAS GONE AND THE HANDLE WAS A LITTLE CRACKED AND ANDERS KNEW THAT ONE IS ALMOST A MAN AS SOON AS ONE HAS A JACK KNIFE,NOW THIS KNIFE WAS A SPLENDID ONE THOUGH HALF THE BLADE WAS GONE AND THE HANDLE WAS A LITTLE CRACKED AND ANDERS KNEW THAT ONE IS ALMOST A MAN AS SOON AS ONE HAS A JACK KNIFE,0.0,NOW THIS KNIFE WAS A SPLENDID ONE THOUGH HALF THE BLADE WAS GONE AND THE HANDLE WAS A LITTLE CRACKED AND ANDERS KNEW THAT ONE IS ALMOST A MAN AS SOON AS ONE HAS A JACKKNIFE,0.054054054054054,3.968550551865639,test-clean,mp3,64k,0.054054054054054,0,0,0,1,1,0,1,1,0,True,False,True,False,True,False,False
1978,6128,63240,7,THESE THINGS THE EYES ESPECIALLY WITH THEIR SMOULDERING FIRE MIGHT HAVE INDICATED THAT HE WAS TO BE A GREAT AMERICAN STATESMAN OR ON THE OTHER HAND THEY MIGHT SIMPLY HAVE PROVED THAT HE CAME FROM CAROLINA OR ALABAMA,THESE THINGS THE EYES ESPECIALLY WITH THEIR SMOULDERING FIRE MIGHT HAVE INDICATED THAT HE WAS TO BE A GREAT AMERICAN STATESMAN OR ON THE OTHER HAND THEY MIGHT SIMPLY HAVE PROVED THAT HE CAME FROM CAROLINA OR ALABAMA,0.0,THESE THINGS THE EYE ESPECIALLY WITH THEIR SMOULDERING FIRE MIGHT HAVE INDICATED THAT HE WAS TO BE A GREAT AMERICAN STATESMAN OR ON THE OTHER HAND THEY MIGHT SIMPLY HAVE PROVED THAT HE CAME FROM CAROLINA OR ALADAMA,0.0526315789473684,15.78514789589708,test-other,mp3,16k,0.0526315789473684,0,0,0,2,0,0,2,0,0,True,False,True,False,True,False,False
778,260,123440,15,I WISH I HADN'T CRIED SO MUCH SAID ALICE AS SHE SWAM ABOUT TRYING TO FIND HER WAY OUT,I WISH I HADN'T CRIED SO MUCH SAID ALICE AS SHE SWAM ABOUT TRYING TO FIND HER WAY OUT,0.0,I WISH I HADN'T QUIED SO MUCH SAID ALICE AS SHE SWAM ABOUT TRYING TO FIND HER WAY OUT,0.0526315789473684,10.377934640522875,test-clean,mp3,24k,0.0526315789473684,0,0,0,1,0,0,1,0,0,True,False,True,False,True,False,False
1978,6128,63240,7,THESE THINGS THE EYES ESPECIALLY WITH THEIR SMOULDERING FIRE MIGHT HAVE INDICATED THAT HE WAS TO BE A GREAT AMERICAN STATESMAN OR ON THE OTHER HAND THEY MIGHT SIMPLY HAVE PROVED THAT HE CAME FROM CAROLINA OR ALABAMA,THESE THINGS THE EYES ESPECIALLY WITH THEIR SMOULDERING FIRE MIGHT HAVE INDICATED THAT HE WAS TO BE A GREAT AMERICAN STATESMAN OR ON THE OTHER HAND THEY MIGHT SIMPLY HAVE PROVED THAT HE CAME FROM CAROLINA OR ALABAMA,0.0,THESE THINGS THE ARES ESPECIALLY WITH THEIR SMOULDERING FIRE MIGHT HAVE INDICATED THAT HE WAS TO BE A GREAT AMERICAN STATESMAN OR ON THE OTHER HAND THEY MIGHT SIMPLY HAVE PROVED THAT HE CAME FROM CAROLINA OR ALADAMA,0.0526315789473684,15.866587293713,test-other,opus,16k,0.0526315789473684,0,0,0,2,0,0,2,0,0,True,False,True,False,True,False,False
728,260,123286,26,TWO MONSTERS ONLY WERE CREATING ALL THIS COMMOTION AND BEFORE MY EYES ARE TWO REPTILES OF THE PRIMITIVE WORLD,TWO MONSTERS ONLY WERE CREATING ALL THIS COMMOTION AND BEFORE MY EYES ARE TWO REPTILES OF THE PRIMITIVE WORLD,0.0,TWO MONSTERS ONMY WERE CREATING ALL THIS COMMOTION AND BEFORE MY EYES ARE TWO REPTILES OF THE PRIMITIVE WORLD,0.0526315789473684,15.573641780581845,test-clean,mp3,16k,0.0526315789473684,0,0,0,1,0,0,1,0,0,True,False,True,False,True,False,False
778,260,123440,15,I WISH I HADN'T CRIED SO MUCH SAID ALICE AS SHE SWAM ABOUT TRYING TO FIND HER WAY OUT,I WISH I HADN'T CRIED SO MUCH SAID ALICE AS SHE SWAM ABOUT TRYING TO FIND HER WAY OUT,0.0,I WISH I HADN'T QUITE SO MUCH SAID ALICE AS SHE SWAM ABOUT TRYING TO FIND HER WAY OUT,0.0526315789473684,15.475867446393762,test-clean,mp3,16k,0.0526315789473684,0,0,0,1,0,0,1,0,0,True,False,True,False,True,False,False
1951,6070,86745,0,THEN SHOULD ANYTHING APPEAR TO MERIT A MORE MINUTE EXAMINATION ALBERT DE MORCERF COULD FOLLOW UP HIS RESEARCHES BY MEANS OF A SMALL GATE SIMILAR TO THAT CLOSE TO THE CONCIERGE'S DOOR AND WHICH MERITS A PARTICULAR DESCRIPTION,THEN SHOULD ANYTHING APPEAR TO MERIT A MORE MINUTE EXAMINATION ALBERT DE MORCERF COULD FOLLOW UP HIS RESEARCHES BY MEANS OF A SMALL GATE SIMILAR TO THAT CLOSE TO THE CONCIERGE'S DOOR AND WHICH MERITS A PARTICULAR DESCRIPTION,0.0,THEN SHOULD ANYTHING APPEAR TO MERIT A MORE MINUTE EXAMINATION ALBERT DE MORCERF COULD FOLLOW UP HIS RESEARCHES BY MEANS OF A SMALL GATE SIMILAR TO THAT CLOUSE TO THE CONCIERGE'S DOR AND WHICH MERITS A PARTICULAR DESCRIPTION,0.0526315789473684,1.985356789175596,test-other,mp3,128k,0.0526315789473684,0,0,0,2,0,0,2,0,0,True,False,True,False,True,False,False
1978,6128,63240,7,THESE THINGS THE EYES ESPECIALLY WITH THEIR SMOULDERING FIRE MIGHT HAVE INDICATED THAT HE WAS TO BE A GREAT AMERICAN STATESMAN OR ON THE OTHER HAND THEY MIGHT SIMPLY HAVE PROVED THAT HE CAME FROM CAROLINA OR ALABAMA,THESE THINGS THE EYES ESPECIALLY WITH THEIR SMOULDERING FIRE MIGHT HAVE INDICATED THAT HE WAS TO BE A GREAT AMERICAN STATESMAN OR ON THE OTHER HAND THEY MIGHT SIMPLY HAVE PROVED THAT HE CAME FROM CAROLINA OR ALABAMA,0.0,THESE THINGS THE EYES ESPECIALLY WITH THEIR SMOULDERING FIRE MIGHT HAVE INDICATED THAT HE WAS TO THE GREAT AMERICAN STATESMAN OR ON THE OTHER HAND THEY MIGHT SIMPLY HAVE PROVED THAT HE CAME FROM CAROLINA OR ALABAMA,0.0526315789473684,20.82644556346588,test-other,opus,12k,0.0526315789473684,0,0,0,1,1,0,1,1,0,True,False,True,False,True,False,False
1536,4852,28330,6,CHRIS LOST NO TIME AS SOON AS HE COULD DO IT WITHOUT BEING NOTICED IN HURRYING DOWN TO HIS CABIN,CHRIS LOST NO TIME AS SOON AS HE COULD DO IT WITHOUT BEING NOTICED IN HURRYING DOWN TO HIS CABIN,0.0,CHRIS LOST NO TIME AS SOON AS HE COULD DO IT WITHOUT BEING NOTICED IN HURRYING DOWN TO HIS CAVIN,0.05,30.515146708961144,test-other,opus,8k,0.05,0,0,0,1,0,0,1,0,0,True,False,True,False,True,False,False
2392,7902,96592,47,WHY I COULD TIE YOU UP IN A KNOT AND HEAVE YOU OFF THE CLIFF ANY DAY WHAT A GAME,WHY I COULD TIE YOU UP IN A KNOT AND HEAVE YOU OFF THE CLIFF ANY DAY WHAT A GAME,0.0,WHY I COULD TIE YOU UP IN THE KNOT AND HEAVE YOU OFF THE CLIFF ANY DAY WHAT A GAME,0.05,15.366884125504814,test-other,mp3,16k,0.05,0,0,0,1,0,0,1,0,0,True,False,True,False,True,False,False
2392,7902,96592,47,WHY I COULD TIE YOU UP IN A KNOT AND HEAVE YOU OFF THE CLIFF ANY DAY WHAT A GAME,WHY I COULD TIE YOU UP IN A KNOT AND HEAVE YOU OFF THE CLIFF ANY DAY WHAT A GAME,0.0,WHY I COULD TIE YOU UP IN THE KNOT AND HEAVE YOU OFF THE CLIFF ANY DAY WHAT A GAME,0.05,7.774005972025774,test-other,mp3,32k,0.05,0,0,0,1,0,0,1,0,0,True,False,True,False,True,False,False
1536,4852,28330,6,CHRIS LOST NO TIME AS SOON AS HE COULD DO IT WITHOUT BEING NOTICED IN HURRYING DOWN TO HIS CABIN,CHRIS LOST NO TIME AS SOON AS HE COULD DO IT WITHOUT BEING NOTICED IN HURRYING DOWN TO HIS CABIN,0.0,CHRIS LOST NO TIME AS SOON AS HE COULD DO IT WITHOUT BEING NOTICED IN HURRYING DOWN TO HIS CAVIN,0.05,1.9639463073546677,test-other,mp3,128k,0.05,0,0,0,1,0,0,1,0,0,True,False,True,False,True,False,False
1536,4852,28330,6,CHRIS LOST NO TIME AS SOON AS HE COULD DO IT WITHOUT BEING NOTICED IN HURRYING DOWN TO HIS CABIN,CHRIS LOST NO TIME AS SOON AS HE COULD DO IT WITHOUT BEING NOTICED IN HURRYING DOWN TO HIS CABIN,0.0,CHRIS LOST NO TIME AS SOON AS HE COULD DO IT WITHOUT BEING NOTICED IN HURRYING DOWN TO HIS CAVIN,0.05,15.52473170338094,test-other,mp3,16k,0.05,0,0,0,1,0,0,1,0,0,True,False,True,False,True,False,False
1146,3997,180297,24,MARGUERITE DO WITH ME AS YOU WILL I AM YOUR SLAVE YOUR DOG BUT IN THE NAME OF HEAVEN TEAR UP THE LETTER WHICH I WROTE TO YOU AND DO NOT MAKE ME LEAVE YOU TO MORROW IT WOULD KILL ME,MARGUERITE DO WITH ME AS YOU WILL I AM YOUR SLAVE YOUR DOG BUT IN THE NAME OF HEAVEN TEAR UP THE LETTER WHICH I WROTE TO YOU AND DO NOT MAKE ME LEAVE YOU TO MORROW IT WOULD KILL ME,0.0,MARGUERITE DO WITH ME AS YOU WILL I AM YOUR SLAVE YOUR DOG BUT IN THE NAME OF HEAVEN CARRY UP THE LETTER WHICH I WROTE TO YOU AND DO NOT LET ME LEAVE YOU TO MORROW IT WOULD KILL ME,0.048780487804878,31.56595811190997,test-other,opus,8k,0.048780487804878,0,0,0,2,0,0,2,0,0,True,False,True,False,True,False,False
1304,4970,29093,23,HE WELL KNEW THE PERILS OF THE FRONTIER THE SAVAGE STATE OF SOCIETY THE LURKING INDIANS AND THE DANGERS OF FEVER,HE WELL KNEW THE PERILS OF THE FRONTIER THE SAVAGE STATE OF SOCIETY THE LURKING INDIANS AND THE DANGERS OF FEVER,0.0,HE WELL KNEW THE PERILS OF THE FRONTIER THE SAVAGE STATE OF SOCIETY THE LURKING INDIANS AND THE GANGERS OF FEVER,0.0476190476190476,22.765312417379043,test-clean,opus,12k,0.0476190476190476,0,0,0,1,0,0,1,0,0,True,False,True,False,True,False,False
807,2830,3980,10,EITHER HE CALLS MINISTERS THROUGH THE AGENCY OF MEN OR HE CALLS THEM DIRECTLY AS HE CALLED THE PROPHETS AND APOSTLES,EITHER HE CALLS MINISTERS THROUGH THE AGENCY OF MEN OR HE CALLS THEM DIRECTLY AS HE CALLED THE PROPHETS AND APOSTLES,0.0,EITHER HE CALLS MINISTERS THROUGH THE AGENCY OF MEN OR HE CALLED THEM DIRECTLY AS HE CALLED THE PROPHETS AND APOSTLES,0.0476190476190476,31.180474697716075,test-clean,opus,8k,0.0476190476190476,0,0,0,1,0,0,1,0,0,True,False,True,False,True,False,False
2021,6128,63244,8,THIS MIGHT SEEM ONE OF THE MOST ACCESSIBLE OF PLEASURES BUT IN POINT OF FACT SHE HAD NOT FOUND IT SO,THIS MIGHT SEEM ONE OF THE MOST ACCESSIBLE OF PLEASURES BUT IN POINT OF FACT SHE HAD NOT FOUND IT SO,0.0,THIS MIGHT SEEM ONE OF THE MOST ACCESSIBLE OF PLEASURES BUT IN POINT OF FACT HE HAD NOT FOUND IT SO,0.0476190476190476,15.36512983571807,test-other,opus,16k,0.0476190476190476,0,0,0,1,0,0,1,0,0,True,False,True,False,True,False,False
1993,6930,76324,21,SURFACE DUST AT LEAST HAD BEEN REMOVED AND THE FINE OLD FURNITURE GAVE A HINT OF ITS REAL ELEGANCE AND POLISH,SURFACE DUST AT LEAST HAD BEEN REMOVED AND THE FINE OLD FURNITURE GAVE A HINT OF ITS REAL ELEGANCE AND POLISH,0.0,THE SURFACE DUST AT LEAST HAD BEEN REMOVED AND THE FINE OLD FURNITURE GAVE A HINT OF ITS REAL ELEGANCE AND POLISH,0.0476190476190476,30.5684237860296,test-clean,opus,8k,0.0476190476190476,0,0,0,0,0,1,0,0,1,True,False,True,False,True,False,False
2021,6128,63244,8,THIS MIGHT SEEM ONE OF THE MOST ACCESSIBLE OF PLEASURES BUT IN POINT OF FACT SHE HAD NOT FOUND IT SO,THIS MIGHT SEEM ONE OF THE MOST ACCESSIBLE OF PLEASURES BUT IN POINT OF FACT SHE HAD NOT FOUND IT SO,0.0,THIS MIGHT SEE ONE OF THE MOST ACCESSIBLE OF PLEASURES BUT IN POINT OF FACT SHE HAD NOT FOUND IT SO,0.0476190476190476,20.16072315486242,test-other,opus,12k,0.0476190476190476,0,0,0,1,0,0,1,0,0,True,False,True,False,True,False,False
1054,3764,168671,21,HE WAS A SORT OF LABORING MAN WHO WORE A WAISTCOAT WITH LARGE POCKETS AND CARRIED A MATTOCK UNDER HIS ARM,HE WAS A SORT OF LABORING MAN WHO WORE A WAISTCOAT WITH LARGE POCKETS AND CARRIED A MATTOCK UNDER HIS ARM,0.0,HE WAS A SORT OF LABORING MAN HE WORE A WAISTCOAT WITH LARGE POCKETS AND CARRIED A MATTOCK UNDER HIS ARM,0.0476190476190476,7.830422049956933,test-other,mp3,32k,0.0476190476190476,0,0,0,1,0,0,1,0,0,True,False,True,False,True,False,False
1629,533,131564,5,WE ALL HAVE A BIT OF A LIKING FOR HIM AT THE BOTTOM OF OUR HEARTS THOUGH WE CAN'T RESPECT HIM,WE ALL HAVE A BIT OF A LIKING FOR HIM AT THE BOTTOM OF OUR HEARTS THOUGH WE CAN'T RESPECT HIM,0.0,WE ALL HAVE A BIT OF A LIKING FOR HIM AT THE BLOTTOM OF OUR HEARTS THOUGH WE CAN'T RESPECT HIM,0.0476190476190476,15.444692275919042,test-other,mp3,16k,0.0476190476190476,0,0,0,1,0,0,1,0,0,True,False,True,False,True,False,False
2085,6432,63722,46,WHAT ARE THE CHANCES OF GETTING HIM OFF LEGALLY IF WE GO AT IT FROM A NEGATIVE STANDPOINT ASKED THE COLONEL,WHAT ARE THE CHANCES OF GETTING HIM OFF LEGALLY IF WE GO AT IT FROM A NEGATIVE STANDPOINT ASKED THE COLONEL,0.0,WHAT ARE THE TREASH OF GETTING HIM OFF LEGALLY IF WE GO AT IT FROM A NEGATIVE STANDPOINT ASKED THE COLONEL,0.0476190476190476,15.482609799441482,test-other,mp3,16k,0.0476190476190476,0,0,0,1,0,0,1,0,0,True,False,True,False,True,False,False
2544,8555,284449,18,SO GHIP GHISIZZLE ORDERED THE CAPTAIN TO TAKE A FILE OF SOLDIERS AND ESCORT THE RAVING BEAUTIES TO THEIR NEW HOME,SO GHIP GHISIZZLE ORDERED THE CAPTAIN TO TAKE A FILE OF SOLDIERS AND ESCORT THE RAVING BEAUTIES TO THEIR NEW HOME,0.0,SO GHIP GHISIZZLE ORDERED THE CAPTAIN TO TAKE A FILE OF SOLDIERS AND ESCORT THE RAVIN BEAUTIES TO THEIR NEW HOME,0.0476190476190476,15.540225122574409,test-clean,mp3,16k,0.0476190476190476,0,0,0,1,0,0,1,0,0,True,False,True,False,True,False,False
31,1688,142285,31,ONCE MARGARET HAD GONE INTO THE CHAMBER SOON AFTER DIXON LEFT IT AND FOUND HER MOTHER ON HER KNEES AND AS MARGARET STOLE OUT SHE CAUGHT A FEW WORDS WHICH WERE EVIDENTLY A PRAYER FOR STRENGTH AND PATIENCE TO ENDURE SEVERE BODILY SUFFERING,ONCE MARGARET HAD GONE INTO THE CHAMBER SOON AFTER DIXON LEFT IT AND FOUND HER MOTHER ON HER KNEES AND AS MARGARET STOLE OUT SHE CAUGHT A FEW WORDS WHICH WERE EVIDENTLY A PRAYER FOR STRENGTH AND PATIENCE TO ENDURE SEVERE BODILY SUFFERING,0.0,ENCE MARGARET HAD GONE INTO THE CHAMBER SOON AFTER DIXON LEFT IT AND FOUND HER MOTHER ON HER KNEES AND AS MARGARET STOLE OUT SHE CAUGHT A FEW WORDS WHICH WERE EVIDENTLY A PRAYER FOR STRENGTH AND PATIENCE TO INDURE SEVERE BODILY SUFFERING,0.0465116279069767,20.13322848798023,test-other,opus,12k,0.0465116279069767,0,0,0,2,0,0,2,0,0,True,False,True,False,True,False,False
952,367,130732,32,RESERVE SOME OF THE SPAWN ALSO HALF OF THE BODY SHELLS WITH WHICH TO MAKE THE CRAWFISH BUTTER TO FINISH THE SOUP,RESERVE SOME OF THE SPAWN ALSO HALF OF THE BODY SHELLS WITH WHICH TO MAKE THE CRAWFISH BUTTER TO FINISH THE SOUP,0.0,RESERVE SOME OF THE SPAWN ALSO HALF F THE BODY SHELLS WITH WHICH TO MAKE THE CRAWFISH BUTTER TO FINISH THE SOUP,0.0454545454545454,10.400798869891371,test-other,mp3,24k,0.0454545454545454,0,0,0,1,0,0,1,0,0,True,False,True,False,True,False,False
952,367,130732,32,RESERVE SOME OF THE SPAWN ALSO HALF OF THE BODY SHELLS WITH WHICH TO MAKE THE CRAWFISH BUTTER TO FINISH THE SOUP,RESERVE SOME OF THE SPAWN ALSO HALF OF THE BODY SHELLS WITH WHICH TO MAKE THE CRAWFISH BUTTER TO FINISH THE SOUP,0.0,RESERVE SOME OF THE SPAWN ALSO HALF THE BODY SHELLS WITH WHICH TO MAKE THE CRAWFISH BUTTER TO FINISH THE SOUP,0.0454545454545454,7.822031725097996,test-other,mp3,32k,0.0454545454545454,0,0,0,0,1,0,0,1,0,True,False,True,False,True,False,False
2344,7902,96591,24,A FELLOW WHO WAS SHUT UP IN PRISON FOR LIFE MIGHT DO IT HE SAID BUT NOT IN A CASE LIKE THIS,A FELLOW WHO WAS SHUT UP IN PRISON FOR LIFE MIGHT DO IT HE SAID BUT NOT IN A CASE LIKE THIS,0.0,A FELLOW WHO WAS SHET UP IN PRISON FOR LIFE MIGHT DO IT HE SAID BUT NOT IN A CASE LIKE THIS,0.0454545454545454,15.444725738396624,test-other,mp3,16k,0.0454545454545454,0,0,0,1,0,0,1,0,0,True,False,True,False,True,False,False
952,367,130732,32,RESERVE SOME OF THE SPAWN ALSO HALF OF THE BODY SHELLS WITH WHICH TO MAKE THE CRAWFISH BUTTER TO FINISH THE SOUP,RESERVE SOME OF THE SPAWN ALSO HALF OF THE BODY SHELLS WITH WHICH TO MAKE THE CRAWFISH BUTTER TO FINISH THE SOUP,0.0,RESERVE SOME OF THE SPAWN ALSO HALF OF THE BODY SHELLS WITH WHICH TO MAKE THE CRAWFISH BUTTER TO FINISH THE SEAP,0.0454545454545454,21.28157081630619,test-other,opus,12k,0.0454545454545454,0,0,0,1,0,0,1,0,0,True,False,True,False,True,False,False
2344,7902,96591,24,A FELLOW WHO WAS SHUT UP IN PRISON FOR LIFE MIGHT DO IT HE SAID BUT NOT IN A CASE LIKE THIS,A FELLOW WHO WAS SHUT UP IN PRISON FOR LIFE MIGHT DO IT HE SAID BUT NOT IN A CASE LIKE THIS,0.0,A FELLOW WHO WAS SHUT UP IN PRISON FOR LIFE MAY DO IT HE SAID BUT NOT IN A CASE LIKE THIS,0.0454545454545454,20.797727272727272,test-other,opus,12k,0.0454545454545454,0,0,0,1,0,0,1,0,0,True,False,True,False,True,False,False
952,367,130732,32,RESERVE SOME OF THE SPAWN ALSO HALF OF THE BODY SHELLS WITH WHICH TO MAKE THE CRAWFISH BUTTER TO FINISH THE SOUP,RESERVE SOME OF THE SPAWN ALSO HALF OF THE BODY SHELLS WITH WHICH TO MAKE THE CRAWFISH BUTTER TO FINISH THE SOUP,0.0,RESERVE SOME OF THE SPAWN ALSO HALF OF THE BODY SHELLS WITH WHICH TO MAKE THE CRAWFISH BUTTER TO FINISH THE SEAP,0.0454545454545454,32.77832361068468,test-other,opus,8k,0.0454545454545454,0,0,0,1,0,0,1,0,0,True,False,True,False,True,False,False
549,3080,5032,1,I KNEW YOU COULD NOT CHOOSE BUT LIKE HER BUT YET LET ME TELL YOU YOU HAVE SEEN BUT THE WORST OF HER,I KNEW YOU COULD NOT CHOOSE BUT LIKE HER BUT YET LET ME TELL YOU YOU HAVE SEEN BUT THE WORST OF HER,0.0,I KNEW YOU COULD NOT CHOOSE BUT LIKE HER BUT YET LET ME TELL YOU YOU HAVE SEEN THOUGHT THE WORST OF HER,0.0434782608695652,10.463122785074004,test-other,mp3,24k,0.0434782608695652,0,0,0,1,0,0,1,0,0,True,False,True,False,True,False,False
549,3080,5032,1,I KNEW YOU COULD NOT CHOOSE BUT LIKE HER BUT YET LET ME TELL YOU YOU HAVE SEEN BUT THE WORST OF HER,I KNEW YOU COULD NOT CHOOSE BUT LIKE HER BUT YET LET ME TELL YOU YOU HAVE SEEN BUT THE WORST OF HER,0.0,I KNEW YOU COULD NOT CHOOSE BUT LIKE HUR BUT YET LET ME TELL YOU YOU HAVE SEEN BUT THE WORST OF HER,0.0434782608695652,31.969171974522293,test-other,opus,8k,0.0434782608695652,0,0,0,1,0,0,1,0,0,True,False,True,False,True,False,False
549,3080,5032,1,I KNEW YOU COULD NOT CHOOSE BUT LIKE HER BUT YET LET ME TELL YOU YOU HAVE SEEN BUT THE WORST OF HER,I KNEW YOU COULD NOT CHOOSE BUT LIKE HER BUT YET LET ME TELL YOU YOU HAVE SEEN BUT THE WORST OF HER,0.0,I KNEW YOU COULD NOT CHOOSE BUT LIKE HER BUT YET LET ME TELL YOU YOU HAVE SEEN BOT THE WORST OF HER,0.0434782608695652,3.9401190083682662,test-other,mp3,64k,0.0434782608695652,0,0,0,1,0,0,1,0,0,True,False,True,False,True,False,False
989,3764,168670,14,THEN HE EXPLAINED TO JEAN VALJEAN THAT THIS WAS HIS RECOMPENSE FOR A SERVICE WHICH HE FAUCHELEVENT WAS TO RENDER TO THE COMMUNITY,THEN HE EXPLAINED TO JEAN VALJEAN THAT THIS WAS HIS RECOMPENSE FOR A SERVICE WHICH HE FAUCHELEVENT WAS TO RENDER TO THE COMMUNITY,0.0,THEN HE EXPLAINED TO JEAN VALJEAN THAT THIS WAS HIS RECOMPENSE FOR A SERVICE WHICH HE FRAUGELEVENT WAS TO RENDER TO THE COMMUNITY,0.0434782608695652,31.49109581557959,test-other,opus,8k,0.0434782608695652,0,0,0,1,0,0,1,0,0,True,False,True,False,True,False,False
549,3080,5032,1,I KNEW YOU COULD NOT CHOOSE BUT LIKE HER BUT YET LET ME TELL YOU YOU HAVE SEEN BUT THE WORST OF HER,I KNEW YOU COULD NOT CHOOSE BUT LIKE HER BUT YET LET ME TELL YOU YOU HAVE SEEN BUT THE WORST OF HER,0.0,I KNEW YOU COULD NOT CHOOSE BUT LIKE HER  YET LET ME TELL YOU YOU HAVE SEEN BUT THE WORST OF HER,0.0434782608695652,20.728338977451063,test-other,opus,12k,0.0434782608695652,0,0,0,0,1,0,0,1,0,True,False,True,False,True,False,False
549,3080,5032,1,I KNEW YOU COULD NOT CHOOSE BUT LIKE HER BUT YET LET ME TELL YOU YOU HAVE SEEN BUT THE WORST OF HER,I KNEW YOU COULD NOT CHOOSE BUT LIKE HER BUT YET LET ME TELL YOU YOU HAVE SEEN BUT THE WORST OF HER,0.0,I KNEW YOU COULD NOT CHOOSE BUT LIKE HER BT YET LET ME TELL YOU YOU HAVE SEEN BUT THE WORST OF HER,0.0434782608695652,15.765674079658249,test-other,opus,16k,0.0434782608695652,0,0,0,1,0,0,1,0,0,True,False,True,False,True,False,False
2506,7975,280076,17,OUR BUSINESS THERE WAS TO SEE E P WEST HE WAS NOT AT HOME BUT THE FAMILY WILL REMEMBER THAT WE WERE THERE,OUR BUSINESS THERE WAS TO SEE E P WEST HE WAS NOT AT HOME BUT THE FAMILY WILL REMEMBER THAT WE WERE THERE,0.0,OUR BUSINESS THERE WAS TO SE E P WEST HE WAS NOT AT HOME BUT THE FAMILY WILL REMEMBER THAT WE WERE THERE,0.0434782608695652,19.91602380427595,test-other,opus,12k,0.0434782608695652,0,0,0,1,0,0,1,0,0,True,False,True,False,True,False,False
844,2830,3980,47,TO DO SO IS TO LOSE GOD ALTOGETHER BECAUSE GOD BECOMES INTOLERABLE WHEN WE SEEK TO MEASURE AND TO COMPREHEND HIS INFINITE MAJESTY,TO DO SO IS TO LOSE GOD ALTOGETHER BECAUSE GOD BECOMES INTOLERABLE WHEN WE SEEK TO MEASURE AND TO COMPREHEND HIS INFINITE MAJESTY,0.0,TO DO SO IS TO LOSE GOD ALTOGETHER BECAUSE GOD BECOMES INTOLERABLE WHEN WE SPEAK TO MEASURE AND TO COMPREHEND HIS INFINITE MAJESTY,0.0434782608695652,15.601288963252154,test-clean,mp3,16k,0.0434782608695652,0,0,0,1,0,0,1,0,0,True,False,True,False,True,False,False
2506,7975,280076,17,OUR BUSINESS THERE WAS TO SEE E P WEST HE WAS NOT AT HOME BUT THE FAMILY WILL REMEMBER THAT WE WERE THERE,OUR BUSINESS THERE WAS TO SEE E P WEST HE WAS NOT AT HOME BUT THE FAMILY WILL REMEMBER THAT WE WERE THERE,0.0,OUR BUSINESS THERE WAS TO SE E P WEST HE WAS NOT AT HOME BUT THE FAMILY WILL REMEMBER THAT WE WERE THERE,0.0434782608695652,29.56773560209424,test-other,opus,8k,0.0434782608695652,0,0,0,1,0,0,1,0,0,True,False,True,False,True,False,False
549,3080,5032,1,I KNEW YOU COULD NOT CHOOSE BUT LIKE HER BUT YET LET ME TELL YOU YOU HAVE SEEN BUT THE WORST OF HER,I KNEW YOU COULD NOT CHOOSE BUT LIKE HER BUT YET LET ME TELL YOU YOU HAVE SEEN BUT THE WORST OF HER,0.0,I KNEW YOU COULD NOT CHOOSE BUT LIKE HER BUT YET LET ME TELL YOU YOU HAVE SEEN FOR THE WORST OF HER,0.0434782608695652,15.621413009648304,test-other,mp3,16k,0.0434782608695652,0,0,0,1,0,0,1,0,0,True,False,True,False,True,False,False
989,3764,168670,14,THEN HE EXPLAINED TO JEAN VALJEAN THAT THIS WAS HIS RECOMPENSE FOR A SERVICE WHICH HE FAUCHELEVENT WAS TO RENDER TO THE COMMUNITY,THEN HE EXPLAINED TO JEAN VALJEAN THAT THIS WAS HIS RECOMPENSE FOR A SERVICE WHICH HE FAUCHELEVENT WAS TO RENDER TO THE COMMUNITY,0.0,THEN HE EXPLAINED TO JEAN VALJEAN THAT THIS WAS HIS RECOMPENSE FOR A SERVICE WHICH HE FAUCELEVENT WAS TO RENDER TO THE COMMUNITY,0.0434782608695652,15.630280353560002,test-other,mp3,16k,0.0434782608695652,0,0,0,1,0,0,1,0,0,True,False,True,False,True,False,False
1783,5484,24318,17,AS SOON AS THE CAPTIVE ARTIST WAS ALONE WITH THE WOMAN HE LOVED HE CLASPED HER HAND POURING FORTH INCOHERENT WORDS OF THE MOST ARDENT GRATITUDE AND WHEN HE FELT HER WARMLY RETURN THE PRESSURE HE COULD NOT RESTRAIN THE DESIRE TO CLASP HER TO HIS HEART,AS SOON AS THE CAPTIVE ARTIST WAS ALONE WITH THE WOMAN HE LOVED HE CLASPED HER HAND POURING FORTH INCOHERENT WORDS OF THE MOST ARDENT GRATITUDE AND WHEN HE FELT HER WARMLY RETURN THE PRESSURE HE COULD NOT RESTRAIN THE DESIRE TO CLASP HER TO HIS HEART,0.0,AS SOON AS THE CAPTIVE ARTIST WAS ALONE WITH THE WOMAN HE LOVED HE CLASPED HER HAND POURING FORTH IN COHERENT WORDS OF THE MOST ARDENT GRATITUDE AND WHEN HE FELT HER WARMLY RETURN THE PRESSURE HE COULD NOT RESTRAIN THE DESIRE TO CLASP HER TO HIS HEART,0.0425531914893617,15.768118858369387,test-other,mp3,16k,0.0425531914893617,0,0,0,1,0,1,1,0,1,True,False,True,False,True,False,False
1783,5484,24318,17,AS SOON AS THE CAPTIVE ARTIST WAS ALONE WITH THE WOMAN HE LOVED HE CLASPED HER HAND POURING FORTH INCOHERENT WORDS OF THE MOST ARDENT GRATITUDE AND WHEN HE FELT HER WARMLY RETURN THE PRESSURE HE COULD NOT RESTRAIN THE DESIRE TO CLASP HER TO HIS HEART,AS SOON AS THE CAPTIVE ARTIST WAS ALONE WITH THE WOMAN HE LOVED HE CLASPED HER HAND POURING FORTH INCOHERENT WORDS OF THE MOST ARDENT GRATITUDE AND WHEN HE FELT HER WARMLY RETURN THE PRESSURE HE COULD NOT RESTRAIN THE DESIRE TO CLASP HER TO HIS HEART,0.0,AS SOON AS THE CAPTIVE ARTIST WAS ALONE WITH THE WOMAN HE LOVED HE CLASPED HER HAND POURING FORTH IN COHERENT WORDS OF THE MOST ARDENT GRATITUDE AND WHEN HE FELT HER WARMLY RETURN THE PRESSURE HE COULD NOT RESTRAIN THE DESIRE TO CLASP HER TO HIS HEART,0.0425531914893617,31.000791243571147,test-other,opus,8k,0.0425531914893617,0,0,0,1,0,1,1,0,1,True,False,True,False,True,False,False
2187,7176,92135,0,HE IS A WELCOME FIGURE AT THE GARDEN PARTIES OF THE ELECT WHO ARE ALWAYS READY TO ENCOURAGE HIM BY ACCEPTING FREE SEATS FOR HIS PLAY ACTOR MANAGERS NOD TO HIM EDITORS ALLOW HIM TO CONTRIBUTE WITHOUT CHARGE TO A SYMPOSIUM ON THE PRICE OF GOLF BALLS,HE IS A WELCOME FIGURE AT THE GARDEN PARTIES OF THE ELECT WHO ARE ALWAYS READY TO ENCOURAGE HIM BY ACCEPTING FREE SEATS FOR HIS PLAY ACTOR MANAGERS NOD TO HIM EDITORS ALLOW HIM TO CONTRIBUTE WITHOUT CHARGE TO A SYMPOSIUM ON THE PRICE OF GOLF BALLS,0.0,HE IS A WELCOME FIGURE AT THE GARDEN PARTIES OF THE ELECT WHO ARE ALWAYS READY TO ENCOURAGE HIM BY ACCEPTING FREE SEATS FOR HIS PLAY ACTOR MANAGERS NOD TO HIM EDITORS ALLOW HIM TO CONTRIBUTE WITHOUT CHARGE TO HIS IMPOSIUM ON THE PRICE OF GOLF BALLS,0.0425531914893617,20.55680099635264,test-clean,opus,12k,0.0425531914893617,0,0,0,2,0,0,2,0,0,True,False,True,False,True,False,False
2187,7176,92135,0,HE IS A WELCOME FIGURE AT THE GARDEN PARTIES OF THE ELECT WHO ARE ALWAYS READY TO ENCOURAGE HIM BY ACCEPTING FREE SEATS FOR HIS PLAY ACTOR MANAGERS NOD TO HIM EDITORS ALLOW HIM TO CONTRIBUTE WITHOUT CHARGE TO A SYMPOSIUM ON THE PRICE OF GOLF BALLS,HE IS A WELCOME FIGURE AT THE GARDEN PARTIES OF THE ELECT WHO ARE ALWAYS READY TO ENCOURAGE HIM BY ACCEPTING FREE SEATS FOR HIS PLAY ACTOR MANAGERS NOD TO HIM EDITORS ALLOW HIM TO CONTRIBUTE WITHOUT CHARGE TO A SYMPOSIUM ON THE PRICE OF GOLF BALLS,0.0,HE IS A WELCOME FIGURE AT THE GARDEN PARTIES OF THE ELECT WHO ARE ALWAYS READY TO ENCOURAGE HIM BY ACCEPTING FREE SEATS FOR HIS PLAY ACTOR MANAGERS NOD TO HIM EDITORS ALLOW HIM TO CONTRIBUTE WITHOUT CHARGE TO HIS IMPOSIUM ON THE PRICE OF GOLF BALLS,0.0425531914893617,15.64462949798585,test-clean,opus,16k,0.0425531914893617,0,0,0,2,0,0,2,0,0,True,False,True,False,True,False,False
2187,7176,92135,0,HE IS A WELCOME FIGURE AT THE GARDEN PARTIES OF THE ELECT WHO ARE ALWAYS READY TO ENCOURAGE HIM BY ACCEPTING FREE SEATS FOR HIS PLAY ACTOR MANAGERS NOD TO HIM EDITORS ALLOW HIM TO CONTRIBUTE WITHOUT CHARGE TO A SYMPOSIUM ON THE PRICE OF GOLF BALLS,HE IS A WELCOME FIGURE AT THE GARDEN PARTIES OF THE ELECT WHO ARE ALWAYS READY TO ENCOURAGE HIM BY ACCEPTING FREE SEATS FOR HIS PLAY ACTOR MANAGERS NOD TO HIM EDITORS ALLOW HIM TO CONTRIBUTE WITHOUT CHARGE TO A SYMPOSIUM ON THE PRICE OF GOLF BALLS,0.0,HE IS A WELCOME FIGURE AT THE GARDEN PARTIES OF THE ELECT WHO ARE ALWAYS READY TO ENCOURAGE HIM BY ACCEPTING FREE SEATS FOR HIS PLAY ACTOR MANAGERS NOD TO HIM EDITORS ALLOW HIM TO CONTRIBUTE WITHOUT CHARGE TO A SYMPOSIUM ON THE PRICE OF GOLFBALLS,0.0425531914893617,15.76631528673285,test-clean,mp3,16k,0.0425531914893617,0,0,0,1,1,0,1,1,0,True,False,True,False,True,False,False
2575,908,157963,12,BUT THEL IS LIKE A FAINT CLOUD KINDLED AT THE RISING SUN I VANISH FROM MY PEARLY THRONE AND WHO SHALL FIND MY PLACE,BUT THEL IS LIKE A FAINT CLOUD KINDLED AT THE RISING SUN I VANISH FROM MY PEARLY THRONE AND WHO SHALL FIND MY PLACE,0.0,BUT VEL IS LIKE A FAINT CLOUD KINDLED AT THE RISING SUN I VANISH FROM MY PEARLY THRONE AND WHO SHALL FIND MY PLACE,0.0416666666666666,32.357278829776575,test-clean,opus,8k,0.0416666666666666,0,0,0,1,0,0,1,0,0,True,False,True,False,True,False,False
2575,908,157963,12,BUT THEL IS LIKE A FAINT CLOUD KINDLED AT THE RISING SUN I VANISH FROM MY PEARLY THRONE AND WHO SHALL FIND MY PLACE,BUT THEL IS LIKE A FAINT CLOUD KINDLED AT THE RISING SUN I VANISH FROM MY PEARLY THRONE AND WHO SHALL FIND MY PLACE,0.0,BUT VEL IS LIKE A FAINT CLOUD KINDLED AT THE RISING SUN I VANISH FROM MY PEARLY THRONE AND WHO SHALL FIND MY PLACE,0.0416666666666666,10.489395563350548,test-clean,mp3,24k,0.0416666666666666,0,0,0,1,0,0,1,0,0,True,False,True,False,True,False,False
2790,8188,274364,1,IN THE GOVERNMENT OF IRELAND HIS ADMINISTRATION HAD BEEN EQUALLY PROMOTIVE OF HIS MASTER'S INTEREST AND THAT OF THE SUBJECTS COMMITTED TO HIS CARE,IN THE GOVERNMENT OF IRELAND HIS ADMINISTRATION HAD BEEN EQUALLY PROMOTIVE OF HIS MASTER'S INTEREST AND THAT OF THE SUBJECTS COMMITTED TO HIS CARE,0.0,IN THE GOVERNMENT OF IRELAND HIS ADMINISTRATION HAD BEEN EQUALLY PROMOTIVE OF HIS MASTER'S INTEREST AND THAT OF THE SUBJECTS COMMITTED TO HIS HERE,0.0416666666666666,7.8662368145697235,test-other,mp3,32k,0.0416666666666666,0,0,0,1,0,0,1,0,0,True,False,True,False,True,False,False
2790,8188,274364,1,IN THE GOVERNMENT OF IRELAND HIS ADMINISTRATION HAD BEEN EQUALLY PROMOTIVE OF HIS MASTER'S INTEREST AND THAT OF THE SUBJECTS COMMITTED TO HIS CARE,IN THE GOVERNMENT OF IRELAND HIS ADMINISTRATION HAD BEEN EQUALLY PROMOTIVE OF HIS MASTER'S INTEREST AND THAT OF THE SUBJECTS COMMITTED TO HIS CARE,0.0,IN THE GOVERNMENT OF IRELAND HIS ADMINISTRATION HAD BEEN EQUALLY PROMOTIVE OF HIS MASTER'S INTEREST AND THAT OF THE SUBJECTS COMMITTED TO HIS HERE,0.0416666666666666,15.633001742258193,test-other,mp3,16k,0.0416666666666666,0,0,0,1,0,0,1,0,0,True,False,True,False,True,False,False
2790,8188,274364,1,IN THE GOVERNMENT OF IRELAND HIS ADMINISTRATION HAD BEEN EQUALLY PROMOTIVE OF HIS MASTER'S INTEREST AND THAT OF THE SUBJECTS COMMITTED TO HIS CARE,IN THE GOVERNMENT OF IRELAND HIS ADMINISTRATION HAD BEEN EQUALLY PROMOTIVE OF HIS MASTER'S INTEREST AND THAT OF THE SUBJECTS COMMITTED TO HIS CARE,0.0,IN THE GOVERNMENT OF IRELAND HIS ADMINISTRATION HAD BEEN EQUALLY PROMOTIVE OF HIS MASTER'S INTEREST AND THAT OF THE SUBJECTS COMMITTED TO HIS HER,0.0416666666666666,10.466117319486774,test-other,mp3,24k,0.0416666666666666,0,0,0,1,0,0,1,0,0,True,False,True,False,True,False,False
2575,908,157963,12,BUT THEL IS LIKE A FAINT CLOUD KINDLED AT THE RISING SUN I VANISH FROM MY PEARLY THRONE AND WHO SHALL FIND MY PLACE,BUT THEL IS LIKE A FAINT CLOUD KINDLED AT THE RISING SUN I VANISH FROM MY PEARLY THRONE AND WHO SHALL FIND MY PLACE,0.0,BUT TEL IS LIKE A FAINT CLOUD KINDLED AT THE RISING SUN I VANISH FROM MY PEARLY THRONE AND WHO SHALL FIND MY PLACE,0.0416666666666666,7.881445689045074,test-clean,mp3,32k,0.0416666666666666,0,0,0,1,0,0,1,0,0,True,False,True,False,True,False,False
2575,908,157963,12,BUT THEL IS LIKE A FAINT CLOUD KINDLED AT THE RISING SUN I VANISH FROM MY PEARLY THRONE AND WHO SHALL FIND MY PLACE,BUT THEL IS LIKE A FAINT CLOUD KINDLED AT THE RISING SUN I VANISH FROM MY PEARLY THRONE AND WHO SHALL FIND MY PLACE,0.0,BUT TEL IS LIKE A FAINT CLOUD KINDLED AT THE RISING SUN I VANISH FROM MY PEARLY THRONE AND WHO SHALL FIND MY PLACE,0.0416666666666666,15.985645696183736,test-clean,opus,16k,0.0416666666666666,0,0,0,1,0,0,1,0,0,True,False,True,False,True,False,False
2575,908,157963,12,BUT THEL IS LIKE A FAINT CLOUD KINDLED AT THE RISING SUN I VANISH FROM MY PEARLY THRONE AND WHO SHALL FIND MY PLACE,BUT THEL IS LIKE A FAINT CLOUD KINDLED AT THE RISING SUN I VANISH FROM MY PEARLY THRONE AND WHO SHALL FIND MY PLACE,0.0,BUT VEL IS LIKE A FAINT CLOUD KINDLED AT THE RISING SUN I VANISH FROM MY PEARLY THRONE AND WHO SHALL FIND MY PLACE,0.0416666666666666,21.09182340647858,test-clean,opus,12k,0.0416666666666666,0,0,0,1,0,0,1,0,0,True,False,True,False,True,False,False
2575,908,157963,12,BUT THEL IS LIKE A FAINT CLOUD KINDLED AT THE RISING SUN I VANISH FROM MY PEARLY THRONE AND WHO SHALL FIND MY PLACE,BUT THEL IS LIKE A FAINT CLOUD KINDLED AT THE RISING SUN I VANISH FROM MY PEARLY THRONE AND WHO SHALL FIND MY PLACE,0.0,BUT TEL IS LIKE A FAINT CLOUD KINDLED AT THE RISING SUN I VANISH FROM MY PEARLY THRONE AND WHO SHALL FIND MY PLACE,0.0416666666666666,8.04278421118167,test-clean,opus,32k,0.0416666666666666,0,0,0,1,0,0,1,0,0,True,False,True,False,True,False,False
2575,908,157963,12,BUT THEL IS LIKE A FAINT CLOUD KINDLED AT THE RISING SUN I VANISH FROM MY PEARLY THRONE AND WHO SHALL FIND MY PLACE,BUT THEL IS LIKE A FAINT CLOUD KINDLED AT THE RISING SUN I VANISH FROM MY PEARLY THRONE AND WHO SHALL FIND MY PLACE,0.0,BUT TEL IS LIKE A FAINT CLOUD KINDLED AT THE RISING SUN I VANISH FROM MY PEARLY THRONE AND WHO SHALL FIND MY PLACE,0.0416666666666666,3.946356782384496,test-clean,mp3,64k,0.0416666666666666,0,0,0,1,0,0,1,0,0,True,False,True,False,True,False,False
2575,908,157963,12,BUT THEL IS LIKE A FAINT CLOUD KINDLED AT THE RISING SUN I VANISH FROM MY PEARLY THRONE AND WHO SHALL FIND MY PLACE,BUT THEL IS LIKE A FAINT CLOUD KINDLED AT THE RISING SUN I VANISH FROM MY PEARLY THRONE AND WHO SHALL FIND MY PLACE,0.0,BUT VEL IS LIKE A FAINT CLOUD KINDLED AT THE RISING SUN I VANISH FROM MY PEARLY THRONE AND WHO SHALL FIND MY PLACE,0.0416666666666666,15.676811805252171,test-clean,mp3,16k,0.0416666666666666,0,0,0,1,0,0,1,0,0,True,False,True,False,True,False,False
2239,7018,75789,31,WHEN SUDDENLY A VIOLENT SQUALL OF WIND AROSE AND SMOTE THE SHIP WHICH ROSE OUT OF THE WATER AND SETTLED UPON A GREAT REEF THE HAUNT OF SEA MONSTERS WHERE IT BROKE UP AND FELL ASUNDER INTO PLANKS AND ALL AND EVERYTHING ON BOARD WERE PLUNGED INTO THE SEA,WHEN SUDDENLY A VIOLENT SQUALL OF WIND AROSE AND SMOTE THE SHIP WHICH ROSE OUT OF THE WATER AND SETTLED UPON A GREAT REEF THE HAUNT OF SEA MONSTERS WHERE IT BROKE UP AND FELL ASUNDER INTO PLANKS AND ALL AND EVERYTHING ON BOARD WERE PLUNGED INTO THE SEA,0.0,WHEN SUDDENLY A VIOLENT SQUARL OF WIND AROSE AND SMOTE THE SHIP WHICH ROSE OUT OF THE WATER AND SETTLED UPON A GREAT REEF THE HAUNT OF SEA MONSTERS WHERE IT BROKE UP AND FELL ASUNDER INTO PLANKS AND ALL AND EVERYTHING ON BORD WERE PLUNGED INTO THE SEA,0.0408163265306122,31.73139098899748,test-other,opus,8k,0.0408163265306122,0,0,0,2,0,0,2,0,0,True,False,True,False,True,False,False
2013,6128,63244,0,MISS CHANCELLOR HERSELF HAD THOUGHT SO MUCH ON THE VITAL SUBJECT WOULD NOT SHE MAKE A FEW REMARKS AND GIVE THEM SOME OF HER EXPERIENCES,MISS CHANCELLOR HERSELF HAD THOUGHT SO MUCH ON THE VITAL SUBJECT WOULD NOT SHE MAKE A FEW REMARKS AND GIVE THEM SOME OF HER EXPERIENCES,0.0,MISS CHANCELLOR HERSELF HA THOUGHT SO MUCH ON THE VITAL SUBJECT WOULD NOT SHE MAKE A FEW REMARKS AND GIVE THEM SOME OF HER EXPERIENCES,0.04,10.43198823580295,test-other,mp3,24k,0.04,0,0,0,1,0,0,1,0,0,True,False,True,False,True,False,False
1379,4992,41797,14,WHEN SHE COULD NOT MAKE A RABBIT OR A BIRD LOOK REAL ON PAPER SHE SEARCHED IN HER FATHER'S BOOKS FOR PICTURES OF ITS BONES,WHEN SHE COULD NOT MAKE A RABBIT OR A BIRD LOOK REAL ON PAPER SHE SEARCHED IN HER FATHER'S BOOKS FOR PICTURES OF ITS BONES,0.0,WHEN SHE COULD NOT MAKE A RABBIT OR A BIRD LOOK REEL ON PAPER SHE SEARCHED IN HER FATHER'S BOOKS FOR PICTURES OF ITS BONES,0.04,7.84051329055912,test-clean,mp3,32k,0.04,0,0,0,1,0,0,1,0,0,True,False,True,False,True,False,False
1146,4446,2273,8,I'VE MANAGED TO SAVE SOMETHING EVERY YEAR AND THAT WITH HELPING MY THREE SISTERS NOW AND THEN AND TIDING POOR COUSIN MIKE OVER BAD SEASONS,I'VE MANAGED TO SAVE SOMETHING EVERY YEAR AND THAT WITH HELPING MY THREE SISTERS NOW AND THEN AND TIDING POOR COUSIN MIKE OVER BAD SEASONS,0.0,I'VE MANAGED TO SAVE SOMETHING EVERY YEAR AND THAT WITH HELPING MY THREE SISTERS NOW AND THEN AND TIDING POOR COUSIN MICHAE OVER BAD SEASONS,0.04,7.84666221840943,test-clean,mp3,32k,0.04,0,0,0,1,0,0,1,0,0,True,False,True,False,True,False,False
2013,6128,63244,0,MISS CHANCELLOR HERSELF HAD THOUGHT SO MUCH ON THE VITAL SUBJECT WOULD NOT SHE MAKE A FEW REMARKS AND GIVE THEM SOME OF HER EXPERIENCES,MISS CHANCELLOR HERSELF HAD THOUGHT SO MUCH ON THE VITAL SUBJECT WOULD NOT SHE MAKE A FEW REMARKS AND GIVE THEM SOME OF HER EXPERIENCES,0.0,MISS CHANCELLOR HERSELF HA THOUGHT SO MUCH ON THE VITAL SUBJECT WOULD NOT SHE MAKE A FEW REMARKS AND GIVE THEM SOME OF HER EXPERIENCES,0.04,4.01876103835516,test-other,opus,64k,0.04,0,0,0,1,0,0,1,0,0,True,False,True,False,True,False,False
1146,4446,2273,8,I'VE MANAGED TO SAVE SOMETHING EVERY YEAR AND THAT WITH HELPING MY THREE SISTERS NOW AND THEN AND TIDING POOR COUSIN MIKE OVER BAD SEASONS,I'VE MANAGED TO SAVE SOMETHING EVERY YEAR AND THAT WITH HELPING MY THREE SISTERS NOW AND THEN AND TIDING POOR COUSIN MIKE OVER BAD SEASONS,0.0,I'VE MANAGED TO SAVE SOMETHING EVERY YEAR AND THAT WITH HELPING MY THREE SISTERS NOW AND THEN AND TIDING POOR COUSIN MICHAE OVER BAD SEASONS,0.04,21.167223793605896,test-clean,opus,12k,0.04,0,0,0,1,0,0,1,0,0,True,False,True,False,True,False,False
1146,4446,2273,8,I'VE MANAGED TO SAVE SOMETHING EVERY YEAR AND THAT WITH HELPING MY THREE SISTERS NOW AND THEN AND TIDING POOR COUSIN MIKE OVER BAD SEASONS,I'VE MANAGED TO SAVE SOMETHING EVERY YEAR AND THAT WITH HELPING MY THREE SISTERS NOW AND THEN AND TIDING POOR COUSIN MIKE OVER BAD SEASONS,0.0,I'VE MANAGED TO SAVE SOMETHING EVERY YEAR AND THAT WITH HELPING MY THREE SISTERS NOW AND THEN AND TIDING POOR COUSIN MIKHE OVER BAD SEASONS,0.04,10.437344152825323,test-clean,mp3,24k,0.04,0,0,0,1,0,0,1,0,0,True,False,True,False,True,False,False
1379,4992,41797,14,WHEN SHE COULD NOT MAKE A RABBIT OR A BIRD LOOK REAL ON PAPER SHE SEARCHED IN HER FATHER'S BOOKS FOR PICTURES OF ITS BONES,WHEN SHE COULD NOT MAKE A RABBIT OR A BIRD LOOK REAL ON PAPER SHE SEARCHED IN HER FATHER'S BOOKS FOR PICTURES OF ITS BONES,0.0,WHEN SHE COULD NOT MAKE A RABBIT OR A BIRD LOOK REEL ON PAPER SHE SEARCHED IN HER FATHER'S BOOKS FOR PICTURES OF ITS BONES,0.04,15.562158884172224,test-clean,mp3,16k,0.04,0,0,0,1,0,0,1,0,0,True,False,True,False,True,False,False
1146,4446,2273,8,I'VE MANAGED TO SAVE SOMETHING EVERY YEAR AND THAT WITH HELPING MY THREE SISTERS NOW AND THEN AND TIDING POOR COUSIN MIKE OVER BAD SEASONS,I'VE MANAGED TO SAVE SOMETHING EVERY YEAR AND THAT WITH HELPING MY THREE SISTERS NOW AND THEN AND TIDING POOR COUSIN MIKE OVER BAD SEASONS,0.0,I'VE MANAGED TO SAVE SOMETHING EVERY YEAR AND THAT WITH HELPING MY THREE SISTERS NOW AND THEN AND TIDING POOR COUSIN MIKHAE OVER BAD SEASONS,0.04,15.891763191763191,test-clean,opus,16k,0.04,0,0,0,1,0,0,1,0,0,True,False,True,False,True,False,False
1146,4446,2273,8,I'VE MANAGED TO SAVE SOMETHING EVERY YEAR AND THAT WITH HELPING MY THREE SISTERS NOW AND THEN AND TIDING POOR COUSIN MIKE OVER BAD SEASONS,I'VE MANAGED TO SAVE SOMETHING EVERY YEAR AND THAT WITH HELPING MY THREE SISTERS NOW AND THEN AND TIDING POOR COUSIN MIKE OVER BAD SEASONS,0.0,I'VE MANAGED TO SAVE SOMETHING EVERY YEAR AND THAT WITH HELPING MY THREE SISTERS NOW AND THEN AND TIDING POOR COUSIN MIKHAE OVER BAD SEASONS,0.04,15.581929459271878,test-clean,mp3,16k,0.04,0,0,0,1,0,0,1,0,0,True,False,True,False,True,False,False
1146,4446,2273,8,I'VE MANAGED TO SAVE SOMETHING EVERY YEAR AND THAT WITH HELPING MY THREE SISTERS NOW AND THEN AND TIDING POOR COUSIN MIKE OVER BAD SEASONS,I'VE MANAGED TO SAVE SOMETHING EVERY YEAR AND THAT WITH HELPING MY THREE SISTERS NOW AND THEN AND TIDING POOR COUSIN MIKE OVER BAD SEASONS,0.0,I'VE MANAGED TO SAVE SOMETHING EVERY YEAR AND THAT WITH HELPING MY THREE SISTERS NOW AND THEN AND TIDING POOR COUSIN MICHAEL OVER BAD SEASONS,0.04,31.44359562006621,test-clean,opus,8k,0.04,0,0,0,1,0,0,1,0,0,True,False,True,False,True,False,False
1548,4852,28330,18,HE THEN WENT ON TO DESCRIBE WHAT ELSE WAS TO FOLLOW THE COVERING OF THE SHIP WITH LEAVES TO MAKE IT BLEND WITH ITS SURROUNDINGS,HE THEN WENT ON TO DESCRIBE WHAT ELSE WAS TO FOLLOW THE COVERING OF THE SHIP WITH LEAVES TO MAKE IT BLEND WITH ITS SURROUNDINGS,0.0,HE THEN WENT ON TO DESCRIBE WHAT ELSE WAS TO FOLLOW THE COVERING OF A SHIP WITH LEAVES TO MAKE IT BLEND WITH ITS SURROUNDINGS,0.04,20.52541722616536,test-other,opus,12k,0.04,0,0,0,1,0,0,1,0,0,True,False,True,False,True,False,False
1379,4350,10919,31,FINALLY HIS DECISION WAS PRONOUNCED THEY WERE TO GO ABROAD BUT TO PUT NO FAITH IN FOREIGN QUACKS AND TO APPLY TO HIM IN ANY NEED,FINALLY HIS DECISION WAS PRONOUNCED THEY WERE TO GO ABROAD BUT TO PUT NO FAITH IN FOREIGN QUACKS AND TO APPLY TO HIM IN ANY NEED,0.0,FINALLY HIS DECISION WAS PRONOUNCED THEY WERE TO GO ABROAD BUT TO PUT NO FAITH IN FOREIGN QUECTS AND TO APPLY TO HIM IN ANY NEED,0.0384615384615384,15.65204788909893,test-other,opus,16k,0.0384615384615384,0,0,0,1,0,0,1,0,0,True,False,True,False,True,False,False
1379,4350,10919,31,FINALLY HIS DECISION WAS PRONOUNCED THEY WERE TO GO ABROAD BUT TO PUT NO FAITH IN FOREIGN QUACKS AND TO APPLY TO HIM IN ANY NEED,FINALLY HIS DECISION WAS PRONOUNCED THEY WERE TO GO ABROAD BUT TO PUT NO FAITH IN FOREIGN QUACKS AND TO APPLY TO HIM IN ANY NEED,0.0,FINALLY HIS DECISION WAS PRONOUNCED THEY WERE TO GO ABROAD BUT TO PUT NO FAITH IN FOREIGN QUACTS AND TO APPLY TO HIM IN ANY NEED,0.0384615384615384,20.675711669718662,test-other,opus,12k,0.0384615384615384,0,0,0,1,0,0,1,0,0,True,False,True,False,True,False,False
1132,3997,180297,10,I FANCIED FOR A MOMENT THAT I MIGHT GIVE MYSELF THAT HAPPINESS FOR SIX MONTHS YOU WOULD NOT HAVE IT YOU INSISTED ON KNOWING THE MEANS,I FANCIED FOR A MOMENT THAT I MIGHT GIVE MYSELF THAT HAPPINESS FOR SIX MONTHS YOU WOULD NOT HAVE IT YOU INSISTED ON KNOWING THE MEANS,0.0,I FANCIED FOR A MOMENT THAT I MIGHT GIVE MYSELF THAT HAPPINESS FOR SIX MONTHS YOU WOULD NOT HAVE IT YOU INSISTED ON NOYING THE MEANS,0.0384615384615384,10.485461615223151,test-other,mp3,24k,0.0384615384615384,0,0,0,1,0,0,1,0,0,True,False,True,False,True,False,False
1379,4350,10919,31,FINALLY HIS DECISION WAS PRONOUNCED THEY WERE TO GO ABROAD BUT TO PUT NO FAITH IN FOREIGN QUACKS AND TO APPLY TO HIM IN ANY NEED,FINALLY HIS DECISION WAS PRONOUNCED THEY WERE TO GO ABROAD BUT TO PUT NO FAITH IN FOREIGN QUACKS AND TO APPLY TO HIM IN ANY NEED,0.0,FINALLY HIS DECISION WAS PRONOUNCED THEY WERE TO GO ABROAD BUT TO PUT NO FAITH IN FOREIGN QUECKS AND TO APPLY TO HIM IN ANY NEED,0.0384615384615384,7.900197188474015,test-other,opus,32k,0.0384615384615384,0,0,0,1,0,0,1,0,0,True,False,True,False,True,False,False
1132,3997,180297,10,I FANCIED FOR A MOMENT THAT I MIGHT GIVE MYSELF THAT HAPPINESS FOR SIX MONTHS YOU WOULD NOT HAVE IT YOU INSISTED ON KNOWING THE MEANS,I FANCIED FOR A MOMENT THAT I MIGHT GIVE MYSELF THAT HAPPINESS FOR SIX MONTHS YOU WOULD NOT HAVE IT YOU INSISTED ON KNOWING THE MEANS,0.0,I FANCIED FOR A MOMENT THAT I MIGHT GIVE MYSELF THAT HAPPINESS FOR SIX MONTHS YOU WOULD NOT HAVE IT YOU INSISTED ON NOYING THE MEANS,0.0384615384615384,15.667540747596275,test-other,mp3,16k,0.0384615384615384,0,0,0,1,0,0,1,0,0,True,False,True,False,True,False,False
2551,7975,280085,15,ONE OF THE FELLOWS IN THE OUTER LINE NOT BRAVE ENOUGH HIMSELF TO JOIN THE VOLUNTEERS WHO HAD COME IN TO BEAT US OUT WAS NOT DISPOSED TO BELIEVE IN THE SURRENDER AND HAD HIS GUN LEVELLED ON BOB IN SPITE OF THE HANDKERCHIEF WHICH WAS WAVING AS A FLAG OF TRUCE,ONE OF THE FELLOWS IN THE OUTER LINE NOT BRAVE ENOUGH HIMSELF TO JOIN THE VOLUNTEERS WHO HAD COME IN TO BEAT US OUT WAS NOT DISPOSED TO BELIEVE IN THE SURRENDER AND HAD HIS GUN LEVELLED ON BOB IN SPITE OF THE HANDKERCHIEF WHICH WAS WAVING AS A FLAG OF TRUCE,0.0,ONE OF THE FELLOWS IN THE OUTER LINE NOT BRAVE ENOUGH HIMSELF TO JOIN THE VOLUNTEERS WHO HAD COME IN TO BEAT AS OUT WAS NOT DISPOSED TO BELIEVE IN THE SURRENDER AND HAD HIS GUN LEVELLED ON BOB IN SPITE OF THE HANDKERCHIEF WHICH WAS WAVING AS A FLAG OF TROOPS,0.0384615384615384,15.747725849814016,test-other,mp3,16k,0.0384615384615384,0,0,0,2,0,0,2,0,0,True,False,True,False,True,False,False
2515,8555,284447,14,THE IDEA OF PATCHING CAP'N BILL TO A GOAT WAS VASTLY AMUSING TO HIM AND THE MORE HE THOUGHT OF IT THE MORE HE ROARED WITH LAUGHTER,THE IDEA OF PATCHING CAP'N BILL TO A GOAT WAS VASTLY AMUSING TO HIM AND THE MORE HE THOUGHT OF IT THE MORE HE ROARED WITH LAUGHTER,0.0,THE IDEA OF PATCHING CAP'N BILL TO A GOAT WAS VASTLY AMUSING TO HIM AND TA MORE HE THOUGHT OF IT THE MORE HE ROARED WITH LAUGHTER,0.037037037037037,15.616496745579171,test-clean,mp3,16k,0.037037037037037,0,0,0,1,0,0,1,0,0,True,False,True,False,True,False,False
412,1580,141084,24,HE COULD HARDLY STAND STILL SO GREAT WAS HIS MENTAL AGITATION AND HE RAN TOWARDS HOLMES WITH TWO EAGER HANDS OUTSTRETCHED THANK HEAVEN THAT YOU HAVE COME,HE COULD HARDLY STAND STILL SO GREAT WAS HIS MENTAL AGITATION AND HE RAN TOWARDS HOLMES WITH TWO EAGER HANDS OUTSTRETCHED THANK HEAVEN THAT YOU HAVE COME,0.0,HE COULD HARDLY STAND STILL SO GREAT WAS HIS MENTAL AGITATION AND HE RAN TOWARDS HOMES WITH TWO EAGER HANDS OUTSTRETCHED THANK HEAVEN THAT YOU HAVE COME,0.037037037037037,15.83017445617058,test-clean,opus,16k,0.037037037037037,0,0,0,1,0,0,1,0,0,True,False,True,False,True,False,False
1408,5105,28233,2,IT MUST BE OWNED AND NO ONE WAS MORE READY TO CONFESS IT THAN HIMSELF THAT HIS LITERARY ATTAINMENTS WERE BY NO MEANS OF A HIGH ORDER,IT MUST BE OWNED AND NO ONE WAS MORE READY TO CONFESS IT THAN HIMSELF THAT HIS LITERARY ATTAINMENTS WERE BY NO MEANS OF A HIGH ORDER,0.0,IT MUST BE OWNED AND NO ONE WAS MORE READY TO CONFESS IT THAN HIMSELF THAT ITS LITERARY ATTAINMENTS WERE BY NO MEANS OF A HIGH ORDER,0.037037037037037,15.598964766778424,test-clean,mp3,16k,0.037037037037037,0,0,0,1,0,0,1,0,0,True,False,True,False,True,False,False
412,1580,141084,24,HE COULD HARDLY STAND STILL SO GREAT WAS HIS MENTAL AGITATION AND HE RAN TOWARDS HOLMES WITH TWO EAGER HANDS OUTSTRETCHED THANK HEAVEN THAT YOU HAVE COME,HE COULD HARDLY STAND STILL SO GREAT WAS HIS MENTAL AGITATION AND HE RAN TOWARDS HOLMES WITH TWO EAGER HANDS OUTSTRETCHED THANK HEAVEN THAT YOU HAVE COME,0.0,HE COULD HARDLY STAND STILL SO GREAT WAS HIS MENTAL AGITATION AND HE RAN TOWARDS HOMES WITH TWO EAGER HANDS OUTSTRETCHED THANK HEAVEN THAT YOU HAVE COME,0.037037037037037,31.07472783003911,test-clean,opus,8k,0.037037037037037,0,0,0,1,0,0,1,0,0,True,False,True,False,True,False,False
412,1580,141084,24,HE COULD HARDLY STAND STILL SO GREAT WAS HIS MENTAL AGITATION AND HE RAN TOWARDS HOLMES WITH TWO EAGER HANDS OUTSTRETCHED THANK HEAVEN THAT YOU HAVE COME,HE COULD HARDLY STAND STILL SO GREAT WAS HIS MENTAL AGITATION AND HE RAN TOWARDS HOLMES WITH TWO EAGER HANDS OUTSTRETCHED THANK HEAVEN THAT YOU HAVE COME,0.0,HE COULD HARDLY STAND STILL SO GREAT WAS HIS MENTAL AGITATION AND HE RAN TOWARDS HOMES WITH TWO EAGER HANDS OUTSTRETCHED THANK HEAVEN THAT YOU HAVE COME,0.037037037037037,20.96092970198203,test-clean,opus,12k,0.037037037037037,0,0,0,1,0,0,1,0,0,True,False,True,False,True,False,False
2515,8555,284447,14,THE IDEA OF PATCHING CAP'N BILL TO A GOAT WAS VASTLY AMUSING TO HIM AND THE MORE HE THOUGHT OF IT THE MORE HE ROARED WITH LAUGHTER,THE IDEA OF PATCHING CAP'N BILL TO A GOAT WAS VASTLY AMUSING TO HIM AND THE MORE HE THOUGHT OF IT THE MORE HE ROARED WITH LAUGHTER,0.0,THE IDEA OF PATCHING CAP'N BILL TO A GOAT WAS VASTLY AMUSING TO HIM AND TA MORE HE THOUGHT OF IT THE MORE HE ROARED WITH LAUGHTER,0.037037037037037,31.514355457398583,test-clean,opus,8k,0.037037037037037,0,0,0,1,0,0,1,0,0,True,False,True,False,True,False,False
412,1580,141084,24,HE COULD HARDLY STAND STILL SO GREAT WAS HIS MENTAL AGITATION AND HE RAN TOWARDS HOLMES WITH TWO EAGER HANDS OUTSTRETCHED THANK HEAVEN THAT YOU HAVE COME,HE COULD HARDLY STAND STILL SO GREAT WAS HIS MENTAL AGITATION AND HE RAN TOWARDS HOLMES WITH TWO EAGER HANDS OUTSTRETCHED THANK HEAVEN THAT YOU HAVE COME,0.0,HE COULD HARDLY STAND STILL SO GREAT WAS HIS MENTAL AGITATION AND HE RAN TOWARDS HOMES WITH TWO EAGER HANDS OUTSTRETCHED THANK HEAVEN THAT YOU HAVE COME,0.037037037037037,10.466659546441669,test-clean,mp3,24k,0.037037037037037,0,0,0,1,0,0,1,0,0,True,False,True,False,True,False,False
285,1320,122612,10,SEE SAID UNCAS POINTING NORTH AND SOUTH AT THE EVIDENT MARKS OF THE BROAD TRAIL ON EITHER SIDE OF HIM THE DARK HAIR HAS GONE TOWARD THE FOREST,SEE SAID UNCAS POINTING NORTH AND SOUTH AT THE EVIDENT MARKS OF THE BROAD TRAIL ON EITHER SIDE OF HIM THE DARK HAIR HAS GONE TOWARD THE FOREST,0.0,SEE SAID UNCAS POINTING NORTH AND SOUTH AT THE EVIDENT MARKS OF THE BROAD TRAIL ON EITHER SIDE OF HIM THE DARK AIR HAS GONE TOWARD THE FOREST,0.0357142857142857,7.8803641720398945,test-clean,mp3,32k,0.0357142857142857,0,0,0,1,0,0,1,0,0,True,False,True,False,True,False,False
2293,8224,274381,13,FROM THE SAME MEN NEW REGIMENTS AND NEW COMPANIES WERE FORMED DIFFERENT OFFICERS APPOINTED AND THE WHOLE MILITARY FORCE PUT INTO SUCH HANDS AS THE INDEPENDENTS COULD RELY ON,FROM THE SAME MEN NEW REGIMENTS AND NEW COMPANIES WERE FORMED DIFFERENT OFFICERS APPOINTED AND THE WHOLE MILITARY FORCE PUT INTO SUCH HANDS AS THE INDEPENDENTS COULD RELY ON,0.0,FROM THE SAME MEN NEW REGIMENTS AND NEW COMPANIES WERE FORMED DIFFERENT OFFICERS APPOINTED AND THE WHOLE MILITARY FORCE PUT INTO SUTCH HANDS AS THE INDEPENDENTS COULD RELY ON,0.0344827586206896,15.750009039302888,test-clean,mp3,16k,0.0344827586206896,0,0,0,1,0,0,1,0,0,True,False,True,False,True,False,False
1588,5639,40744,24,ONE DAY WHEN THE BOY WAS SENT BY HIS GRANDFATHER WITH A MESSAGE TO A RELATION HE PASSED ALONG A STREET IN WHICH THERE WAS A GREAT CONCOURSE OF HORSEMEN,ONE DAY WHEN THE BOY WAS SENT BY HIS GRANDFATHER WITH A MESSAGE TO A RELATION HE PASSED ALONG A STREET IN WHICH THERE WAS A GREAT CONCOURSE OF HORSEMEN,0.0,ONE DAY WHEN THE BOY WAS SENT BY HIS GRANDFATHER WITH A MESSAGE TO A RELATION HE PASSED ALONG THE STREET IN WHICH THERE WAS A GREAT CONCOURSE OF HORSEMEN,0.0333333333333333,31.72545943523084,test-clean,opus,8k,0.0333333333333333,0,0,0,1,0,0,1,0,0,True,False,True,False,True,False,False
24,1089,134686,24,IF THE WINE CHANGE INTO VINEGAR AND THE HOST CRUMBLE INTO CORRUPTION AFTER THEY HAVE BEEN CONSECRATED IS JESUS CHRIST STILL PRESENT UNDER THEIR SPECIES AS GOD AND AS MAN,IF THE WINE CHANGE INTO VINEGAR AND THE HOST CRUMBLE INTO CORRUPTION AFTER THEY HAVE BEEN CONSECRATED IS JESUS CHRIST STILL PRESENT UNDER THEIR SPECIES AS GOD AND AS MAN,0.0,IF THE WINE CHANGED INTO VINEGAR AND THE HOST CRUMBLE INTO CORRUPTION AFTER THEY HAVE BEEN CONSECRATED IS JESUS CHRIST STILL PRESENT UNDER THEIR SPECIES AS GOD AND AS MAN,0.0333333333333333,15.741992657298391,test-clean,mp3,16k,0.0333333333333333,0,0,0,1,0,0,1,0,0,True,False,True,False,True,False,False
1811,672,122797,26,THERE TOO WERE LARGE EASY CHAIRS SILKEN SOFAS LARGE TABLES FULL OF PICTURE BOOKS AND FULL OF TOYS WORTH HUNDREDS AND HUNDREDS OF CROWNS AT LEAST THE CHILDREN SAID SO,THERE TOO WERE LARGE EASY CHAIRS SILKEN SOFAS LARGE TABLES FULL OF PICTURE BOOKS AND FULL OF TOYS WORTH HUNDREDS AND HUNDREDS OF CROWNS AT LEAST THE CHILDREN SAID SO,0.0,THERE TOO WERE LARGE EASY CHAIRS SILKEN SOFAS LARGE TABLES FULL OF PICTURE BOOKS AND FULL OF TOYS WERE HUNDREDS AND HUNDREDS OF CROWNS AT LEAST THE CHILDREN SAID SO,0.0333333333333333,15.785126302773362,test-clean,mp3,16k,0.0333333333333333,0,0,0,1,0,0,1,0,0,True,False,True,False,True,False,False
1068,3729,6852,41,I BELIEVE IT SIR AND THAT IS WHAT I FEAR THEREFORE THE PRINCIPAL OBJECT OF MY VISIT HERE IS TO DEVOTE MYSELF ENTIRELY TO THE STUDY OF THE FRENCH LANGUAGE,I BELIEVE IT SIR AND THAT IS WHAT I FEAR THEREFORE THE PRINCIPAL OBJECT OF MY VISIT HERE IS TO DEVOTE MYSELF ENTIRELY TO THE STUDY OF THE FRENCH LANGUAGE,0.0,I BELIEVE IT SIR AND THAT IS WHAT I FEER THEREFORE THE PRINCIPAL OBJECT OF MY VISIT HERE IS TO DEVOTE MYSELF ENTIRELY TO THE STUDY OF THE FRENCH LANGUAGE,0.0333333333333333,31.695873477549537,test-clean,opus,8k,0.0333333333333333,0,0,0,1,0,0,1,0,0,True,False,True,False,True,False,False
2316,8230,279154,4,THERE IS NO LOGICAL IMPOSSIBILITY IN THE HYPOTHESIS THAT THE WORLD SPRANG INTO BEING FIVE MINUTES AGO EXACTLY AS IT THEN WAS WITH A POPULATION THAT REMEMBERED A WHOLLY UNREAL PAST,THERE IS NO LOGICAL IMPOSSIBILITY IN THE HYPOTHESIS THAT THE WORLD SPRANG INTO BEING FIVE MINUTES AGO EXACTLY AS IT THEN WAS WITH A POPULATION THAT REMEMBERED A WHOLLY UNREAL PAST,0.0,THERE IS NO LOGICAL IMPOSSIBILITY IN THE HYPOTHESIS THAT THE WORLD SPRANG INTO BEING FIVE MINUTES AGO EXACTLY AS IT THEN WAS WITH THE POPULATION THAT REMEMBERED A WHOLLY UNREAL PAST,0.032258064516129,20.89418210521428,test-clean,opus,12k,0.032258064516129,0,0,0,1,0,0,1,0,0,True,False,True,False,True,False,False
2824,8280,266249,23,NO SIR WHAT KNOW YE NOT THAT YOUR BODY IS THE TEMPLE OF THE HOLY GHOST WHICH IS IN YOU WHICH YE HAVE OF GOD AND YE ARE NOT YOUR OWN,NO SIR WHAT KNOW YE NOT THAT YOUR BODY IS THE TEMPLE OF THE HOLY GHOST WHICH IS IN YOU WHICH YE HAVE OF GOD AND YE ARE NOT YOUR OWN,0.0,NO SIR WHAT KNOW YE NOT THAT YOUR BODY IS THE TEMPLE OF THE HOLY GHOST WHICH IS IN YOU WHIC YE HAVE OF GOD AND YE ARE NOT YOUR OWN,0.032258064516129,1.9699164123127255,test-other,mp3,128k,0.032258064516129,0,0,0,1,0,0,1,0,0,True,False,True,False,True,False,False
2824,8280,266249,23,NO SIR WHAT KNOW YE NOT THAT YOUR BODY IS THE TEMPLE OF THE HOLY GHOST WHICH IS IN YOU WHICH YE HAVE OF GOD AND YE ARE NOT YOUR OWN,NO SIR WHAT KNOW YE NOT THAT YOUR BODY IS THE TEMPLE OF THE HOLY GHOST WHICH IS IN YOU WHICH YE HAVE OF GOD AND YE ARE NOT YOUR OWN,0.0,NO SIR WHAT KNOW YE NOT THAT YOUR BODY IS THE TEMPLE OF THE HOLY GHOST WHICH IS IN YOU WHIT YE HAVE OF GOD AND YE ARE NOT YOUR OWN,0.032258064516129,16.355896643109542,test-other,opus,16k,0.032258064516129,0,0,0,1,0,0,1,0,0,True,False,True,False,True,False,False
1309,4970,29095,4,I HEARD FATHER TELL COUSIN ABNER THAT HE WAS WHIPPED SO OFTEN FOR WHISTLING WHEN HE WAS A BOY THAT HE WAS DETERMINED TO HAVE WHAT COMPENSATION HE COULD GET NOW,I HEARD FATHER TELL COUSIN ABNER THAT HE WAS WHIPPED SO OFTEN FOR WHISTLING WHEN HE WAS A BOY THAT HE WAS DETERMINED TO HAVE WHAT COMPENSATION HE COULD GET NOW,0.0,I HEARD FATHER TELL COUSIN AVNER THAT HE WAS WHIPPED SO OFTEN FOR WHISTLING WHEN HE WAS A BOY THAT HE WAS DETERMINED TO HAVE WHAT COMPENSATION HE COULD GET NOW,0.032258064516129,15.699382432501404,test-clean,mp3,16k,0.032258064516129,0,0,0,1,0,0,1,0,0,True,False,True,False,True,False,False
1970,6930,75918,19,UPON THE LARGE SQUARE IN FRONT OF THE HOTEL THE SHADOWS OF THE TENTS INTERSECTED BY THE GOLDEN MOONBEAMS FORMED AS IT WERE A HUGE MOSAIC OF JET AND YELLOW FLAGSTONES,UPON THE LARGE SQUARE IN FRONT OF THE HOTEL THE SHADOWS OF THE TENTS INTERSECTED BY THE GOLDEN MOONBEAMS FORMED AS IT WERE A HUGE MOSAIC OF JET AND YELLOW FLAGSTONES,0.0,UPON THE LARGE SQUARE IN FRONT OF THE HOTEL THE SHADOWS OF THE TENTS INTERSECTED BY THE GOLDEN MOONBEAMS FORMED AS IT WERE A HUGE MOSAG OF JET AND YELLOW FLAGSTONES,0.032258064516129,15.728573237118622,test-clean,mp3,16k,0.032258064516129,0,0,0,1,0,0,1,0,0,True,False,True,False,True,False,False
1309,4970,29095,4,I HEARD FATHER TELL COUSIN ABNER THAT HE WAS WHIPPED SO OFTEN FOR WHISTLING WHEN HE WAS A BOY THAT HE WAS DETERMINED TO HAVE WHAT COMPENSATION HE COULD GET NOW,I HEARD FATHER TELL COUSIN ABNER THAT HE WAS WHIPPED SO OFTEN FOR WHISTLING WHEN HE WAS A BOY THAT HE WAS DETERMINED TO HAVE WHAT COMPENSATION HE COULD GET NOW,0.0,I HEARD FATHER TELL COUSIN AVNER THAT HE WAS WHIPPED SO OFTEN FOR WHISTLING WHEN HE WAS A BOY THAT HE WAS DETERMINED TO HAVE WHAT COMPENSATION HE COULD GET NOW,0.032258064516129,10.506472657717662,test-clean,mp3,24k,0.032258064516129,0,0,0,1,0,0,1,0,0,True,False,True,False,True,False,False
2316,8230,279154,4,THERE IS NO LOGICAL IMPOSSIBILITY IN THE HYPOTHESIS THAT THE WORLD SPRANG INTO BEING FIVE MINUTES AGO EXACTLY AS IT THEN WAS WITH A POPULATION THAT REMEMBERED A WHOLLY UNREAL PAST,THERE IS NO LOGICAL IMPOSSIBILITY IN THE HYPOTHESIS THAT THE WORLD SPRANG INTO BEING FIVE MINUTES AGO EXACTLY AS IT THEN WAS WITH A POPULATION THAT REMEMBERED A WHOLLY UNREAL PAST,0.0,THERE IS NO LOGICAL IMPOSSIBILITY AND THE HYPOTHESIS THAT THE WORLD SPRANG INTO BEING FIVE MINUTES AGO EXACTLY AS IT THEN WAS WITH A POPULATION THAT REMEMBERED A WHOLLY UNREAL PAST,0.032258064516129,10.546251376877828,test-clean,mp3,24k,0.032258064516129,0,0,0,1,0,0,1,0,0,True,False,True,False,True,False,False
1309,4970,29095,4,I HEARD FATHER TELL COUSIN ABNER THAT HE WAS WHIPPED SO OFTEN FOR WHISTLING WHEN HE WAS A BOY THAT HE WAS DETERMINED TO HAVE WHAT COMPENSATION HE COULD GET NOW,I HEARD FATHER TELL COUSIN ABNER THAT HE WAS WHIPPED SO OFTEN FOR WHISTLING WHEN HE WAS A BOY THAT HE WAS DETERMINED TO HAVE WHAT COMPENSATION HE COULD GET NOW,0.0,I HEARD FATHER TELL COUSIN AVNER THAT HE WAS WHIPPED SO OFTEN FOR WHISTLING WHEN HE WAS A BOY THAT HE WAS DETERMINED TO HAVE WHAT COMPENSATION HE COULD GET NOW,0.032258064516129,7.895023228356561,test-clean,mp3,32k,0.032258064516129,0,0,0,1,0,0,1,0,0,True,False,True,False,True,False,False
2316,8230,279154,4,THERE IS NO LOGICAL IMPOSSIBILITY IN THE HYPOTHESIS THAT THE WORLD SPRANG INTO BEING FIVE MINUTES AGO EXACTLY AS IT THEN WAS WITH A POPULATION THAT REMEMBERED A WHOLLY UNREAL PAST,THERE IS NO LOGICAL IMPOSSIBILITY IN THE HYPOTHESIS THAT THE WORLD SPRANG INTO BEING FIVE MINUTES AGO EXACTLY AS IT THEN WAS WITH A POPULATION THAT REMEMBERED A WHOLLY UNREAL PAST,0.0,THERE IS NO LOGICAL IMPOSSIBILITY IN THE HYPOTHESIS THAT THE WORLD SPRANG INTO BEING FIVE MINUTES AGO EXACTLY AS IT THEN WAS WITH THE POPULATION THAT REMEMBERED A WHOLLY UNREAL PAST,0.032258064516129,7.920129538694405,test-clean,mp3,32k,0.032258064516129,0,0,0,1,0,0,1,0,0,True,False,True,False,True,False,False
1852,672,122797,67,THE TRUNKS WERE MOVED THE TREE WAS PULLED OUT AND THROWN RATHER HARD IT IS TRUE DOWN ON THE FLOOR BUT A MAN DREW HIM TOWARDS THE STAIRS WHERE THE DAYLIGHT SHONE,THE TRUNKS WERE MOVED THE TREE WAS PULLED OUT AND THROWN RATHER HARD IT IS TRUE DOWN ON THE FLOOR BUT A MAN DREW HIM TOWARDS THE STAIRS WHERE THE DAYLIGHT SHONE,0.0,THE TRUNKS WERE MOVED THE TREE WAS PULL'D OUT AND THROWN RATHER HARD IT IS TRUE DOWN ON THE FLOOR BUT A MAN DREW HIM TOWARDS THE STAIRS WHERE THE DAYLIGHT SHONE,0.03125,15.740350877192984,test-clean,mp3,16k,0.03125,0,0,0,1,0,0,1,0,0,True,False,True,False,True,False,False
1852,672,122797,67,THE TRUNKS WERE MOVED THE TREE WAS PULLED OUT AND THROWN RATHER HARD IT IS TRUE DOWN ON THE FLOOR BUT A MAN DREW HIM TOWARDS THE STAIRS WHERE THE DAYLIGHT SHONE,THE TRUNKS WERE MOVED THE TREE WAS PULLED OUT AND THROWN RATHER HARD IT IS TRUE DOWN ON THE FLOOR BUT A MAN DREW HIM TOWARDS THE STAIRS WHERE THE DAYLIGHT SHONE,0.0,THE TRUNKS WERE MOVED THE TREE WAS PULL'D OUT AND THROWN RATHER HARD IT IS TRUE DOWN ON THE FLOOR BUT A MAN DREW HIM TOWARDS THE STAIRS WHERE THE DAYLIGHT SHONE,0.03125,20.78714499252616,test-clean,opus,12k,0.03125,0,0,0,1,0,0,1,0,0,True,False,True,False,True,False,False
1852,672,122797,67,THE TRUNKS WERE MOVED THE TREE WAS PULLED OUT AND THROWN RATHER HARD IT IS TRUE DOWN ON THE FLOOR BUT A MAN DREW HIM TOWARDS THE STAIRS WHERE THE DAYLIGHT SHONE,THE TRUNKS WERE MOVED THE TREE WAS PULLED OUT AND THROWN RATHER HARD IT IS TRUE DOWN ON THE FLOOR BUT A MAN DREW HIM TOWARDS THE STAIRS WHERE THE DAYLIGHT SHONE,0.0,THE TRUNKS WERE MOVED THE TREE WAS PULL'D OUT AND THROWN RATHER HARD IT IS TRUE DOWN ON THE FLOOR BUT A MAN DREW HIM TOWARDS THE STAIRS WHERE THE DAYLIGHT SHONE,0.03125,7.903722648479682,test-clean,mp3,32k,0.03125,0,0,0,1,0,0,1,0,0,True,False,True,False,True,False,False
1852,672,122797,67,THE TRUNKS WERE MOVED THE TREE WAS PULLED OUT AND THROWN RATHER HARD IT IS TRUE DOWN ON THE FLOOR BUT A MAN DREW HIM TOWARDS THE STAIRS WHERE THE DAYLIGHT SHONE,THE TRUNKS WERE MOVED THE TREE WAS PULLED OUT AND THROWN RATHER HARD IT IS TRUE DOWN ON THE FLOOR BUT A MAN DREW HIM TOWARDS THE STAIRS WHERE THE DAYLIGHT SHONE,0.0,THE TRUNKS WERE MOVED THE TREE WAS PULL'D OUT AND THROWN RATHER HARD IT IS TRUE DOWN ON THE FLOOR BUT A MAN DREW HIM TOWARDS THE STAIRS WHERE THE DAYLIGHT SHONE,0.03125,10.523344684071132,test-clean,mp3,24k,0.03125,0,0,0,1,0,0,1,0,0,True,False,True,False,True,False,False
68,1188,133604,4,SOME OF THE TOUCHES INDEED WHEN THE TINT HAS BEEN MIXED WITH MUCH WATER HAVE BEEN LAID IN LITTLE DROPS OR PONDS SO THAT THE PIGMENT MIGHT CRYSTALLIZE HARD AT THE EDGE,SOME OF THE TOUCHES INDEED WHEN THE TINT HAS BEEN MIXED WITH MUCH WATER HAVE BEEN LAID IN LITTLE DROPS OR PONDS SO THAT THE PIGMENT MIGHT CRYSTALLIZE HARD AT THE EDGE,0.0,SOME OF THE TOUCHES INDEED WHEN THE TINT HAS BEEN MIXED WITH MUCH WATER HAVE BEEN LAID IN LITTLE DROPS OR PONDS SO THAT THE PAGMENT MIGHT CRYSTALLIZE HARD AT THE EDGE,0.03125,15.722429777224296,test-clean,mp3,16k,0.03125,0,0,0,1,0,0,1,0,0,True,False,True,False,True,False,False
1385,4350,9170,3,THE CHAMPIONS OF THE SOCIAL CONCEPTION OF LIFE USUALLY TRY TO CONNECT THE IDEA OF AUTHORITY THAT IS OF VIOLENCE WITH THE IDEA OF MORAL INFLUENCE BUT THIS CONNECTION IS QUITE IMPOSSIBLE,THE CHAMPIONS OF THE SOCIAL CONCEPTION OF LIFE USUALLY TRY TO CONNECT THE IDEA OF AUTHORITY THAT IS OF VIOLENCE WITH THE IDEA OF MORAL INFLUENCE BUT THIS CONNECTION IS QUITE IMPOSSIBLE,0.0,THE SHAMPINS OF THE SOCIAL CONCEPTION OF LIFE USUALLY TRY TO CONNECT THE IDEA OF AUTHORITY THAT IS OF VIOLENCE WITH THE IDEA OF MORAL INFLUENCE BUT THIS CONNECTION IS QUITE IMPOSSIBLE,0.03125,15.679436231653684,test-other,mp3,16k,0.03125,0,0,0,1,0,0,1,0,0,True,False,True,False,True,False,False
1385,4350,9170,3,THE CHAMPIONS OF THE SOCIAL CONCEPTION OF LIFE USUALLY TRY TO CONNECT THE IDEA OF AUTHORITY THAT IS OF VIOLENCE WITH THE IDEA OF MORAL INFLUENCE BUT THIS CONNECTION IS QUITE IMPOSSIBLE,THE CHAMPIONS OF THE SOCIAL CONCEPTION OF LIFE USUALLY TRY TO CONNECT THE IDEA OF AUTHORITY THAT IS OF VIOLENCE WITH THE IDEA OF MORAL INFLUENCE BUT THIS CONNECTION IS QUITE IMPOSSIBLE,0.0,TUT CHAMPIONS OF THE SOCIAL CONCEPTION OF LIFE USUALLY TRY TO CONNECT THE IDEA OF AUTHORITY THAT IS OF VIOLENCE WITH THE IDEA OF MORAL INFLUENCE BUT THIS CONNECTION IS QUITE IMPOSSIBLE,0.03125,31.47728965003723,test-other,opus,8k,0.03125,0,0,0,1,0,0,1,0,0,True,False,True,False,True,False,False
1083,4077,13751,9,THE FIRST WELL ESTABLISHED SEAT OF THE CHURCH WAS IN THE PRETTY LITTLE TOWN OF KIRTLAND OHIO ALMOST WITHIN SIGHT OF LAKE ERIE AND HERE SOON ROSE THE FIRST TEMPLE OF MODERN TIMES,THE FIRST WELL ESTABLISHED SEAT OF THE CHURCH WAS IN THE PRETTY LITTLE TOWN OF KIRTLAND OHIO ALMOST WITHIN SIGHT OF LAKE ERIE AND HERE SOON ROSE THE FIRST TEMPLE OF MODERN TIMES,0.0,THE FIRST WELL ESTABLISHED SEAT OF THE CHURCH WAS IN THE PRETTY LITTLE TOWN OF CIRTLAND OHIO ALMOST WITHIN SIGHT OF LAKE ERIE AND HERE SOON ROSE THE FIRST TEMPLE OF MODERN TIMES,0.0303030303030303,10.525862768980918,test-clean,mp3,24k,0.0303030303030303,0,0,0,1,0,0,1,0,0,True,False,True,False,True,False,False
1083,4077,13751,9,THE FIRST WELL ESTABLISHED SEAT OF THE CHURCH WAS IN THE PRETTY LITTLE TOWN OF KIRTLAND OHIO ALMOST WITHIN SIGHT OF LAKE ERIE AND HERE SOON ROSE THE FIRST TEMPLE OF MODERN TIMES,THE FIRST WELL ESTABLISHED SEAT OF THE CHURCH WAS IN THE PRETTY LITTLE TOWN OF KIRTLAND OHIO ALMOST WITHIN SIGHT OF LAKE ERIE AND HERE SOON ROSE THE FIRST TEMPLE OF MODERN TIMES,0.0,THE FIRST WELL ESTABLISHED SEAT OF THE CHURCH WAS IN THE PRETTY LITTLE TOWN OF KIRTLAND OHIO ALMOST WITHIN SIGHT OF LAKE EYRIE AND HERE SOON ROSE THE FIRST TEMPLE OF MODERN TIMES,0.0303030303030303,15.74086217364906,test-clean,mp3,16k,0.0303030303030303,0,0,0,1,0,0,1,0,0,True,False,True,False,True,False,False
514,2094,142345,3,A LARGE OPEN FIREPLACE WITH RUSTY DOGS IN IT AND A BARE BOARDED FLOOR AT THE FAR END FLEECES OF WOOL STACKED UP IN THE MIDDLE OF THE FLOOR SOME EMPTY CORN BAGS,A LARGE OPEN FIREPLACE WITH RUSTY DOGS IN IT AND A BARE BOARDED FLOOR AT THE FAR END FLEECES OF WOOL STACKED UP IN THE MIDDLE OF THE FLOOR SOME EMPTY CORN BAGS,0.0,A LARGE OPEN FIREPLACE WITH RUSTY DOGS IN IT AND A BARE BOARDED FLOOR AT THE FAR END FLEECEIS OF WOOL STACKED UP IN THE MIDDLE OF THE FLOOR SOME EMPTY CORN BAGS,0.0303030303030303,21.57157947917145,test-clean,opus,12k,0.0303030303030303,0,0,0,1,0,0,1,0,0,True,False,True,False,True,False,False
1661,5683,32879,6,THERE WAS SOMETHING OF SWEETNESS AND FONDNESS IN HER TONES AND MANNER WHICH WAS NEW TO RACHEL AND COMFORTING AND SHE RETURNED THE GREETING AS KINDLY AND FELT MORE LIKE HER FORMER SELF,THERE WAS SOMETHING OF SWEETNESS AND FONDNESS IN HER TONES AND MANNER WHICH WAS NEW TO RACHEL AND COMFORTING AND SHE RETURNED THE GREETING AS KINDLY AND FELT MORE LIKE HER FORMER SELF,0.0,THERE WAS SOMETHING OF SWEETNESS AND FONDNESS IN HER TONES AND MANNER WHICH WAS NEW TO RACHAEL AND COMFORTING AND SHE RETURNED THE GREETING AS KINDLY AND FELT MORE LIKE HER FORMER SELF,0.0303030303030303,31.309292649098477,test-clean,opus,8k,0.0303030303030303,0,0,0,1,0,0,1,0,0,True,False,True,False,True,False,False
514,2094,142345,3,A LARGE OPEN FIREPLACE WITH RUSTY DOGS IN IT AND A BARE BOARDED FLOOR AT THE FAR END FLEECES OF WOOL STACKED UP IN THE MIDDLE OF THE FLOOR SOME EMPTY CORN BAGS,A LARGE OPEN FIREPLACE WITH RUSTY DOGS IN IT AND A BARE BOARDED FLOOR AT THE FAR END FLEECES OF WOOL STACKED UP IN THE MIDDLE OF THE FLOOR SOME EMPTY CORN BAGS,0.0,A LARGE OPEN FIREPLACE WITH RUSTY DOGS IN IT AND A BARE BOARDED FLOOR AT THE FAR END FLEECES OF WOOL TACKED UP IN THE MIDDLE OF THE FLOOR SOME EMPTY CORN BAGS,0.0303030303030303,32.55774296409261,test-clean,opus,8k,0.0303030303030303,0,0,0,1,0,0,1,0,0,True,False,True,False,True,False,False
1083,4077,13751,9,THE FIRST WELL ESTABLISHED SEAT OF THE CHURCH WAS IN THE PRETTY LITTLE TOWN OF KIRTLAND OHIO ALMOST WITHIN SIGHT OF LAKE ERIE AND HERE SOON ROSE THE FIRST TEMPLE OF MODERN TIMES,THE FIRST WELL ESTABLISHED SEAT OF THE CHURCH WAS IN THE PRETTY LITTLE TOWN OF KIRTLAND OHIO ALMOST WITHIN SIGHT OF LAKE ERIE AND HERE SOON ROSE THE FIRST TEMPLE OF MODERN TIMES,0.0,THE FIRST WELL ESTABLISHED SEAT OF THE CHURCH WAS IN THE PRETTY LITTLE TOWN OF KIRTLAND OHIO ALMOST WITHIN SIGHT OF LAKE EYRIE AND HERE SOON ROSE THE FIRST TEMPLE OF MODERN TIMES,0.0303030303030303,31.318192800193284,test-clean,opus,8k,0.0303030303030303,0,0,0,1,0,0,1,0,0,True,False,True,False,True,False,False
2523,7975,280084,5,AND I CALLED TO HIM TO GET INSIDE AT THE SAME TIME FIRING A PISTOL SHOT IN THE AIR AS A SIGNAL TO THE THREE BOYS AT THE BRIDGE THAT WE HAD BEEN DISCOVERED,AND I CALLED TO HIM TO GET INSIDE AT THE SAME TIME FIRING A PISTOL SHOT IN THE AIR AS A SIGNAL TO THE THREE BOYS AT THE BRIDGE THAT WE HAD BEEN DISCOVERED,0.0,AND I CALLED TO HIM TO GET INSIDE AT THE SAME TIME FIRING A PISTOL SHOT IN THE AIR AS TE SIGNAL TO THE THREE BOYS AT THE BRIDGE THAT WE HAD BEEN DISCOVERED,0.0294117647058823,1.9706372100659024,test-other,mp3,128k,0.0294117647058823,0,0,0,1,0,0,1,0,0,True,False,True,False,True,False,False
2523,7975,280084,5,AND I CALLED TO HIM TO GET INSIDE AT THE SAME TIME FIRING A PISTOL SHOT IN THE AIR AS A SIGNAL TO THE THREE BOYS AT THE BRIDGE THAT WE HAD BEEN DISCOVERED,AND I CALLED TO HIM TO GET INSIDE AT THE SAME TIME FIRING A PISTOL SHOT IN THE AIR AS A SIGNAL TO THE THREE BOYS AT THE BRIDGE THAT WE HAD BEEN DISCOVERED,0.0,AND I CALLED TO HIM TO GET INSIDE AT THE SAME TIME FIRING A PISTOL SHOT IN THE AIR AS THE SIGNAL TO THE THREE BOYS AT THE BRIDGE THAT WE HAD BEEN DISCOVERED,0.0294117647058823,10.462707010334952,test-other,mp3,24k,0.0294117647058823,0,0,0,1,0,0,1,0,0,True,False,True,False,True,False,False
1252,4507,16021,31,AND THEN WE INSIST UPON IT THE STUDY OF SOCIAL DEFORMITIES AND INFIRMITIES AND THE TASK OF POINTING THEM OUT WITH A VIEW TO REMEDY IS NOT A BUSINESS IN WHICH CHOICE IS PERMITTED,AND THEN WE INSIST UPON IT THE STUDY OF SOCIAL DEFORMITIES AND INFIRMITIES AND THE TASK OF POINTING THEM OUT WITH A VIEW TO REMEDY IS NOT A BUSINESS IN WHICH CHOICE IS PERMITTED,0.0,AND THEN WE INSIST UPON IT THE STUDY OF SOCIAL DEFORMITIES AND INFIRMITIES AND THE TASK OF POINTING THEM OUT WITH THEIR VIEW TO REMEDY IS NOT A BUSINESS IN WHICH CHOICE IS PERMITTED,0.0294117647058823,31.51001031991744,test-clean,opus,8k,0.0294117647058823,0,0,0,1,0,0,1,0,0,True,False,True,False,True,False,False
2523,7975,280084,5,AND I CALLED TO HIM TO GET INSIDE AT THE SAME TIME FIRING A PISTOL SHOT IN THE AIR AS A SIGNAL TO THE THREE BOYS AT THE BRIDGE THAT WE HAD BEEN DISCOVERED,AND I CALLED TO HIM TO GET INSIDE AT THE SAME TIME FIRING A PISTOL SHOT IN THE AIR AS A SIGNAL TO THE THREE BOYS AT THE BRIDGE THAT WE HAD BEEN DISCOVERED,0.0,AND I CALLED TO HIM TO GET INSIDE AT THE SAME TIME FIRING A PISTOL SHOT IN THE AIR AS THE SIGNAL TO THE THREE BOYS AT THE BRIDGE THAT WE HAD BEEN DISCOVERED,0.0294117647058823,15.489615337347916,test-other,opus,16k,0.0294117647058823,0,0,0,1,0,0,1,0,0,True,False,True,False,True,False,False
2523,7975,280084,5,AND I CALLED TO HIM TO GET INSIDE AT THE SAME TIME FIRING A PISTOL SHOT IN THE AIR AS A SIGNAL TO THE THREE BOYS AT THE BRIDGE THAT WE HAD BEEN DISCOVERED,AND I CALLED TO HIM TO GET INSIDE AT THE SAME TIME FIRING A PISTOL SHOT IN THE AIR AS A SIGNAL TO THE THREE BOYS AT THE BRIDGE THAT WE HAD BEEN DISCOVERED,0.0,AND I CALLED TO HIM TO GET INSIDE AT THE SAME TIME FIRING A PISTOL SHOT IN THE AIR AS E SIGNAL TO THE THREE BOYS AT THE BRIDGE THAT WE HAD BEEN DISCOVERED,0.0294117647058823,3.939888404370048,test-other,mp3,64k,0.0294117647058823,0,0,0,1,0,0,1,0,0,True,False,True,False,True,False,False
2523,7975,280084,5,AND I CALLED TO HIM TO GET INSIDE AT THE SAME TIME FIRING A PISTOL SHOT IN THE AIR AS A SIGNAL TO THE THREE BOYS AT THE BRIDGE THAT WE HAD BEEN DISCOVERED,AND I CALLED TO HIM TO GET INSIDE AT THE SAME TIME FIRING A PISTOL SHOT IN THE AIR AS A SIGNAL TO THE THREE BOYS AT THE BRIDGE THAT WE HAD BEEN DISCOVERED,0.0,AND I CALLED TO HIM TO GET INSIDE AT THE SAME TIME FIRING A PISTOL SHOT IN THE AIR AS THE SIGNAL TO THE THREE BOYS AT THE BRIDGE THAT WE HAD BEEN DISCOVERED,0.0294117647058823,30.077317742512825,test-other,opus,8k,0.0294117647058823,0,0,0,1,0,0,1,0,0,True,False,True,False,True,False,False
2523,7975,280084,5,AND I CALLED TO HIM TO GET INSIDE AT THE SAME TIME FIRING A PISTOL SHOT IN THE AIR AS A SIGNAL TO THE THREE BOYS AT THE BRIDGE THAT WE HAD BEEN DISCOVERED,AND I CALLED TO HIM TO GET INSIDE AT THE SAME TIME FIRING A PISTOL SHOT IN THE AIR AS A SIGNAL TO THE THREE BOYS AT THE BRIDGE THAT WE HAD BEEN DISCOVERED,0.0,AND I CALLED TO HIM TO GET INSIDE AT THE SAME TIME FIRING A PISTOL SHOT IN THE AIR AS THE SIGNAL TO THE THREE BOYS AT THE BRIDGE THAT WE HAD BEEN DISCOVERED,0.0294117647058823,20.201795159480685,test-other,opus,12k,0.0294117647058823,0,0,0,1,0,0,1,0,0,True,False,True,False,True,False,False
560,3080,5032,12,BUT IT SEEMS THIS GENTLEMAN IS NOT SO EASY ACCESS BUT YOU MAY ACKNOWLEDGE SOMETHING DUE TO ME IF I INCLINE HIM TO LOOK GRACIOUSLY UPON YOU AND THEREFORE THERE IS NOT MUCH HARM DONE,BUT IT SEEMS THIS GENTLEMAN IS NOT SO EASY ACCESS BUT YOU MAY ACKNOWLEDGE SOMETHING DUE TO ME IF I INCLINE HIM TO LOOK GRACIOUSLY UPON YOU AND THEREFORE THERE IS NOT MUCH HARM DONE,0.0,BUT IT SEEMS THIS GENTLEMAN IS NOT SO EASY ACCESS BUT YOU MAY ACKNOWLEDGE SOMETHING DUE TO ME IF I INCLINE HIM TO LOOK GRACIOUSLY UPON YOU AND THEREFORE THERE WAS NOT MUCH HARM DONE,0.0285714285714285,32.700621308583266,test-other,opus,8k,0.0285714285714285,0,0,0,1,0,0,1,0,0,True,False,True,False,True,False,False
560,3080,5032,12,BUT IT SEEMS THIS GENTLEMAN IS NOT SO EASY ACCESS BUT YOU MAY ACKNOWLEDGE SOMETHING DUE TO ME IF I INCLINE HIM TO LOOK GRACIOUSLY UPON YOU AND THEREFORE THERE IS NOT MUCH HARM DONE,BUT IT SEEMS THIS GENTLEMAN IS NOT SO EASY ACCESS BUT YOU MAY ACKNOWLEDGE SOMETHING DUE TO ME IF I INCLINE HIM TO LOOK GRACIOUSLY UPON YOU AND THEREFORE THERE IS NOT MUCH HARM DONE,0.0,BUT IT SEEMS THIS GENTLEMAN IS NOT SO EASY ACCESS BUT YOU MAY ACKNOWLEDGE SOMETHING DUE TO ME IF I INCLINE HIM TO LOOK GRACIOUSLY UPON YOU AND THEREFORE THERE WAS NOT MUCH HARM DONE,0.0285714285714285,15.784294124180828,test-other,mp3,16k,0.0285714285714285,0,0,0,1,0,0,1,0,0,True,False,True,False,True,False,False
1602,5639,40744,38,JUST AT THE MOMENT WHEN THE TEARS OF THE PITYING BEHOLDERS FLOWED FASTEST AND THEIR EJACULATIONS WERE MOST EXPRESSIVE OF DESPAIR LEOCADIA GAVE SIGNS OF RECOVERY AND BROUGHT BACK GLADNESS TO THE HEARTS OF ALL,JUST AT THE MOMENT WHEN THE TEARS OF THE PITYING BEHOLDERS FLOWED FASTEST AND THEIR EJACULATIONS WERE MOST EXPRESSIVE OF DESPAIR LEOCADIA GAVE SIGNS OF RECOVERY AND BROUGHT BACK GLADNESS TO THE HEARTS OF ALL,0.0,JUST AT TE MOMENT WHEN THE TEARS OF THE PITYING BEHOLDERS FLOWED FASTEST AND THEIR EJACULATIONS WERE MOST EXPRESSIVE OF DESPAIR LEOCADIA GAVE SIGNS OF RECOVERY AND BROUGHT BACK GLADNESS TO THE HEARTS OF ALL,0.0285714285714285,20.989307608230767,test-clean,opus,12k,0.0285714285714285,0,0,0,1,0,0,1,0,0,True,False,True,False,True,False,False
1103,4077,13754,7,WE BELIEVE IN A LITERAL RESURRECTION AND AN ACTUAL HEREAFTER IN WHICH FUTURE STATE SHALL BE RECOGNIZED EVERY SANCTIFIED AND AUTHORIZED RELATIONSHIP EXISTING HERE ON EARTH OF PARENT AND CHILD BROTHER AND SISTER HUSBAND AND WIFE,WE BELIEVE IN A LITERAL RESURRECTION AND AN ACTUAL HEREAFTER IN WHICH FUTURE STATE SHALL BE RECOGNIZED EVERY SANCTIFIED AND AUTHORIZED RELATIONSHIP EXISTING HERE ON EARTH OF PARENT AND CHILD BROTHER AND SISTER HUSBAND AND WIFE,0.0,WE BELIEVE IN A LITERAL RESURRECTION AND AN ACTUAL HEREAFTER IN WHICH FUTURE STATES SHALL BE RECOGNIZED EVERY SANCTIFIED AND AUTHORIZED RELATIONSHIP EXISTING HERE ON EARTH OF PARENT AND CHILD BROTHER AND SISTER HUSBAND AND WIFE,0.0277777777777777,3.9633032409256734,test-clean,mp3,64k,0.0277777777777777,0,0,0,1,0,0,1,0,0,True,False,True,False,True,False,False
522,2094,142345,11,DO NOT SUPPOSE HOWEVER THAT MISSUS POYSER WAS ELDERLY OR SHREWISH IN HER APPEARANCE SHE WAS A GOOD LOOKING WOMAN NOT MORE THAN EIGHT AND THIRTY OF FAIR COMPLEXION AND SANDY HAIR WELL SHAPEN LIGHT FOOTED,DO NOT SUPPOSE HOWEVER THAT MISSUS POYSER WAS ELDERLY OR SHREWISH IN HER APPEARANCE SHE WAS A GOOD LOOKING WOMAN NOT MORE THAN EIGHT AND THIRTY OF FAIR COMPLEXION AND SANDY HAIR WELL SHAPEN LIGHT FOOTED,0.0,DO NOT SUPPOSE HOWEVER THAT MISSUS POYSER WAS ELDERLY OR SHREWISH IN HER APPEARANCE SHE WAS A GOOD LOOKING WOMAN NOT MORE THAN EIGHT AND THIRTY A FAIR COMPLEXION AND SANDY HAIR WELL SHAPEN LIGHT FOOTED,0.0277777777777777,21.250275633958104,test-clean,opus,12k,0.0277777777777777,0,0,0,1,0,0,1,0,0,True,False,True,False,True,False,False
1103,4077,13754,7,WE BELIEVE IN A LITERAL RESURRECTION AND AN ACTUAL HEREAFTER IN WHICH FUTURE STATE SHALL BE RECOGNIZED EVERY SANCTIFIED AND AUTHORIZED RELATIONSHIP EXISTING HERE ON EARTH OF PARENT AND CHILD BROTHER AND SISTER HUSBAND AND WIFE,WE BELIEVE IN A LITERAL RESURRECTION AND AN ACTUAL HEREAFTER IN WHICH FUTURE STATE SHALL BE RECOGNIZED EVERY SANCTIFIED AND AUTHORIZED RELATIONSHIP EXISTING HERE ON EARTH OF PARENT AND CHILD BROTHER AND SISTER HUSBAND AND WIFE,0.0,WE BELIEVE IN A LITERAL RESURRECTION AND AN ACTUAL HEREAFTER IN WHICH FUTURE STATES SHALL BE RECOGNIZED EVERY SANCTIFIED AND AUTHORIZED RELATIONSHIP EXISTING HERE ON EARTH OF PARENT AND CHILD BROTHER AND SISTER HUSBAND AND WIFE,0.0277777777777777,10.54381863266029,test-clean,mp3,24k,0.0277777777777777,0,0,0,1,0,0,1,0,0,True,False,True,False,True,False,False
217,2033,164914,6,WHAT AILS THEE THEN THAT THOU MUST NEEDS RECITE VERSES SEEING THAT WE ARE TIRED OUT WITH WALKING AND WATCHING AND ALL THE FOLK ARE ASLEEP FOR THEY REQUIRE SLEEP TO REST THEM OF THEIR FATIGUE,WHAT AILS THEE THEN THAT THOU MUST NEEDS RECITE VERSES SEEING THAT WE ARE TIRED OUT WITH WALKING AND WATCHING AND ALL THE FOLK ARE ASLEEP FOR THEY REQUIRE SLEEP TO REST THEM OF THEIR FATIGUE,0.0,WHAT AILS THEE THEN THAT THOU MUST NEEDS RESLITE VERSES SEEING THAT WE ARE TIRED OUT WITH WALKING AND WATCHING AND ALL THE FOLK ARE ASLEEP FOR THEY REQUIRE SLEEP TO REST THEM OF THEIR FATIGUE,0.0277777777777777,10.575451698854463,test-other,mp3,24k,0.0277777777777777,0,0,0,1,0,0,1,0,0,True,False,True,False,True,False,False
522,2094,142345,11,DO NOT SUPPOSE HOWEVER THAT MISSUS POYSER WAS ELDERLY OR SHREWISH IN HER APPEARANCE SHE WAS A GOOD LOOKING WOMAN NOT MORE THAN EIGHT AND THIRTY OF FAIR COMPLEXION AND SANDY HAIR WELL SHAPEN LIGHT FOOTED,DO NOT SUPPOSE HOWEVER THAT MISSUS POYSER WAS ELDERLY OR SHREWISH IN HER APPEARANCE SHE WAS A GOOD LOOKING WOMAN NOT MORE THAN EIGHT AND THIRTY OF FAIR COMPLEXION AND SANDY HAIR WELL SHAPEN LIGHT FOOTED,0.0,DO NOT SUPPOSE HOWEVER THAT MISSUS POYSER WAS ELDERLY OR SHREWISH IN HER APPEARANCE SHE WAS A GOOD LOOKING WOMAN NOT MORE THAN EIGHT AND THIRTY O FAIR COMPLEXION AND SANDY HAIR WELL SHAPEN LIGHT FOOTED,0.0277777777777777,3.9699279093717816,test-clean,mp3,64k,0.0277777777777777,0,0,0,1,0,0,1,0,0,True,False,True,False,True,False,False
217,2033,164914,6,WHAT AILS THEE THEN THAT THOU MUST NEEDS RECITE VERSES SEEING THAT WE ARE TIRED OUT WITH WALKING AND WATCHING AND ALL THE FOLK ARE ASLEEP FOR THEY REQUIRE SLEEP TO REST THEM OF THEIR FATIGUE,WHAT AILS THEE THEN THAT THOU MUST NEEDS RECITE VERSES SEEING THAT WE ARE TIRED OUT WITH WALKING AND WATCHING AND ALL THE FOLK ARE ASLEEP FOR THEY REQUIRE SLEEP TO REST THEM OF THEIR FATIGUE,0.0,WHAT AILS THEE THEN THAT THOU MUST NEEDS ECIDE VERSES SEEING THAT WE ARE TIRED OUT WITH WALKING AND WATCHING AND ALL THE FOLK ARE ASLEEP FOR THEY REQUIRE SLEEP TO REST THEM OF THEIR FATIGUE,0.0277777777777777,33.49913750616067,test-other,opus,8k,0.0277777777777777,0,0,0,1,0,0,1,0,0,True,False,True,False,True,False,False
1103,4077,13754,7,WE BELIEVE IN A LITERAL RESURRECTION AND AN ACTUAL HEREAFTER IN WHICH FUTURE STATE SHALL BE RECOGNIZED EVERY SANCTIFIED AND AUTHORIZED RELATIONSHIP EXISTING HERE ON EARTH OF PARENT AND CHILD BROTHER AND SISTER HUSBAND AND WIFE,WE BELIEVE IN A LITERAL RESURRECTION AND AN ACTUAL HEREAFTER IN WHICH FUTURE STATE SHALL BE RECOGNIZED EVERY SANCTIFIED AND AUTHORIZED RELATIONSHIP EXISTING HERE ON EARTH OF PARENT AND CHILD BROTHER AND SISTER HUSBAND AND WIFE,0.0,WE BELIEVE IN A LITERAL RESURRECTION AND AN ACTUAL HEREAFTER IN WHICH FUTURE STATES SHALL BE RECOGNIZED EVERY SANCTIFIED AND AUTHORIZED RELATIONSHIP EXISTING HERE ON EARTH OF PARENT AND CHILD BROTHER AND SISTER HUSBAND AND WIFE,0.0277777777777777,7.918382548550146,test-clean,mp3,32k,0.0277777777777777,0,0,0,1,0,0,1,0,0,True,False,True,False,True,False,False
181,1221,135766,10,IT WAS A LOOK SO INTELLIGENT YET INEXPLICABLE PERVERSE SOMETIMES SO MALICIOUS BUT GENERALLY ACCOMPANIED BY A WILD FLOW OF SPIRITS THAT HESTER COULD NOT HELP QUESTIONING AT SUCH MOMENTS WHETHER PEARL WAS A HUMAN CHILD,IT WAS A LOOK SO INTELLIGENT YET INEXPLICABLE PERVERSE SOMETIMES SO MALICIOUS BUT GENERALLY ACCOMPANIED BY A WILD FLOW OF SPIRITS THAT HESTER COULD NOT HELP QUESTIONING AT SUCH MOMENTS WHETHER PEARL WAS A HUMAN CHILD,0.0,IT WAS A LOOK SO INTELLIGENT YET INEXPLICABLE PERVERSE SOMETIMES SO MALICIOUS BUT GENERALLY ACCOMPANIED BY A WILD FLOW OF SPIRITS BHAT HESTER COULD NOT HELP QUESTIONING AT SUCH MOMENTS WHETHER PEARL WAS A HUMAN CHILD,0.0277777777777777,32.37518483667159,test-clean,opus,8k,0.0277777777777777,0,0,0,1,0,0,1,0,0,True,False,True,False,True,False,False
522,2094,142345,11,DO NOT SUPPOSE HOWEVER THAT MISSUS POYSER WAS ELDERLY OR SHREWISH IN HER APPEARANCE SHE WAS A GOOD LOOKING WOMAN NOT MORE THAN EIGHT AND THIRTY OF FAIR COMPLEXION AND SANDY HAIR WELL SHAPEN LIGHT FOOTED,DO NOT SUPPOSE HOWEVER THAT MISSUS POYSER WAS ELDERLY OR SHREWISH IN HER APPEARANCE SHE WAS A GOOD LOOKING WOMAN NOT MORE THAN EIGHT AND THIRTY OF FAIR COMPLEXION AND SANDY HAIR WELL SHAPEN LIGHT FOOTED,0.0,DO NOT SUPPOSE HOWEVER THAT MISSUS POYSER WAS ELDERLY OR SHREWISH IN HER APPEARANCE SHE WAS A GOOD LOOKING WOMAN NOT MORE THAN EIGHT AND THIRTY A FAIR COMPLEXION AND SANDY HAIR WELL SHAPEN LIGHT FOOTED,0.0277777777777777,32.13126697950111,test-clean,opus,8k,0.0277777777777777,0,0,0,1,0,0,1,0,0,True,False,True,False,True,False,False
522,2094,142345,11,DO NOT SUPPOSE HOWEVER THAT MISSUS POYSER WAS ELDERLY OR SHREWISH IN HER APPEARANCE SHE WAS A GOOD LOOKING WOMAN NOT MORE THAN EIGHT AND THIRTY OF FAIR COMPLEXION AND SANDY HAIR WELL SHAPEN LIGHT FOOTED,DO NOT SUPPOSE HOWEVER THAT MISSUS POYSER WAS ELDERLY OR SHREWISH IN HER APPEARANCE SHE WAS A GOOD LOOKING WOMAN NOT MORE THAN EIGHT AND THIRTY OF FAIR COMPLEXION AND SANDY HAIR WELL SHAPEN LIGHT FOOTED,0.0,DO NOT SUPPOSE HOWEVER THAT MISSUS POYSER WAS ELDERLY OR SHREWISH IN HER APPEARANCE SHE WAS A GOOD LOOKING WOMAN NOT MORE THAN EIGHT AND THIRTY O FAIR COMPLEXION AND SANDY HAIR WELL SHAPEN LIGHT FOOTED,0.0277777777777777,16.10192147034252,test-clean,opus,16k,0.0277777777777777,0,0,0,1,0,0,1,0,0,True,False,True,False,True,False,False
1103,4077,13754,7,WE BELIEVE IN A LITERAL RESURRECTION AND AN ACTUAL HEREAFTER IN WHICH FUTURE STATE SHALL BE RECOGNIZED EVERY SANCTIFIED AND AUTHORIZED RELATIONSHIP EXISTING HERE ON EARTH OF PARENT AND CHILD BROTHER AND SISTER HUSBAND AND WIFE,WE BELIEVE IN A LITERAL RESURRECTION AND AN ACTUAL HEREAFTER IN WHICH FUTURE STATE SHALL BE RECOGNIZED EVERY SANCTIFIED AND AUTHORIZED RELATIONSHIP EXISTING HERE ON EARTH OF PARENT AND CHILD BROTHER AND SISTER HUSBAND AND WIFE,0.0,WE BELIEVE IN A LITERAL RESURRECTION AND AN ACTUAL HEREAFTER IN WHICH FUTURE STATES SHALL BE RECOGNIZED EVERY SANCTIFIED AND AUTHORIZED RELATIONSHIP EXISTING HERE ON EARTH OF PARENT AND CHILD BROTHER AND SISTER HUSBAND AND WIFE,0.0277777777777777,20.917217146872805,test-clean,opus,12k,0.0277777777777777,0,0,0,1,0,0,1,0,0,True,False,True,False,True,False,False
217,2033,164914,6,WHAT AILS THEE THEN THAT THOU MUST NEEDS RECITE VERSES SEEING THAT WE ARE TIRED OUT WITH WALKING AND WATCHING AND ALL THE FOLK ARE ASLEEP FOR THEY REQUIRE SLEEP TO REST THEM OF THEIR FATIGUE,WHAT AILS THEE THEN THAT THOU MUST NEEDS RECITE VERSES SEEING THAT WE ARE TIRED OUT WITH WALKING AND WATCHING AND ALL THE FOLK ARE ASLEEP FOR THEY REQUIRE SLEEP TO REST THEM OF THEIR FATIGUE,0.0,WHAT AILS THEED THEN THAT THOU MUST NEEDS RECITE VERSES SEEING THAT WE ARE TIRED OUT WITH WALKING AND WATCHING AND ALL THE FOLK ARE ASLEEP FOR THEY REQUIRE SLEEP TO REST THEM OF THEIR FATIGUE,0.0277777777777777,17.609313773114415,test-other,opus,16k,0.0277777777777777,0,0,0,1,0,0,1,0,0,True,False,True,False,True,False,False
1604,5639,40744,40,THIS WAS DONE FOR THE EVENT TOOK PLACE AT A TIME WHEN THE CONSENT OF THE PARTIES WAS SUFFICIENT FOR THE CELEBRATION OF A MARRIAGE WITHOUT ANY OF THE PRELIMINARY FORMALITIES WHICH ARE NOW SO PROPERLY REQUIRED,THIS WAS DONE FOR THE EVENT TOOK PLACE AT A TIME WHEN THE CONSENT OF THE PARTIES WAS SUFFICIENT FOR THE CELEBRATION OF A MARRIAGE WITHOUT ANY OF THE PRELIMINARY FORMALITIES WHICH ARE NOW SO PROPERLY REQUIRED,0.0,THIS WAS DONE FOR THE EVENT TOOK PLACE AT A TIME WHEN THE CONSENT OF THE PARTIES WAS SUFFICIENT FOR THE CELEBRATION OF THA MARRIAGE WITHOUT ANY OF THE PRELIMINARY FORMALITIES WHICH ARE NOW SO PROPERLY REQUIRED,0.027027027027027,3.959123134881789,test-clean,mp3,64k,0.027027027027027,0,0,0,1,0,0,1,0,0,True,False,True,False,True,False,False
1604,5639,40744,40,THIS WAS DONE FOR THE EVENT TOOK PLACE AT A TIME WHEN THE CONSENT OF THE PARTIES WAS SUFFICIENT FOR THE CELEBRATION OF A MARRIAGE WITHOUT ANY OF THE PRELIMINARY FORMALITIES WHICH ARE NOW SO PROPERLY REQUIRED,THIS WAS DONE FOR THE EVENT TOOK PLACE AT A TIME WHEN THE CONSENT OF THE PARTIES WAS SUFFICIENT FOR THE CELEBRATION OF A MARRIAGE WITHOUT ANY OF THE PRELIMINARY FORMALITIES WHICH ARE NOW SO PROPERLY REQUIRED,0.0,THIS WAS DONE FOR THE EVENT TOOK PLACE AT A TIME WHEN THE CONSENT OF THE PARTIES WAS SUFFICIENT FOR THE CELEBRATION OF THE MARRIAGE WITHOUT ANY OF THE PRELIMINARY FORMALITIES WHICH ARE NOW SO PROPERLY REQUIRED,0.027027027027027,31.57214950323293,test-clean,opus,8k,0.027027027027027,0,0,0,1,0,0,1,0,0,True,False,True,False,True,False,False
1604,5639,40744,40,THIS WAS DONE FOR THE EVENT TOOK PLACE AT A TIME WHEN THE CONSENT OF THE PARTIES WAS SUFFICIENT FOR THE CELEBRATION OF A MARRIAGE WITHOUT ANY OF THE PRELIMINARY FORMALITIES WHICH ARE NOW SO PROPERLY REQUIRED,THIS WAS DONE FOR THE EVENT TOOK PLACE AT A TIME WHEN THE CONSENT OF THE PARTIES WAS SUFFICIENT FOR THE CELEBRATION OF A MARRIAGE WITHOUT ANY OF THE PRELIMINARY FORMALITIES WHICH ARE NOW SO PROPERLY REQUIRED,0.0,THIS WAS DONE FOR THE EVENT TOOK PLACE AT A TIME WHEN THE CONSENT OF THE PARTIES WAS SUFFICIENT FOR THE CELEBRATION OF THE MARRIAGE WITHOUT ANY OF THE PRELIMINARY FORMALITIES WHICH ARE NOW SO PROPERLY REQUIRED,0.027027027027027,10.529861932938855,test-clean,mp3,24k,0.027027027027027,0,0,0,1,0,0,1,0,0,True,False,True,False,True,False,False
1604,5639,40744,40,THIS WAS DONE FOR THE EVENT TOOK PLACE AT A TIME WHEN THE CONSENT OF THE PARTIES WAS SUFFICIENT FOR THE CELEBRATION OF A MARRIAGE WITHOUT ANY OF THE PRELIMINARY FORMALITIES WHICH ARE NOW SO PROPERLY REQUIRED,THIS WAS DONE FOR THE EVENT TOOK PLACE AT A TIME WHEN THE CONSENT OF THE PARTIES WAS SUFFICIENT FOR THE CELEBRATION OF A MARRIAGE WITHOUT ANY OF THE PRELIMINARY FORMALITIES WHICH ARE NOW SO PROPERLY REQUIRED,0.0,THIS WAS DONE FOR THE EVENT TOOK PLACE AT A TIME WHEN THE CONSENT OF THE PARTIES WAS SUFFICIENT FOR THE CELEBRATION OF HA MARRIAGE WITHOUT ANY OF THE PRELIMINARY FORMALITIES WHICH ARE NOW SO PROPERLY REQUIRED,0.027027027027027,15.748200589970502,test-clean,mp3,16k,0.027027027027027,0,0,0,1,0,0,1,0,0,True,False,True,False,True,False,False
1604,5639,40744,40,THIS WAS DONE FOR THE EVENT TOOK PLACE AT A TIME WHEN THE CONSENT OF THE PARTIES WAS SUFFICIENT FOR THE CELEBRATION OF A MARRIAGE WITHOUT ANY OF THE PRELIMINARY FORMALITIES WHICH ARE NOW SO PROPERLY REQUIRED,THIS WAS DONE FOR THE EVENT TOOK PLACE AT A TIME WHEN THE CONSENT OF THE PARTIES WAS SUFFICIENT FOR THE CELEBRATION OF A MARRIAGE WITHOUT ANY OF THE PRELIMINARY FORMALITIES WHICH ARE NOW SO PROPERLY REQUIRED,0.0,THIS WAS DONE FOR THE EVENT TOOK PLACE AT A TIME WHEN THE CONSENT OF THE PARTIES WAS SUFFICIENT FOR THE CELEBRATION OF HA MARRIAGE WITHOUT ANY OF THE PRELIMINARY FORMALITIES WHICH ARE NOW SO PROPERLY REQUIRED,0.027027027027027,20.72024425584765,test-clean,opus,12k,0.027027027027027,0,0,0,1,0,0,1,0,0,True,False,True,False,True,False,False
1604,5639,40744,40,THIS WAS DONE FOR THE EVENT TOOK PLACE AT A TIME WHEN THE CONSENT OF THE PARTIES WAS SUFFICIENT FOR THE CELEBRATION OF A MARRIAGE WITHOUT ANY OF THE PRELIMINARY FORMALITIES WHICH ARE NOW SO PROPERLY REQUIRED,THIS WAS DONE FOR THE EVENT TOOK PLACE AT A TIME WHEN THE CONSENT OF THE PARTIES WAS SUFFICIENT FOR THE CELEBRATION OF A MARRIAGE WITHOUT ANY OF THE PRELIMINARY FORMALITIES WHICH ARE NOW SO PROPERLY REQUIRED,0.0,THIS WAS DONE FOR THE EVENT TOOK PLACE AT A TIME WHEN THE CONSENT OF THE PARTIES WAS SUFFICIENT FOR THE CELEBRATION OF THE MARRIAGE WITHOUT ANY OF THE PRELIMINARY FORMALITIES WHICH ARE NOW SO PROPERLY REQUIRED,0.027027027027027,7.909096296296297,test-clean,mp3,32k,0.027027027027027,0,0,0,1,0,0,1,0,0,True,False,True,False,True,False,False
1951,6070,86745,0,THEN SHOULD ANYTHING APPEAR TO MERIT A MORE MINUTE EXAMINATION ALBERT DE MORCERF COULD FOLLOW UP HIS RESEARCHES BY MEANS OF A SMALL GATE SIMILAR TO THAT CLOSE TO THE CONCIERGE'S DOOR AND WHICH MERITS A PARTICULAR DESCRIPTION,THEN SHOULD ANYTHING APPEAR TO MERIT A MORE MINUTE EXAMINATION ALBERT DE MORCERF COULD FOLLOW UP HIS RESEARCHES BY MEANS OF A SMALL GATE SIMILAR TO THAT CLOSE TO THE CONCIERGE'S DOOR AND WHICH MERITS A PARTICULAR DESCRIPTION,0.0,THEN SHOULD ANYTHING APPEAR TO MERIT A MORE MINUTE EXAMINATION ALBERT DE MORCERF COULD FOLLOW UP HIS RESEARCHES BY MEANS OF A SMALL GATE SIMILAR TO THAT CLOUSE TO THE CONCIERGE'S DOOR AND WHICH MERITS A PARTICULAR DESCRIPTION,0.0263157894736842,3.9700509534299,test-other,mp3,64k,0.0263157894736842,0,0,0,1,0,0,1,0,0,True,False,True,False,True,False,False
1978,6128,63240,7,THESE THINGS THE EYES ESPECIALLY WITH THEIR SMOULDERING FIRE MIGHT HAVE INDICATED THAT HE WAS TO BE A GREAT AMERICAN STATESMAN OR ON THE OTHER HAND THEY MIGHT SIMPLY HAVE PROVED THAT HE CAME FROM CAROLINA OR ALABAMA,THESE THINGS THE EYES ESPECIALLY WITH THEIR SMOULDERING FIRE MIGHT HAVE INDICATED THAT HE WAS TO BE A GREAT AMERICAN STATESMAN OR ON THE OTHER HAND THEY MIGHT SIMPLY HAVE PROVED THAT HE CAME FROM CAROLINA OR ALABAMA,0.0,THESE THINGS THE ARMIES ESPECIALLY WITH THEIR SMOULDERING FIRE MIGHT HAVE INDICATED THAT HE WAS TO BE A GREAT AMERICAN STATESMAN OR ON THE OTHER HAND THEY MIGHT SIMPLY HAVE PROVED THAT HE CAME FROM CAROLINA OR ALABAMA,0.0263157894736842,10.549464564505136,test-other,mp3,24k,0.0263157894736842,0,0,0,1,0,0,1,0,0,True,False,True,False,True,False,False
1951,6070,86745,0,THEN SHOULD ANYTHING APPEAR TO MERIT A MORE MINUTE EXAMINATION ALBERT DE MORCERF COULD FOLLOW UP HIS RESEARCHES BY MEANS OF A SMALL GATE SIMILAR TO THAT CLOSE TO THE CONCIERGE'S DOOR AND WHICH MERITS A PARTICULAR DESCRIPTION,THEN SHOULD ANYTHING APPEAR TO MERIT A MORE MINUTE EXAMINATION ALBERT DE MORCERF COULD FOLLOW UP HIS RESEARCHES BY MEANS OF A SMALL GATE SIMILAR TO THAT CLOSE TO THE CONCIERGE'S DOOR AND WHICH MERITS A PARTICULAR DESCRIPTION,0.0,THEN SHOULD ANYTHING APPEAR TO MERIT A MORE MINUTE EXAMINATION ALBERT DE MORCERF COULD FOLLOW UP HIS RESEARCHES BY MEANS OF A SMALL GATE SIMILAR TO THAT CLOSE TO THE CONCIERGE'S DOR AND WHICH MERITS A PARTICULAR DESCRIPTION,0.0263157894736842,8.09249376370096,test-other,opus,32k,0.0263157894736842,0,0,0,1,0,0,1,0,0,True,False,True,False,True,False,False
1978,6128,63240,7,THESE THINGS THE EYES ESPECIALLY WITH THEIR SMOULDERING FIRE MIGHT HAVE INDICATED THAT HE WAS TO BE A GREAT AMERICAN STATESMAN OR ON THE OTHER HAND THEY MIGHT SIMPLY HAVE PROVED THAT HE CAME FROM CAROLINA OR ALABAMA,THESE THINGS THE EYES ESPECIALLY WITH THEIR SMOULDERING FIRE MIGHT HAVE INDICATED THAT HE WAS TO BE A GREAT AMERICAN STATESMAN OR ON THE OTHER HAND THEY MIGHT SIMPLY HAVE PROVED THAT HE CAME FROM CAROLINA OR ALABAMA,0.0,THESE THINGS THE EYES ESPECIALLY WITH THEIR SMOULDERING FIRE MIGHT HAVE INDICATED THAT HE WAS TO BE A GREAT AMERICAN STATESMAN OR ON THE OTHER HAND THEY MIGHT SIMPLY HAVE PROVED THAT HE CAME FROM CAROLINA OR ALADAMA,0.0263157894736842,8.097454766405617,test-other,opus,32k,0.0263157894736842,0,0,0,1,0,0,1,0,0,True,False,True,False,True,False,False
1951,6070,86745,0,THEN SHOULD ANYTHING APPEAR TO MERIT A MORE MINUTE EXAMINATION ALBERT DE MORCERF COULD FOLLOW UP HIS RESEARCHES BY MEANS OF A SMALL GATE SIMILAR TO THAT CLOSE TO THE CONCIERGE'S DOOR AND WHICH MERITS A PARTICULAR DESCRIPTION,THEN SHOULD ANYTHING APPEAR TO MERIT A MORE MINUTE EXAMINATION ALBERT DE MORCERF COULD FOLLOW UP HIS RESEARCHES BY MEANS OF A SMALL GATE SIMILAR TO THAT CLOSE TO THE CONCIERGE'S DOOR AND WHICH MERITS A PARTICULAR DESCRIPTION,0.0,THEN SHOULD ANYTHING APPEAR TO MERIT A MORE MINUTE EXAMINATION ALBERT DE MORCERF COULD FOLLOW UP HIS RESEARCHES BY MEANS OF A SMALL GATE SIMILAR TO THAT CLOSE TO THE CONCIERGE'S DOR AND WHICH MERITS A PARTICULAR DESCRIPTION,0.0263157894736842,3.494209804817547,test-other,opus,64k,0.0263157894736842,0,0,0,1,0,0,1,0,0,True,False,True,False,True,False,False
1951,6070,86745,0,THEN SHOULD ANYTHING APPEAR TO MERIT A MORE MINUTE EXAMINATION ALBERT DE MORCERF COULD FOLLOW UP HIS RESEARCHES BY MEANS OF A SMALL GATE SIMILAR TO THAT CLOSE TO THE CONCIERGE'S DOOR AND WHICH MERITS A PARTICULAR DESCRIPTION,THEN SHOULD ANYTHING APPEAR TO MERIT A MORE MINUTE EXAMINATION ALBERT DE MORCERF COULD FOLLOW UP HIS RESEARCHES BY MEANS OF A SMALL GATE SIMILAR TO THAT CLOSE TO THE CONCIERGE'S DOOR AND WHICH MERITS A PARTICULAR DESCRIPTION,0.0,THEN SHOULD ANYTHING APPEAR TO MERIT A MORE MINUTE EXAMINATION ALBERT DE MORCERF COULD FOLLOW UP HIS RESEARCHES BY MEANS OF A SMALL GATE SIMILAR TO THAT CLOSE TO THE CONCIERGE'S DOR AND WHICH MERITS A PARTICULAR DESCRIPTION,0.0263157894736842,15.599405490470362,test-other,opus,16k,0.0263157894736842,0,0,0,1,0,0,1,0,0,True,False,True,False,True,False,False
436,1580,141084,48,IT WILL BE CLEAR TO YOU FROM WHAT I HAVE SAID THAT ONLY YOU COULD HAVE LET THIS YOUNG MAN OUT SINCE YOU WERE LEFT IN THE ROOM AND MUST HAVE LOCKED THE DOOR WHEN YOU WENT OUT,IT WILL BE CLEAR TO YOU FROM WHAT I HAVE SAID THAT ONLY YOU COULD HAVE LET THIS YOUNG MAN OUT SINCE YOU WERE LEFT IN THE ROOM AND MUST HAVE LOCKED THE DOOR WHEN YOU WENT OUT,0.0,IT WOILL BE CLEAR TO YOU FROM WHAT I HAVE SAID THAT ONLY YOU COULD HAVE LET THIS YOUNG MAN OUT SINCE YOU WERE LEFT IN THE ROOM AND MUST HAVE LOCKED THE DOOR WHEN YOU WENT OUT,0.0263157894736842,10.477230171347818,test-clean,mp3,24k,0.0263157894736842,0,0,0,1,0,0,1,0,0,True,False,True,False,True,False,False
183,1221,135766,12,BROODING OVER ALL THESE MATTERS THE MOTHER FELT LIKE ONE WHO HAS EVOKED A SPIRIT BUT BY SOME IRREGULARITY IN THE PROCESS OF CONJURATION HAS FAILED TO WIN THE MASTER WORD THAT SHOULD CONTROL THIS NEW AND INCOMPREHENSIBLE INTELLIGENCE,BROODING OVER ALL THESE MATTERS THE MOTHER FELT LIKE ONE WHO HAS EVOKED A SPIRIT BUT BY SOME IRREGULARITY IN THE PROCESS OF CONJURATION HAS FAILED TO WIN THE MASTER WORD THAT SHOULD CONTROL THIS NEW AND INCOMPREHENSIBLE INTELLIGENCE,0.0,BROODING OVER ALL THESE MATTERS THE MOTHER FELT LIKE ONE WHO HAS EVOKED TA SPIRIT BUT BY SOME IRREGULARITY IN THE PROCESS OF CONJURATION HAS FAILED TO WIN THE MASTER WORD THAT SHOULD CONTROL THIS NEW AND INCOMPREHENSIBLE INTELLIGENCE,0.0256410256410256,15.807009530769465,test-clean,mp3,16k,0.0256410256410256,0,0,0,1,0,0,1,0,0,True,False,True,False,True,False,False
183,1221,135766,12,BROODING OVER ALL THESE MATTERS THE MOTHER FELT LIKE ONE WHO HAS EVOKED A SPIRIT BUT BY SOME IRREGULARITY IN THE PROCESS OF CONJURATION HAS FAILED TO WIN THE MASTER WORD THAT SHOULD CONTROL THIS NEW AND INCOMPREHENSIBLE INTELLIGENCE,BROODING OVER ALL THESE MATTERS THE MOTHER FELT LIKE ONE WHO HAS EVOKED A SPIRIT BUT BY SOME IRREGULARITY IN THE PROCESS OF CONJURATION HAS FAILED TO WIN THE MASTER WORD THAT SHOULD CONTROL THIS NEW AND INCOMPREHENSIBLE INTELLIGENCE,0.0,BROODING OVER ALL THESE MATTERS THE MOTHER FELT LIKE ONE WHO HAS EVOKED THE SPIRIT BUT BY SOME IRREGULARITY IN THE PROCESS OF CONJURATION HAS FAILED TO WIN THE MASTER WORD THAT SHOULD CONTROL THIS NEW AND INCOMPREHENSIBLE INTELLIGENCE,0.0256410256410256,31.98114834894037,test-clean,opus,8k,0.0256410256410256,0,0,0,1,0,0,1,0,0,True,False,True,False,True,False,False
1568,5639,40744,4,THEY DREW THEIR SWORDS HID THEIR FACES IN THE FLAPS OF THEIR CLOAKS TURNED BACK AND SOON CAME IN FRONT OF THE LITTLE PARTY WHO HAD NOT YET DONE GIVING THANKS TO GOD FOR THEIR ESCAPE FROM THOSE AUDACIOUS MEN,THEY DREW THEIR SWORDS HID THEIR FACES IN THE FLAPS OF THEIR CLOAKS TURNED BACK AND SOON CAME IN FRONT OF THE LITTLE PARTY WHO HAD NOT YET DONE GIVING THANKS TO GOD FOR THEIR ESCAPE FROM THOSE AUDACIOUS MEN,0.0,THEY DREW THEIR SWORDS HID THEIR FACES IN THE FLAPS OF THEIR CLOAKS TURNED BACK AND SOON CAME IN FRONT OF THE LITTLE PARTY WHO HAD NOT YET DONE GETTING THANKS TO GOD FOR THEIR ESCAPE FROM THOSE AUDACIOUS MEN,0.025,31.766886784947094,test-clean,opus,8k,0.025,0,0,0,1,0,0,1,0,0,True,False,True,False,True,False,False
1568,5639,40744,4,THEY DREW THEIR SWORDS HID THEIR FACES IN THE FLAPS OF THEIR CLOAKS TURNED BACK AND SOON CAME IN FRONT OF THE LITTLE PARTY WHO HAD NOT YET DONE GIVING THANKS TO GOD FOR THEIR ESCAPE FROM THOSE AUDACIOUS MEN,THEY DREW THEIR SWORDS HID THEIR FACES IN THE FLAPS OF THEIR CLOAKS TURNED BACK AND SOON CAME IN FRONT OF THE LITTLE PARTY WHO HAD NOT YET DONE GIVING THANKS TO GOD FOR THEIR ESCAPE FROM THOSE AUDACIOUS MEN,0.0,THEY DREW THEIR SWORDS HID THEIR FACES IN THE FLAPS OF THEIR CLOAKS TURNED BACK AND SOON CAME IN FRONT OF THE LITTLE PARTY WHO HAD NOT YET DONE GETTING THANKS TO GOD FOR THEIR ESCAPE FROM THOSE AUDACIOUS MEN,0.025,7.909470890037836,test-clean,mp3,32k,0.025,0,0,0,1,0,0,1,0,0,True,False,True,False,True,False,False
1568,5639,40744,4,THEY DREW THEIR SWORDS HID THEIR FACES IN THE FLAPS OF THEIR CLOAKS TURNED BACK AND SOON CAME IN FRONT OF THE LITTLE PARTY WHO HAD NOT YET DONE GIVING THANKS TO GOD FOR THEIR ESCAPE FROM THOSE AUDACIOUS MEN,THEY DREW THEIR SWORDS HID THEIR FACES IN THE FLAPS OF THEIR CLOAKS TURNED BACK AND SOON CAME IN FRONT OF THE LITTLE PARTY WHO HAD NOT YET DONE GIVING THANKS TO GOD FOR THEIR ESCAPE FROM THOSE AUDACIOUS MEN,0.0,THEY DREW THEIR SWORDS HID THEIR FACES IN THE FLAPS OF THEIR CLOAKS TURNED BACK AND SOON CAME IN FRONT OF THE LITTLE PARTY WHO HAD NOT YET DONE GETTING THANKS TO GOD FOR THEIR ESCAPE FROM THOSE AUDACIOUS MEN,0.025,10.53031621700029,test-clean,mp3,24k,0.025,0,0,0,1,0,0,1,0,0,True,False,True,False,True,False,False
1568,5639,40744,4,THEY DREW THEIR SWORDS HID THEIR FACES IN THE FLAPS OF THEIR CLOAKS TURNED BACK AND SOON CAME IN FRONT OF THE LITTLE PARTY WHO HAD NOT YET DONE GIVING THANKS TO GOD FOR THEIR ESCAPE FROM THOSE AUDACIOUS MEN,THEY DREW THEIR SWORDS HID THEIR FACES IN THE FLAPS OF THEIR CLOAKS TURNED BACK AND SOON CAME IN FRONT OF THE LITTLE PARTY WHO HAD NOT YET DONE GIVING THANKS TO GOD FOR THEIR ESCAPE FROM THOSE AUDACIOUS MEN,0.0,THEY DREW THEIR SWORDS HID THEIR FACES IN THE FLAPS OF THEIR CLOAKS TURNED BACK AND SOON CAME IN FRONT OF THE LITTLE PARTY WHO HAD NOT YET DONE GETTING THANKS TO GOD FOR THEIR ESCAPE FROM THOSE AUDACIOUS MEN,0.025,16.090835818489563,test-clean,opus,16k,0.025,0,0,0,1,0,0,1,0,0,True,False,True,False,True,False,False
1568,5639,40744,4,THEY DREW THEIR SWORDS HID THEIR FACES IN THE FLAPS OF THEIR CLOAKS TURNED BACK AND SOON CAME IN FRONT OF THE LITTLE PARTY WHO HAD NOT YET DONE GIVING THANKS TO GOD FOR THEIR ESCAPE FROM THOSE AUDACIOUS MEN,THEY DREW THEIR SWORDS HID THEIR FACES IN THE FLAPS OF THEIR CLOAKS TURNED BACK AND SOON CAME IN FRONT OF THE LITTLE PARTY WHO HAD NOT YET DONE GIVING THANKS TO GOD FOR THEIR ESCAPE FROM THOSE AUDACIOUS MEN,0.0,THEY DREW THEIR SWORDS HID THEIR FACES IN THE FLAPS OF THEIR CLOAKS TURNED BACK AND SOON CAME IN FRONT OF THE LITTLE PARTY WHO HAD NOT YET DONE GETTING THANKS TO GOD FOR THEIR ESCAPE FROM THOSE AUDACIOUS MEN,0.025,8.41914602003163,test-clean,opus,32k,0.025,0,0,0,1,0,0,1,0,0,True,False,True,False,True,False,False
1568,5639,40744,4,THEY DREW THEIR SWORDS HID THEIR FACES IN THE FLAPS OF THEIR CLOAKS TURNED BACK AND SOON CAME IN FRONT OF THE LITTLE PARTY WHO HAD NOT YET DONE GIVING THANKS TO GOD FOR THEIR ESCAPE FROM THOSE AUDACIOUS MEN,THEY DREW THEIR SWORDS HID THEIR FACES IN THE FLAPS OF THEIR CLOAKS TURNED BACK AND SOON CAME IN FRONT OF THE LITTLE PARTY WHO HAD NOT YET DONE GIVING THANKS TO GOD FOR THEIR ESCAPE FROM THOSE AUDACIOUS MEN,0.0,THEY DREW THEIR SWORDS HID THEIR FACES IN THE FLAPS OF THEIR CLOAKS TURNED BACK AND SOON CAME IN FRONT OF THE LITTLE PARTY WHO HAD NOT YET DONE GETTING THANKS TO GOD FOR THEIR ESCAPE FROM THOSE AUDACIOUS MEN,0.025,20.89913635174038,test-clean,opus,12k,0.025,0,0,0,1,0,0,1,0,0,True,False,True,False,True,False,False
1146,3997,180297,24,MARGUERITE DO WITH ME AS YOU WILL I AM YOUR SLAVE YOUR DOG BUT IN THE NAME OF HEAVEN TEAR UP THE LETTER WHICH I WROTE TO YOU AND DO NOT MAKE ME LEAVE YOU TO MORROW IT WOULD KILL ME,MARGUERITE DO WITH ME AS YOU WILL I AM YOUR SLAVE YOUR DOG BUT IN THE NAME OF HEAVEN TEAR UP THE LETTER WHICH I WROTE TO YOU AND DO NOT MAKE ME LEAVE YOU TO MORROW IT WOULD KILL ME,0.0,MARGUERITE DO WITH ME AS YOU WILL I AM YOUR SLAVE YOUR DOG BUT IN THE NAME OF HEAVEN CARR UP THE LETTER WHICH I WROTE TO YOU AND DO NOT MAKE ME LEAVE YOU TO MORROW IT WOULD KILL ME,0.024390243902439,15.752817752817752,test-other,mp3,16k,0.024390243902439,0,0,0,1,0,0,1,0,0,True,False,True,False,True,False,False
1146,3997,180297,24,MARGUERITE DO WITH ME AS YOU WILL I AM YOUR SLAVE YOUR DOG BUT IN THE NAME OF HEAVEN TEAR UP THE LETTER WHICH I WROTE TO YOU AND DO NOT MAKE ME LEAVE YOU TO MORROW IT WOULD KILL ME,MARGUERITE DO WITH ME AS YOU WILL I AM YOUR SLAVE YOUR DOG BUT IN THE NAME OF HEAVEN TEAR UP THE LETTER WHICH I WROTE TO YOU AND DO NOT MAKE ME LEAVE YOU TO MORROW IT WOULD KILL ME,0.0,MARGUERITE DO WITH ME AS YOU WILL I AM YOUR SLAVE YOUR DOG BUT IN THE NAME OF HEAVEN TEAR UP THE LETTER WHICH I WROTE TO YOU AND DO NOT MATE ME LEAVE YOU TO MORROW IT WOULD KILL ME,0.024390243902439,15.7823623647091,test-other,opus,16k,0.024390243902439,0,0,0,1,0,0,1,0,0,True,False,True,False,True,False,False
2237,7729,102255,4,THE FREE STATE MEN HAD ONLY THEIR CONVICTIONS THEIR INTELLIGENCE THEIR COURAGE AND THE MORAL SUPPORT OF THE NORTH THE CONSPIRACY HAD ITS SECRET COMBINATION THE TERRITORIAL OFFICIALS THE LEGISLATURE THE BOGUS LAWS THE COURTS THE MILITIA OFFICERS THE PRESIDENT AND THE ARMY,THE FREE STATE MEN HAD ONLY THEIR CONVICTIONS THEIR INTELLIGENCE THEIR COURAGE AND THE MORAL SUPPORT OF THE NORTH THE CONSPIRACY HAD ITS SECRET COMBINATION THE TERRITORIAL OFFICIALS THE LEGISLATURE THE BOGUS LAWS THE COURTS THE MILITIA OFFICERS THE PRESIDENT AND THE ARMY,0.0,THE FREE STATE MEN HAD ONLY THEIR CONVICTIONS THEIR INTELLIGENCE THEIR COURAGE AND THE MORAL SUPPORT OF THE NORTH THE CONSPIRACY HAD ITS SECRET COMBINATION THE TERRITORIAL OFFICIALS THE LEGISLATURE THE BOGUST LAWS THE COURTS THE MILITIA OFFICERS THE PRESIDENT AND THE ARMY,0.0232558139534883,20.60166081124241,test-clean,opus,12k,0.0232558139534883,0,0,0,1,0,0,1,0,0,True,False,True,False,True,False,False
2237,7729,102255,4,THE FREE STATE MEN HAD ONLY THEIR CONVICTIONS THEIR INTELLIGENCE THEIR COURAGE AND THE MORAL SUPPORT OF THE NORTH THE CONSPIRACY HAD ITS SECRET COMBINATION THE TERRITORIAL OFFICIALS THE LEGISLATURE THE BOGUS LAWS THE COURTS THE MILITIA OFFICERS THE PRESIDENT AND THE ARMY,THE FREE STATE MEN HAD ONLY THEIR CONVICTIONS THEIR INTELLIGENCE THEIR COURAGE AND THE MORAL SUPPORT OF THE NORTH THE CONSPIRACY HAD ITS SECRET COMBINATION THE TERRITORIAL OFFICIALS THE LEGISLATURE THE BOGUS LAWS THE COURTS THE MILITIA OFFICERS THE PRESIDENT AND THE ARMY,0.0,THE FREE STATE MEN HAD ONLY THEIR CONVICTIONS THEIR INTELLIGENCE THEIR COURAGE AND THE MORAL SUPPORT OF THE NORTH THE CONSPIRACY HAD ITS SECRET COMBINATION THE TERRITORIAL OFFICIALS THE LEGISLATURE THE VOGUS LAWS THE COURTS THE MILITIA OFFICERS THE PRESIDENT AND THE ARMY,0.0232558139534883,15.852884071862174,test-clean,mp3,16k,0.0232558139534883,0,0,0,1,0,0,1,0,0,True,False,True,False,True,False,False
2237,7729,102255,4,THE FREE STATE MEN HAD ONLY THEIR CONVICTIONS THEIR INTELLIGENCE THEIR COURAGE AND THE MORAL SUPPORT OF THE NORTH THE CONSPIRACY HAD ITS SECRET COMBINATION THE TERRITORIAL OFFICIALS THE LEGISLATURE THE BOGUS LAWS THE COURTS THE MILITIA OFFICERS THE PRESIDENT AND THE ARMY,THE FREE STATE MEN HAD ONLY THEIR CONVICTIONS THEIR INTELLIGENCE THEIR COURAGE AND THE MORAL SUPPORT OF THE NORTH THE CONSPIRACY HAD ITS SECRET COMBINATION THE TERRITORIAL OFFICIALS THE LEGISLATURE THE BOGUS LAWS THE COURTS THE MILITIA OFFICERS THE PRESIDENT AND THE ARMY,0.0,THE FREE STATE MEN HAD ONLY THEIR CONVICTIONS THEIR INTELLIGENCE THEIR COURAGE AND THE MORAL SUPPORT OF THE NORTH THE CONSPIRACY HAD ITS SECRET COMBINATION THE TERRITORIAL OFFICIALS THE LEGISLATURE THE VOGUS LAWS THE COURTS THE MILITIA OFFICERS THE PRESIDENT AND THE ARMY,0.0232558139534883,31.20044500338589,test-clean,opus,8k,0.0232558139534883,0,0,0,1,0,0,1,0,0,True,False,True,False,True,False,False
2237,7729,102255,4,THE FREE STATE MEN HAD ONLY THEIR CONVICTIONS THEIR INTELLIGENCE THEIR COURAGE AND THE MORAL SUPPORT OF THE NORTH THE CONSPIRACY HAD ITS SECRET COMBINATION THE TERRITORIAL OFFICIALS THE LEGISLATURE THE BOGUS LAWS THE COURTS THE MILITIA OFFICERS THE PRESIDENT AND THE ARMY,THE FREE STATE MEN HAD ONLY THEIR CONVICTIONS THEIR INTELLIGENCE THEIR COURAGE AND THE MORAL SUPPORT OF THE NORTH THE CONSPIRACY HAD ITS SECRET COMBINATION THE TERRITORIAL OFFICIALS THE LEGISLATURE THE BOGUS LAWS THE COURTS THE MILITIA OFFICERS THE PRESIDENT AND THE ARMY,0.0,THE FREE STATE MEN HAD ONLY THEIR CONVICTIONS THEIR INTELLIGENCE THEIR COURAGE AND THE MORAL SUPPORT OF THE NORTH THE CONSPIRACY HAD ITS SECRET COMBINATION THE TERRITORIAL OFFICIALS THE LEGISLATURE THE VOGUS LAWS THE COURTS THE MILITIA OFFICERS THE PRESIDENT AND THE ARMY,0.0232558139534883,7.948418419528544,test-clean,mp3,32k,0.0232558139534883,0,0,0,1,0,0,1,0,0,True,False,True,False,True,False,False
2237,7729,102255,4,THE FREE STATE MEN HAD ONLY THEIR CONVICTIONS THEIR INTELLIGENCE THEIR COURAGE AND THE MORAL SUPPORT OF THE NORTH THE CONSPIRACY HAD ITS SECRET COMBINATION THE TERRITORIAL OFFICIALS THE LEGISLATURE THE BOGUS LAWS THE COURTS THE MILITIA OFFICERS THE PRESIDENT AND THE ARMY,THE FREE STATE MEN HAD ONLY THEIR CONVICTIONS THEIR INTELLIGENCE THEIR COURAGE AND THE MORAL SUPPORT OF THE NORTH THE CONSPIRACY HAD ITS SECRET COMBINATION THE TERRITORIAL OFFICIALS THE LEGISLATURE THE BOGUS LAWS THE COURTS THE MILITIA OFFICERS THE PRESIDENT AND THE ARMY,0.0,THE FREE STATE MEN HAD ONLY THEIR CONVICTIONS THEIR INTELLIGENCE THEIR COURAGE AND THE MORAL SUPPORT OF THE NORTH THE CONSPIRACY HAD ITS SECRET COMBINATION THE TERRITORIAL OFFICIALS THE LEGISLATURE THE VOGUS LAWS THE COURTS THE MILITIA OFFICERS THE PRESIDENT AND THE ARMY,0.0232558139534883,10.588105907650892,test-clean,mp3,24k,0.0232558139534883,0,0,0,1,0,0,1,0,0,True,False,True,False,True,False,False
31,1688,142285,31,ONCE MARGARET HAD GONE INTO THE CHAMBER SOON AFTER DIXON LEFT IT AND FOUND HER MOTHER ON HER KNEES AND AS MARGARET STOLE OUT SHE CAUGHT A FEW WORDS WHICH WERE EVIDENTLY A PRAYER FOR STRENGTH AND PATIENCE TO ENDURE SEVERE BODILY SUFFERING,ONCE MARGARET HAD GONE INTO THE CHAMBER SOON AFTER DIXON LEFT IT AND FOUND HER MOTHER ON HER KNEES AND AS MARGARET STOLE OUT SHE CAUGHT A FEW WORDS WHICH WERE EVIDENTLY A PRAYER FOR STRENGTH AND PATIENCE TO ENDURE SEVERE BODILY SUFFERING,0.0,ONCE MARGARET HAD GONE INTO THE CHAMBER SOON AFTER DIXON LEFT IT AND FOUND HER MOTHER ON HER KNEES AND AS MARGARET STOLE OUT SHE CAUGHT A FEW WORDS WHICH WERE EVIDENTLY A PRAYER FOR STRENGTH AND PATIENCE TO INDURE SEVERE BODILY SUFFERING,0.0232558139534883,15.817315329626688,test-other,mp3,16k,0.0232558139534883,0,0,0,1,0,0,1,0,0,True,False,True,False,True,False,False
2522,8555,284447,21,THEN THEY SPED IN GREAT HASTE FOR THE DOOR AND THE GOAT GAVE A FINAL BUTT THAT SENT THE ROW OF ROYAL LADIES ALL DIVING INTO THE CORRIDOR IN ANOTHER TANGLE WHEREUPON THEY SHRIEKED IN A MANNER THAT TERRIFIED EVERYONE WITHIN SOUND OF THEIR VOICES,THEN THEY SPED IN GREAT HASTE FOR THE DOOR AND THE GOAT GAVE A FINAL BUTT THAT SENT THE ROW OF ROYAL LADIES ALL DIVING INTO THE CORRIDOR IN ANOTHER TANGLE WHEREUPON THEY SHRIEKED IN A MANNER THAT TERRIFIED EVERYONE WITHIN SOUND OF THEIR VOICES,0.0,THEN THEY SPED IN GREAT HASTE FOR THE DOOR AND THE GOAT GAVE A FINAL BUTT THAT SENT HE ROW OF ROYAL LADIES ALL DIVING INTO THE CORRIDOR IN ANOTHER TANGLE WHEREUPON THEY SHRIEKED IN A MANNER THAT TERRIFIED EVERYONE WITHIN SOUND OF THEIR VOICES,0.0222222222222222,15.780771677706673,test-clean,mp3,16k,0.0222222222222222,0,0,0,1,0,0,1,0,0,True,False,True,False,True,False,False
2522,8555,284447,21,THEN THEY SPED IN GREAT HASTE FOR THE DOOR AND THE GOAT GAVE A FINAL BUTT THAT SENT THE ROW OF ROYAL LADIES ALL DIVING INTO THE CORRIDOR IN ANOTHER TANGLE WHEREUPON THEY SHRIEKED IN A MANNER THAT TERRIFIED EVERYONE WITHIN SOUND OF THEIR VOICES,THEN THEY SPED IN GREAT HASTE FOR THE DOOR AND THE GOAT GAVE A FINAL BUTT THAT SENT THE ROW OF ROYAL LADIES ALL DIVING INTO THE CORRIDOR IN ANOTHER TANGLE WHEREUPON THEY SHRIEKED IN A MANNER THAT TERRIFIED EVERYONE WITHIN SOUND OF THEIR VOICES,0.0,THEN THEY SPED IN GREAT HASTE FOR THE DOOR AND THE GOAT GAVE A FINAL BUTT THAT SENT A ROW OF ROYAL LADIES ALL DIVING INTO THE CORRIDOR IN ANOTHER TANGLE WHEREUPON THEY SHRIEKED IN A MANNER THAT TERRIFIED EVERYONE WITHIN SOUND OF THEIR VOICES,0.0222222222222222,30.94430175387099,test-clean,opus,8k,0.0222222222222222,0,0,0,1,0,0,1,0,0,True,False,True,False,True,False,False
2187,7176,92135,0,HE IS A WELCOME FIGURE AT THE GARDEN PARTIES OF THE ELECT WHO ARE ALWAYS READY TO ENCOURAGE HIM BY ACCEPTING FREE SEATS FOR HIS PLAY ACTOR MANAGERS NOD TO HIM EDITORS ALLOW HIM TO CONTRIBUTE WITHOUT CHARGE TO A SYMPOSIUM ON THE PRICE OF GOLF BALLS,HE IS A WELCOME FIGURE AT THE GARDEN PARTIES OF THE ELECT WHO ARE ALWAYS READY TO ENCOURAGE HIM BY ACCEPTING FREE SEATS FOR HIS PLAY ACTOR MANAGERS NOD TO HIM EDITORS ALLOW HIM TO CONTRIBUTE WITHOUT CHARGE TO A SYMPOSIUM ON THE PRICE OF GOLF BALLS,0.0,HE IS A WELCOME FIGURE AT THE GARDEN PARTIES OF THE ELECT WHO ARE ALWAYS READY TO ENCOURAGE HIM BY ACCEPTING FREE SEATS FOR HIS PLAY ACTOR MANAGERS NOD TO HIM EDITORS ALLOW HIM TO CONTRIBUTE WITHOUT CHARGE TO A SIMPOSIUM ON THE PRICE OF GOLF BALLS,0.0212765957446808,7.972915157161094,test-clean,opus,32k,0.0212765957446808,0,0,0,1,0,0,1,0,0,True,False,True,False,True,False,False
2239,7018,75789,31,WHEN SUDDENLY A VIOLENT SQUALL OF WIND AROSE AND SMOTE THE SHIP WHICH ROSE OUT OF THE WATER AND SETTLED UPON A GREAT REEF THE HAUNT OF SEA MONSTERS WHERE IT BROKE UP AND FELL ASUNDER INTO PLANKS AND ALL AND EVERYTHING ON BOARD WERE PLUNGED INTO THE SEA,WHEN SUDDENLY A VIOLENT SQUALL OF WIND AROSE AND SMOTE THE SHIP WHICH ROSE OUT OF THE WATER AND SETTLED UPON A GREAT REEF THE HAUNT OF SEA MONSTERS WHERE IT BROKE UP AND FELL ASUNDER INTO PLANKS AND ALL AND EVERYTHING ON BOARD WERE PLUNGED INTO THE SEA,0.0,WHEN SUDDENLY A VIOLENT SQUARL OF WIND AROSE AND SMOTE THE SHIP WHICH ROSE OUT OF THE WATER AND SETTLED UPON A GREAT REEF THE HAUNT OF SEA MONSTERS WHERE IT BROKE UP AND FELL ASUNDER INTO PLANKS AND ALL AND EVERYTHING ON BOARD WERE PLUNGED INTO THE SEA,0.0204081632653061,15.788543291433465,test-other,mp3,16k,0.0204081632653061,0,0,0,1,0,0,1,0,0,True,False,True,False,True,False,False
2239,7018,75789,31,WHEN SUDDENLY A VIOLENT SQUALL OF WIND AROSE AND SMOTE THE SHIP WHICH ROSE OUT OF THE WATER AND SETTLED UPON A GREAT REEF THE HAUNT OF SEA MONSTERS WHERE IT BROKE UP AND FELL ASUNDER INTO PLANKS AND ALL AND EVERYTHING ON BOARD WERE PLUNGED INTO THE SEA,WHEN SUDDENLY A VIOLENT SQUALL OF WIND AROSE AND SMOTE THE SHIP WHICH ROSE OUT OF THE WATER AND SETTLED UPON A GREAT REEF THE HAUNT OF SEA MONSTERS WHERE IT BROKE UP AND FELL ASUNDER INTO PLANKS AND ALL AND EVERYTHING ON BOARD WERE PLUNGED INTO THE SEA,0.0,WHEN SUDDENLY A VIOLENT SQUAWL OF WIND AROSE AND SMOTE THE SHIP WHICH ROSE OUT OF THE WATER AND SETTLED UPON A GREAT REEF THE HAUNT OF SEA MONSTERS WHERE IT BROKE UP AND FELL ASUNDER INTO PLANKS AND ALL AND EVERYTHING ON BOARD WERE PLUNGED INTO THE SEA,0.0204081632653061,3.621198092031425,test-other,opus,64k,0.0204081632653061,0,0,0,1,0,0,1,0,0,True,False,True,False,True,False,False
2239,7018,75789,31,WHEN SUDDENLY A VIOLENT SQUALL OF WIND AROSE AND SMOTE THE SHIP WHICH ROSE OUT OF THE WATER AND SETTLED UPON A GREAT REEF THE HAUNT OF SEA MONSTERS WHERE IT BROKE UP AND FELL ASUNDER INTO PLANKS AND ALL AND EVERYTHING ON BOARD WERE PLUNGED INTO THE SEA,WHEN SUDDENLY A VIOLENT SQUALL OF WIND AROSE AND SMOTE THE SHIP WHICH ROSE OUT OF THE WATER AND SETTLED UPON A GREAT REEF THE HAUNT OF SEA MONSTERS WHERE IT BROKE UP AND FELL ASUNDER INTO PLANKS AND ALL AND EVERYTHING ON BOARD WERE PLUNGED INTO THE SEA,0.0,WHEN SUDDENLY A VIOLENT SQUAWL OF WIND AROSE AND SMOTE THE SHIP WHICH ROSE OUT OF THE WATER AND SETTLED UPON A GREAT REEF THE HAUNT OF SEA MONSTERS WHERE IT BROKE UP AND FELL ASUNDER INTO PLANKS AND ALL AND EVERYTHING ON BOARD WERE PLUNGED INTO THE SEA,0.0204081632653061,8.317431163097943,test-other,opus,32k,0.0204081632653061,0,0,0,1,0,0,1,0,0,True,False,True,False,True,False,False
2239,7018,75789,31,WHEN SUDDENLY A VIOLENT SQUALL OF WIND AROSE AND SMOTE THE SHIP WHICH ROSE OUT OF THE WATER AND SETTLED UPON A GREAT REEF THE HAUNT OF SEA MONSTERS WHERE IT BROKE UP AND FELL ASUNDER INTO PLANKS AND ALL AND EVERYTHING ON BOARD WERE PLUNGED INTO THE SEA,WHEN SUDDENLY A VIOLENT SQUALL OF WIND AROSE AND SMOTE THE SHIP WHICH ROSE OUT OF THE WATER AND SETTLED UPON A GREAT REEF THE HAUNT OF SEA MONSTERS WHERE IT BROKE UP AND FELL ASUNDER INTO PLANKS AND ALL AND EVERYTHING ON BOARD WERE PLUNGED INTO THE SEA,0.0,WHEN SUDDENLY A VIOLENT SQUAWL OF WIND AROSE AND SMOTE THE SHIP WHICH ROSE OUT OF THE WATER AND SETTLED UPON A GREAT REEF THE HAUNT OF SEA MONSTERS WHERE IT BROKE UP AND FELL ASUNDER INTO PLANKS AND ALL AND EVERYTHING ON BOARD WERE PLUNGED INTO THE SEA,0.0204081632653061,1.9825036386747927,test-other,mp3,128k,0.0204081632653061,0,0,0,1,0,0,1,0,0,True,False,True,False,True,False,False
2239,7018,75789,31,WHEN SUDDENLY A VIOLENT SQUALL OF WIND AROSE AND SMOTE THE SHIP WHICH ROSE OUT OF THE WATER AND SETTLED UPON A GREAT REEF THE HAUNT OF SEA MONSTERS WHERE IT BROKE UP AND FELL ASUNDER INTO PLANKS AND ALL AND EVERYTHING ON BOARD WERE PLUNGED INTO THE SEA,WHEN SUDDENLY A VIOLENT SQUALL OF WIND AROSE AND SMOTE THE SHIP WHICH ROSE OUT OF THE WATER AND SETTLED UPON A GREAT REEF THE HAUNT OF SEA MONSTERS WHERE IT BROKE UP AND FELL ASUNDER INTO PLANKS AND ALL AND EVERYTHING ON BOARD WERE PLUNGED INTO THE SEA,0.0,WHEN SUDDENLY A VIOLENT SQUAWL OF WIND AROSE AND SMOTE THE SHIP WHICH ROSE OUT OF THE WATER AND SETTLED UPON A GREAT REEF THE HAUNT OF SEA MONSTERS WHERE IT BROKE UP AND FELL ASUNDER INTO PLANKS AND ALL AND EVERYTHING ON BOARD WERE PLUNGED INTO THE SEA,0.0204081632653061,3.964322190737285,test-other,mp3,64k,0.0204081632653061,0,0,0,1,0,0,1,0,0,True,False,True,False,True,False,False
2239,7018,75789,31,WHEN SUDDENLY A VIOLENT SQUALL OF WIND AROSE AND SMOTE THE SHIP WHICH ROSE OUT OF THE WATER AND SETTLED UPON A GREAT REEF THE HAUNT OF SEA MONSTERS WHERE IT BROKE UP AND FELL ASUNDER INTO PLANKS AND ALL AND EVERYTHING ON BOARD WERE PLUNGED INTO THE SEA,WHEN SUDDENLY A VIOLENT SQUALL OF WIND AROSE AND SMOTE THE SHIP WHICH ROSE OUT OF THE WATER AND SETTLED UPON A GREAT REEF THE HAUNT OF SEA MONSTERS WHERE IT BROKE UP AND FELL ASUNDER INTO PLANKS AND ALL AND EVERYTHING ON BOARD WERE PLUNGED INTO THE SEA,0.0,WHEN SUDDENLY A VIOLENT SQUARL OF WIND AROSE AND SMOTE THE SHIP WHICH ROSE OUT OF THE WATER AND SETTLED UPON A GREAT REEF THE HAUNT OF SEA MONSTERS WHERE IT BROKE UP AND FELL ASUNDER INTO PLANKS AND ALL AND EVERYTHING ON BOARD WERE PLUNGED INTO THE SEA,0.0204081632653061,7.921527106446317,test-other,mp3,32k,0.0204081632653061,0,0,0,1,0,0,1,0,0,True,False,True,False,True,False,False
2551,7975,280085,15,ONE OF THE FELLOWS IN THE OUTER LINE NOT BRAVE ENOUGH HIMSELF TO JOIN THE VOLUNTEERS WHO HAD COME IN TO BEAT US OUT WAS NOT DISPOSED TO BELIEVE IN THE SURRENDER AND HAD HIS GUN LEVELLED ON BOB IN SPITE OF THE HANDKERCHIEF WHICH WAS WAVING AS A FLAG OF TRUCE,ONE OF THE FELLOWS IN THE OUTER LINE NOT BRAVE ENOUGH HIMSELF TO JOIN THE VOLUNTEERS WHO HAD COME IN TO BEAT US OUT WAS NOT DISPOSED TO BELIEVE IN THE SURRENDER AND HAD HIS GUN LEVELLED ON BOB IN SPITE OF THE HANDKERCHIEF WHICH WAS WAVING AS A FLAG OF TRUCE,0.0,ONE OF THE FELLOWS IN THE OUTER LIN NOT BRAVE ENOUGH HIMSELF TO JOIN THE VOLUNTEERS WHO HAD COME IN TO BEAT US OUT WAS NOT DISPOSED TO BELIEVE IN THE SURRENDER AND HAD HIS GUN LEVELLED ON BOB IN SPITE OF THE HANDKERCHIEF WHICH WAS WAVING AS A FLAG OF TRUCE,0.0192307692307692,7.906621549157744,test-other,mp3,32k,0.0192307692307692,0,0,0,1,0,0,1,0,0,True,False,True,False,True,False,False
