dataset_index,speaker_id,chapter_id,utterance_id,condition,target_bitrate_kbps,reference,prediction,wer,spectral_distortion,layer_1_drift,layer_6_drift,layer_12_drift
663,237,134500,4,wav,,THAT INVITATION DECIDED HER,THAT INVITATION DECIDED HER,0.0,0.0,0.0,0.0,0.0
663,237,134500,4,resample_control,,THAT INVITATION DECIDED HER,THAT INVITATION DECIDED HER,0.0,4.633915901184082,0.0038376450538635254,0.01837158203125,0.002944648265838623
663,237,134500,4,encodec_24k,24.0,THAT INVITATION DECIDED HER,THAT INVITATION DECIDED HER,0.0,93.61748504638672,0.12129491567611694,0.06751322746276855,0.006795644760131836
663,237,134500,4,encodec_6k,6.0,THAT INVITATION DECIDED HER,THAT INVITATION DECIDED HER,0.0,101.35855102539062,0.1864820122718811,0.12033796310424805,0.02016592025756836
663,237,134500,4,encodec_1.5k,1.5,THAT INVITATION DECIDED HER,THAT INVITATION DECIDED HER,0.0,109.13853454589844,0.36547625064849854,0.16583013534545898,0.05096721649169922
1155,4446,2273,17,wav,,HOW JOLLY IT WAS BEING YOUNG HILDA,HOW JOLLY IT WAS BEING YOUNG HILDA,0.0,0.0,0.0,0.0,0.0
1155,4446,2273,17,resample_control,,HOW JOLLY IT WAS BEING YOUNG HILDA,HOW JOLLY IT WAS BEING YOUNG HILDA,0.0,4.668910980224609,0.002541840076446533,0.0015584230422973633,0.0005709528923034668
1155,4446,2273,17,encodec_24k,24.0,HOW JOLLY IT WAS BEING YOUNG HILDA,HOW JOLLY IT WAS BEING YOUNG HILDA,0.0,132.85494995117188,0.13979655504226685,0.06776672601699829,0.03394341468811035
1155,4446,2273,17,encodec_6k,6.0,HOW JOLLY IT WAS BEING YOUNG HILDA,HOW JOLLY IT WAS BEING YOUNG HILDA,0.0,140.04783630371094,0.20486843585968018,0.07552081346511841,0.022259652614593506
1155,4446,2273,17,encodec_1.5k,1.5,HOW JOLLY IT WAS BEING YOUNG HILDA,HOW JOLLY IT WAS BEING YOUNG HELDER,0.14285714285714285,147.64175415039062,0.3637048602104187,0.21962285041809082,0.10128873586654663
846,2830,3980,49,wav,,EMBRACE HIM AND FORGET ABOUT THE NATURE OF GOD,EMBRACE HIM AND FORGET ABOUT THE NATURE OF GOD,0.0,0.0,0.0,0.0,0.0
846,2830,3980,49,resample_control,,EMBRACE HIM AND FORGET ABOUT THE NATURE OF GOD,EMBRACE HIM AND FORGET ABOUT THE NATURE OF GOD,0.0,4.9797844886779785,0.003355562686920166,0.007311820983886719,0.00025707483291625977
846,2830,3980,49,encodec_24k,24.0,EMBRACE HIM AND FORGET ABOUT THE NATURE OF GOD,EMBRACE HIM AND FORGET ABOUT THE NATURE OF GOD,0.0,90.77516174316406,0.10764914751052856,0.08396822214126587,0.011186957359313965
846,2830,3980,49,encodec_6k,6.0,EMBRACE HIM AND FORGET ABOUT THE NATURE OF GOD,EMBRACE HIM AND FORGET ABOUT THE NATURE OF GOD,0.0,107.8979263305664,0.17813163995742798,0.10292017459869385,0.01678323745727539
846,2830,3980,49,encodec_1.5k,1.5,EMBRACE HIM AND FORGET ABOUT THE NATURE OF GOD,EMBRACE IN AND FORGET ABOUT THE NATURE OF GOD,0.1111111111111111,131.55685424804688,0.3443528413772583,0.29007524251937866,0.1009017825126648
1266,4507,16021,45,wav,,IT IS SO MADE THAT EVERYWHERE WE FEEL THE SENSE OF PUNISHMENT,IT IS SO MADE THAT EVERYWHERE WE FEEL THE SENSE OF PUNISHMENT,0.0,0.0,0.0,0.0,0.0
1266,4507,16021,45,resample_control,,IT IS SO MADE THAT EVERYWHERE WE FEEL THE SENSE OF PUNISHMENT,IT IS SO MADE THAT EVERYWHERE WE FEEL THE SENSE OF PUNISHMENT,0.0,4.582729816436768,0.005743980407714844,0.0065201520919799805,0.0012173056602478027
1266,4507,16021,45,encodec_24k,24.0,IT IS SO MADE THAT EVERYWHERE WE FEEL THE SENSE OF PUNISHMENT,IT IS SO MADE THAT EVERYWHERE WE FEEL THE SENSE OF PUNISHMENT,0.0,126.27384185791016,0.1517358422279358,0.0761725902557373,0.01095283031463623
1266,4507,16021,45,encodec_6k,6.0,IT IS SO MADE THAT EVERYWHERE WE FEEL THE SENSE OF PUNISHMENT,IT IS SO MADE THAT EVERYWHERE WE FEEL THE SENSE OF PUNISHMENT,0.0,135.19036865234375,0.2116532325744629,0.10690265893936157,0.0194208025932312
1266,4507,16021,45,encodec_1.5k,1.5,IT IS SO MADE THAT EVERYWHERE WE FEEL THE SENSE OF PUNISHMENT,IT IS SO MADE THAT EVERYWHERE WE FEEL THE SENSE OF PUNISHMENT,0.0,148.807861328125,0.34242886304855347,0.24837148189544678,0.15178316831588745
20,1089,134686,20,wav,,IF A MAN HAD STOLEN A POUND IN HIS YOUTH AND HAD USED THAT POUND TO AMASS A HUGE FORTUNE HOW MUCH WAS HE OBLIGED TO GIVE BACK THE POUND HE HAD STOLEN ONLY OR THE POUND TOGETHER WITH THE COMPOUND INTEREST ACCRUING UPON IT OR ALL HIS HUGE FORTUNE,IF A MAN HAD STOLEN A POUND IN HIS YOUTH AND HAD USED THAT POUND TO A MASS A HUGE FORTUNE HOW MUCH WAS HE OBLIGED TO GIVE BACK THE POUND HE HAD STOLEN ONLY OR THE POUND TOGETHER WITH THE COMPOUND INTEREST A CRUEING UPON IT OR ALL HIS HUGE FORTUNE,0.08,0.0,0.0,0.0,0.0
20,1089,134686,20,resample_control,,IF A MAN HAD STOLEN A POUND IN HIS YOUTH AND HAD USED THAT POUND TO AMASS A HUGE FORTUNE HOW MUCH WAS HE OBLIGED TO GIVE BACK THE POUND HE HAD STOLEN ONLY OR THE POUND TOGETHER WITH THE COMPOUND INTEREST ACCRUING UPON IT OR ALL HIS HUGE FORTUNE,IF A MAN HAD STOLEN A POUND IN HIS YOUTH AND HAD USED THAT POUND TO A MASS A HUGE FORTUNE HOW MUCH WAS HE OBLIGED TO GIVE BACK THE POUND HE HAD STOLEN ONLY OR THE POUND TOGETHER WITH THE COMPOUND INTEREST A CRUEING UPON IT OR ALL HIS HUGE FORTUNE,0.08,4.7837233543396,0.0029460787773132324,0.002117455005645752,0.001275777816772461
20,1089,134686,20,encodec_24k,24.0,IF A MAN HAD STOLEN A POUND IN HIS YOUTH AND HAD USED THAT POUND TO AMASS A HUGE FORTUNE HOW MUCH WAS HE OBLIGED TO GIVE BACK THE POUND HE HAD STOLEN ONLY OR THE POUND TOGETHER WITH THE COMPOUND INTEREST ACCRUING UPON IT OR ALL HIS HUGE FORTUNE,IF A MAN HAD STOLEN A POUND IN HIS YOUTH AND HAD USED THAT POUND TO A MASS A HUGE FORTUNE HOW MUCH WAS HE OBLIGED TO GIVE BACK THE POUND HE HAD STOLEN ONLY OR THE POUND TOGETHER WITH THE COMPOUND INTEREST A CRUWING UPON IT OR ALL HIS HUGE FORTUNE,0.08,112.39608001708984,0.12557995319366455,0.052186012268066406,0.012360751628875732
20,1089,134686,20,encodec_6k,6.0,IF A MAN HAD STOLEN A POUND IN HIS YOUTH AND HAD USED THAT POUND TO AMASS A HUGE FORTUNE HOW MUCH WAS HE OBLIGED TO GIVE BACK THE POUND HE HAD STOLEN ONLY OR THE POUND TOGETHER WITH THE COMPOUND INTEREST ACCRUING UPON IT OR ALL HIS HUGE FORTUNE,IF A MAN HAD STOLEN A POUND IN HIS YOUTH AND HAD USED THAT POUND TO A MASS A HUGE FORTUNE HOW MUCH WAS HE OBLIGED TO GIVE BACK THE POUND HE HAD STOLEN ONLY OR THE POUND TOGETHER WITH THE COMPOUND INTEREST A CRUWING UPON IT OR ALL HIS HUGE FORTUNE,0.08,121.86210632324219,0.19449454545974731,0.0841374397277832,0.019444406032562256
20,1089,134686,20,encodec_1.5k,1.5,IF A MAN HAD STOLEN A POUND IN HIS YOUTH AND HAD USED THAT POUND TO AMASS A HUGE FORTUNE HOW MUCH WAS HE OBLIGED TO GIVE BACK THE POUND HE HAD STOLEN ONLY OR THE POUND TOGETHER WITH THE COMPOUND INTEREST ACCRUING UPON IT OR ALL HIS HUGE FORTUNE,IF A MAN HAD STOLEN A POUND IN HIS YOUTH AND HAD USED THAT POUND TO AMASS A HUGE FORTUNE HOW MUCH WAS HE OBLIGED TO GET BACK THE POUND HE HAD STOLEN ONLY OR THE POUND TOGETHER WITH THE COMPOUND INTEREST ACCRUWING UPON IT OR ALL HIS HUGE FORTUNE,0.04,140.8026885986328,0.36454546451568604,0.1969560980796814,0.06585699319839478
1552,5142,36377,21,wav,,ENVY HATRED MALICE AND UNCHARITABLENESS ARE NEVER SO ESSENTIALLY DETESTABLE TO MY MIND AS WHEN THEY ARE ANIMATED BY A SENSE OF PROPRIETY AND WORK UNDER THE SURFACE BUT FOR MY INTEREST IN NAOMI AND MY OTHER INTEREST IN THE LITTLE LOVE LOOKS WHICH I NOW AND THEN SURPRISED PASSING BETWEEN HER AND AMBROSE I SHOULD NEVER HAVE SAT THROUGH THAT SUPPER,ENVY HATRED MALICE AND UNCHARITABLENESS ARE NEVER SO ESSENTIALLY DETESTABLE TO MY MIND AS WHEN THEY ARE ANIMATED BY THE SENSE OF PROPRIETY AND WORK UNDER THE SURFACE BUT FOR MY INTEREST IN NAO ME AND MY OTHER INTERESTS IN THE LITTLE LOVE LOOKS WHICH I NOW AND THEN SURPRISED PASSING BETWEEN HER AND AMBROSE I SHOULD NEVER HAVE SAT THROUGH THAT SUPPER,0.06451612903225806,0.0,0.0,0.0,0.0
1552,5142,36377,21,resample_control,,ENVY HATRED MALICE AND UNCHARITABLENESS ARE NEVER SO ESSENTIALLY DETESTABLE TO MY MIND AS WHEN THEY ARE ANIMATED BY A SENSE OF PROPRIETY AND WORK UNDER THE SURFACE BUT FOR MY INTEREST IN NAOMI AND MY OTHER INTEREST IN THE LITTLE LOVE LOOKS WHICH I NOW AND THEN SURPRISED PASSING BETWEEN HER AND AMBROSE I SHOULD NEVER HAVE SAT THROUGH THAT SUPPER,ENVY HATRED MALICE AND UNCHARITABLENESS ARE NEVER SO ESSENTIALLY DETESTABLE TO MY MIND AS WHEN THEY ARE ANIMATED BY THE SENSE OF PROPRIETY AND WORK UNDER THE SURFACE BUT FOR MY INTEREST IN NAO ME AND MY OTHER INTERESTS IN THE LITTLE LOVE LOOKS WHICH I NOW AND THEN SURPRISED PASSING BETWEEN HER AND AMBROSE I SHOULD NEVER HAVE SAT THROUGH THAT SUPPER,0.06451612903225806,5.150461196899414,0.0011702775955200195,0.0011110305786132812,0.0005488991737365723
1552,5142,36377,21,encodec_24k,24.0,ENVY HATRED MALICE AND UNCHARITABLENESS ARE NEVER SO ESSENTIALLY DETESTABLE TO MY MIND AS WHEN THEY ARE ANIMATED BY A SENSE OF PROPRIETY AND WORK UNDER THE SURFACE BUT FOR MY INTEREST IN NAOMI AND MY OTHER INTEREST IN THE LITTLE LOVE LOOKS WHICH I NOW AND THEN SURPRISED PASSING BETWEEN HER AND AMBROSE I SHOULD NEVER HAVE SAT THROUGH THAT SUPPER,ENVY HATRED MALICE AND UNCHARITABLENESS ARE NEVER SO ESSENTIALLY DETESTABLE TO MY MIND AS WHEN THEY ARE ANIMATED BY THE SENSE OF PROPRIETY AND WORK UNDER THE SURFACE BUT FOR MY INTEREST IN NAOME AND MY OTHER INTERESTS IN THE LITTLE LOVE LOOKS WHICH I NOW AND THEN SURPRISED PASSING BETWEEN HER AND AMBROSE I SHOULD NEVER HAVE SAT THROUGH THAT SUPPER,0.04838709677419355,101.6446533203125,0.09896767139434814,0.031755149364471436,0.01896190643310547
1552,5142,36377,21,encodec_6k,6.0,ENVY HATRED MALICE AND UNCHARITABLENESS ARE NEVER SO ESSENTIALLY DETESTABLE TO MY MIND AS WHEN THEY ARE ANIMATED BY A SENSE OF PROPRIETY AND WORK UNDER THE SURFACE BUT FOR MY INTEREST IN NAOMI AND MY OTHER INTEREST IN THE LITTLE LOVE LOOKS WHICH I NOW AND THEN SURPRISED PASSING BETWEEN HER AND AMBROSE I SHOULD NEVER HAVE SAT THROUGH THAT SUPPER,ENVY HATRED MALICE AND UNCHARITABLENESS ARE NEVER SO ESSENTIALLY DETESTABLE TO MY MIND AS WHEN THEY ARE ANIMATED BY THE SENSE OF PROPRIETY AND WORK UNDER THE SURFACE BUT FOR MY INTEREST IN NAYOE ME AND MY OTHER INTERESTS IN THE LITTLE LOVE LOOKS WHICH I NOW AND THEN SURPRISED PASSING BETWEEN HER AND AMBROSE I SHOULD NEVER HAVE SAT THROUGH THAT SUPPER,0.06451612903225806,109.11321258544922,0.16670680046081543,0.04835212230682373,0.026737332344055176
1552,5142,36377,21,encodec_1.5k,1.5,ENVY HATRED MALICE AND UNCHARITABLENESS ARE NEVER SO ESSENTIALLY DETESTABLE TO MY MIND AS WHEN THEY ARE ANIMATED BY A SENSE OF PROPRIETY AND WORK UNDER THE SURFACE BUT FOR MY INTEREST IN NAOMI AND MY OTHER INTEREST IN THE LITTLE LOVE LOOKS WHICH I NOW AND THEN SURPRISED PASSING BETWEEN HER AND AMBROSE I SHOULD NEVER HAVE SAT THROUGH THAT SUPPER,ENVY HATRED MALICE AND UNCHARITABLENESS ARE NEVER SO ESSENTIALLY DETESTABLE TO MY MIND AS WHEN THEY ARE ANIMATED BY THE SENSE OF PROPRIETY AND WORK UNDER THE SURFACE BUT FOR MY INTEREST TO NAY OWE ME AND MY OTHER INTERESTS IN THE LITTLE LOVE LOOKS WHICH I NOW AND THEN SURPRISED PASSING BETWEEN HER AND AMBROSE I SHOULD NEVER HAVE SET THROUGH THAT SUPPOOK,0.12903225806451613,133.02914428710938,0.3324686288833618,0.151752769947052,0.08313983678817749
1889,6829,68769,29,wav,,IT'S A STOCK COMPANY AND RICH,IT'S A STOCK COMPANY IN RICH,0.16666666666666666,0.0,0.0,0.0,0.0
1889,6829,68769,29,resample_control,,IT'S A STOCK COMPANY AND RICH,IT'S A STOCK COMPANY IN RICH,0.16666666666666666,4.72397518157959,0.002182483673095703,0.0006996989250183105,0.0002580881118774414
1889,6829,68769,29,encodec_24k,24.0,IT'S A STOCK COMPANY AND RICH,IT'S A STOCK COMPANY IN RICH,0.16666666666666666,96.11217498779297,0.10569554567337036,0.03971070051193237,0.007962048053741455
1889,6829,68769,29,encodec_6k,6.0,IT'S A STOCK COMPANY AND RICH,IT'S A STOCK COMPANY IN RICH,0.16666666666666666,100.86445617675781,0.1617479920387268,0.05699467658996582,0.019547879695892334
1889,6829,68769,29,encodec_1.5k,1.5,IT'S A STOCK COMPANY AND RICH,IT'S A STOP COMPANY AN RICH,0.3333333333333333,122.94829559326172,0.29509007930755615,0.17721068859100342,0.1295405626296997
1617,5683,32865,11,wav,,WHEREUPON LAKE LAUGHED QUIETLY STILL LOOKING ON THE ACE OF HEARTS WITH HIS SLY EYES,WHEREUPON LAKE LAUGHED QUIETLY STILL LOOKING ON THE ACE OF HEARTS WITH HIS SLY EYES,0.0,0.0,0.0,0.0,0.0
1617,5683,32865,11,resample_control,,WHEREUPON LAKE LAUGHED QUIETLY STILL LOOKING ON THE ACE OF HEARTS WITH HIS SLY EYES,WHEREUPON LAKE LAUGHED QUIETLY STILL LOOKING ON THE ACE OF HEARTS WITH HIS SLY EYES,0.0,4.668959617614746,0.002283930778503418,0.0009077191352844238,0.0010095834732055664
1617,5683,32865,11,encodec_24k,24.0,WHEREUPON LAKE LAUGHED QUIETLY STILL LOOKING ON THE ACE OF HEARTS WITH HIS SLY EYES,WHEREUPON LAKE LAUGHED QUIETLY STILL LOOKING ON THE ACE OF HEARTS WITH HIS SLY EYES,0.0,126.33060455322266,0.1328691840171814,0.06866693496704102,0.015440046787261963
1617,5683,32865,11,encodec_6k,6.0,WHEREUPON LAKE LAUGHED QUIETLY STILL LOOKING ON THE ACE OF HEARTS WITH HIS SLY EYES,WHEREUPON LAKE LAUGHED QUIETLY STILL LOOKING ON THE ACE OF HEARTS WITH HIS SLY EYES,0.0,135.0142364501953,0.18668818473815918,0.08607864379882812,0.024532079696655273
1617,5683,32865,11,encodec_1.5k,1.5,WHEREUPON LAKE LAUGHED QUIETLY STILL LOOKING ON THE ACE OF HEARTS WITH HIS SLY EYES,WHEREUPON LAKE LAUGHED QUIETLY STILL LOOKING ON THE ACE OF HEARTS WITH HIS SLY EYES,0.0,154.93394470214844,0.33549660444259644,0.18295854330062866,0.07808935642242432
231,1284,1180,19,wav,,YOU MUST KNOW SAID MARGOLOTTE WHEN THEY WERE ALL SEATED TOGETHER ON THE BROAD WINDOW SEAT THAT MY HUSBAND FOOLISHLY GAVE AWAY ALL THE POWDER OF LIFE HE FIRST MADE TO OLD MOMBI THE WITCH WHO USED TO LIVE IN THE COUNTRY OF THE GILLIKINS TO THE NORTH OF HERE,YOU MUST KNOW SAID MARGOLOT WHEN THEY WERE ALL SEATED TOGETHER ON THE BROAD WINDOW SEAT THAT MY HUSBAND FOOLISHLY GAVE AWAY ALL THE POWDER OF LIFE HE FIRST MADE TO OLD MOMBY THE WITCH WHO USED TO LIVE IN THE COUNTRY OF THE GILIKINS TO THE NORTH OF HERE,0.06,0.0,0.0,0.0,0.0
231,1284,1180,19,resample_control,,YOU MUST KNOW SAID MARGOLOTTE WHEN THEY WERE ALL SEATED TOGETHER ON THE BROAD WINDOW SEAT THAT MY HUSBAND FOOLISHLY GAVE AWAY ALL THE POWDER OF LIFE HE FIRST MADE TO OLD MOMBI THE WITCH WHO USED TO LIVE IN THE COUNTRY OF THE GILLIKINS TO THE NORTH OF HERE,YOU MUST KNOW SAID MARGOLLOT WHEN THEY WERE ALL SEATED TOGETHER ON THE BROAD WINDOW SEAT THAT MY HUSBAND FOOLISHLY GAVE AWAY ALL THE POWDER OF LIFE HE FIRST MADE TO OLD MAMBY THE WITCH WHO USED TO LIVE IN THE COUNTRY OF THE GILIKINS TO THE NORTH OF HERE,0.06,4.721865653991699,0.002112746238708496,0.0009573698043823242,0.00031435489654541016
231,1284,1180,19,encodec_24k,24.0,YOU MUST KNOW SAID MARGOLOTTE WHEN THEY WERE ALL SEATED TOGETHER ON THE BROAD WINDOW SEAT THAT MY HUSBAND FOOLISHLY GAVE AWAY ALL THE POWDER OF LIFE HE FIRST MADE TO OLD MOMBI THE WITCH WHO USED TO LIVE IN THE COUNTRY OF THE GILLIKINS TO THE NORTH OF HERE,YOU MUST KNOW SAID MARGOLLOT WHEN THEY WERE ALL SEATED TOGETHER ON THE BROAD WINDOW SEAT THAT MY HUSBAND FOOLISHLY GAVE AWAY ALL THE POWDER OF LIFE HE FIRST MADE TO OLD MAMBY THE WITCH WHO USED TO LIVE IN THE COUNTRY OF THE GILIKANS TO THE NORTH OF HERE,0.06,107.64366912841797,0.09730863571166992,0.04224276542663574,0.017193734645843506
231,1284,1180,19,encodec_6k,6.0,YOU MUST KNOW SAID MARGOLOTTE WHEN THEY WERE ALL SEATED TOGETHER ON THE BROAD WINDOW SEAT THAT MY HUSBAND FOOLISHLY GAVE AWAY ALL THE POWDER OF LIFE HE FIRST MADE TO OLD MOMBI THE WITCH WHO USED TO LIVE IN THE COUNTRY OF THE GILLIKINS TO THE NORTH OF HERE,YOU MUST KNOW SAID MARGOLOT WHEN THEY WERE ALL SEATED TOGETHER ON THE BROAD WINDOW SEAT THAT MY HUSBAND FOOLISHLY GAVE AWAY ALL THE POWDER OF LIFE HE FIRST MADE TO OLD MOMBY THE WITCH WHO USED TO LIVE IN THE COUNTRY OF THE GILOKUINS TO THE NORTH OF HERE,0.06,116.0732650756836,0.15665912628173828,0.06925851106643677,0.024900376796722412
231,1284,1180,19,encodec_1.5k,1.5,YOU MUST KNOW SAID MARGOLOTTE WHEN THEY WERE ALL SEATED TOGETHER ON THE BROAD WINDOW SEAT THAT MY HUSBAND FOOLISHLY GAVE AWAY ALL THE POWDER OF LIFE HE FIRST MADE TO OLD MOMBI THE WITCH WHO USED TO LIVE IN THE COUNTRY OF THE GILLIKINS TO THE NORTH OF HERE,YOU MUST KNOW SAID MARGALOT WHEN THEY WERE ALL SEATED TOGETHER ON THE BROAD WINDOW SEAT THAT MY HUSBAND FOOLISHLY GAVE AWAY ALL THE POWDER OF LIFE HE FIRST MADE TO OLD MOMBY THE WITCH WHO USED TO LIVE IN THE COUNTRY OF THE GILIKINS TO THE NOITH OF YEU,0.1,137.55642700195312,0.31631410121917725,0.18134242296218872,0.09620922803878784
289,1320,122612,14,wav,,THE EXAMINATION HOWEVER RESULTED IN NO DISCOVERY,THE EXAMINATION HOWEVER RESULTED IN NO DISCOVERY,0.0,0.0,0.0,0.0,0.0
289,1320,122612,14,resample_control,,THE EXAMINATION HOWEVER RESULTED IN NO DISCOVERY,THE EXAMINATION HOWEVER RESULTED IN NO DISCOVERY,0.0,4.977412223815918,0.0024160146713256836,0.002856612205505371,0.0010412335395812988
289,1320,122612,14,encodec_24k,24.0,THE EXAMINATION HOWEVER RESULTED IN NO DISCOVERY,THE EXAMINATION HOWEVER RESULTED IN NO DISCOVERY,0.0,111.14933013916016,0.11462634801864624,0.042848944664001465,0.004408895969390869
289,1320,122612,14,encodec_6k,6.0,THE EXAMINATION HOWEVER RESULTED IN NO DISCOVERY,THE EXAMINATION HOWEVER RESULTED IN NO DISCOVERY,0.0,120.27489471435547,0.18158769607543945,0.0718042254447937,0.0103987455368042
289,1320,122612,14,encodec_1.5k,1.5,THE EXAMINATION HOWEVER RESULTED IN NO DISCOVERY,THE EXAMINATION HOWEVER RESULTED IN NO DISCOVERY,0.0,137.02516174316406,0.3474354147911072,0.18566137552261353,0.05131232738494873
2463,8463,294828,1,wav,,THREE SECONDS BEFORE THE ARRIVAL OF J B HOBSON'S LETTER I NO MORE DREAMED OF CHASING THE UNICORN THAN OF TRYING FOR THE NORTHWEST PASSAGE,THREE SECONDS BEFORE THE ARRIVAL OF J B HOBSON'S LETTER I KNOW MORE DREAMED OF CHASING THE UNICORN THAN OF TRYING FOR THE NORTHWEST PASSAGE,0.04,0.0,0.0,0.0,0.0
2463,8463,294828,1,resample_control,,THREE SECONDS BEFORE THE ARRIVAL OF J B HOBSON'S LETTER I NO MORE DREAMED OF CHASING THE UNICORN THAN OF TRYING FOR THE NORTHWEST PASSAGE,THREE SECONDS BEFORE THE ARRIVAL OF J B HOBSON'S LETTER I KNOW MORE DREAMED OF CHASING THE UNICORN THAN OF TRYING FOR THE NORTHWEST PASSAGE,0.04,4.986082553863525,0.0006794333457946777,0.0003005862236022949,0.00018483400344848633
2463,8463,294828,1,encodec_24k,24.0,THREE SECONDS BEFORE THE ARRIVAL OF J B HOBSON'S LETTER I NO MORE DREAMED OF CHASING THE UNICORN THAN OF TRYING FOR THE NORTHWEST PASSAGE,THREE SECONDS BEFORE THE ARRIVAL OF J B HOBSON'S LETTER I KNOW MORE DREAMED OF CHASING THE UNICORN THAN OF TRYING FOR THE NORTHWEST PASSAGE,0.04,76.37886047363281,0.09176909923553467,0.04516029357910156,0.014331161975860596
2463,8463,294828,1,encodec_6k,6.0,THREE SECONDS BEFORE THE ARRIVAL OF J B HOBSON'S LETTER I NO MORE DREAMED OF CHASING THE UNICORN THAN OF TRYING FOR THE NORTHWEST PASSAGE,THREE SECONDS BEFORE THE ARRIVAL OF J B HOBSON'S LETTER I NOW MORE DREAMED OF CHASING THE UNICORN THAN OF TRYING FOR THE NORTHWEST PASSAGE,0.04,84.37217712402344,0.1650409698486328,0.07575565576553345,0.02288919687271118
2463,8463,294828,1,encodec_1.5k,1.5,THREE SECONDS BEFORE THE ARRIVAL OF J B HOBSON'S LETTER I NO MORE DREAMED OF CHASING THE UNICORN THAN OF TRYING FOR THE NORTHWEST PASSAGE,THREE SECONDS BEFORE THE ARRIVAL OF J B HOBSON'S LETTER I KNOW MORE DREAMED OF CHASING THE UNICOINE TAN OF TRYING FOR THE NORTHWEST PASSAGE,0.12,104.20764923095703,0.32320070266723633,0.2213379144668579,0.11055469512939453
1310,4970,29095,5,wav,,THY WAYS GREATLY TRY ME RUTH AND ALL THY RELATIONS,THY WAYS GREATLY TRY ME RUTH AND ALL THY RELATIONS,0.0,0.0,0.0,0.0,0.0
1310,4970,29095,5,resample_control,,THY WAYS GREATLY TRY ME RUTH AND ALL THY RELATIONS,THY WAYS GREATLY TRY ME RUTH AND ALL THY RELATIONS,0.0,4.606359481811523,0.0024830102920532227,0.0018118619918823242,0.00047028064727783203
1310,4970,29095,5,encodec_24k,24.0,THY WAYS GREATLY TRY ME RUTH AND ALL THY RELATIONS,THY WAYS GREATLY TRY ME RUTH AND ALL THY RELATIONS,0.0,127.6117935180664,0.15408337116241455,0.07949692010879517,0.03971290588378906
1310,4970,29095,5,encodec_6k,6.0,THY WAYS GREATLY TRY ME RUTH AND ALL THY RELATIONS,THY WAYS GREATLY TRY ME RUTH AND ALL THY RELATIONS,0.0,134.43148803710938,0.20622628927230835,0.10571849346160889,0.03454321622848511
1310,4970,29095,5,encodec_1.5k,1.5,THY WAYS GREATLY TRY ME RUTH AND ALL THY RELATIONS,FY WAYS GREATLY TRY ME ROM AND ALL DHY RELATIONS,0.3,148.8749542236328,0.35392290353775024,0.24243563413619995,0.18169504404067993
1480,5142,33396,18,wav,,MY DRAGON'S BELLY IS NEVER FULL AND ON BOARD WENT THE GOLD,MY DRAGON'S BELLY IS NEVER FULL AND ON BOARD WENT THE GOLD,0.0,0.0,0.0,0.0,0.0
1480,5142,33396,18,resample_control,,MY DRAGON'S BELLY IS NEVER FULL AND ON BOARD WENT THE GOLD,MY DRAGON'S BELLY IS NEVER FULL AND ON BOARD WENT THE GOLD,0.0,5.0238728523254395,0.004013776779174805,0.011595427989959717,0.00322037935256958
1480,5142,33396,18,encodec_24k,24.0,MY DRAGON'S BELLY IS NEVER FULL AND ON BOARD WENT THE GOLD,MY DRAGON'S BELLY IS NEVER FULL AND ON BOARD WENT THE GOLD,0.0,154.3939971923828,0.16473126411437988,0.107047438621521,0.02537935972213745
1480,5142,33396,18,encodec_6k,6.0,MY DRAGON'S BELLY IS NEVER FULL AND ON BOARD WENT THE GOLD,A DRAGON'S BELLY IS NEVER FULL AND ON BOARD WENT THE GOLD,0.08333333333333333,172.08480834960938,0.22803932428359985,0.10884809494018555,0.033742547035217285
1480,5142,33396,18,encodec_1.5k,1.5,MY DRAGON'S BELLY IS NEVER FULL AND ON BOARD WENT THE GOLD,MY DRAGON'S BELLY IS NEVER FULL AND ON BOARD WINTH THE GOLD,0.08333333333333333,195.9824676513672,0.3837624192237854,0.1831045150756836,0.07120639085769653
1262,4507,16021,41,wav,,IT IS UNINTELLIGIBLE IN THE DARK,IT IS UNINTELLIGIBLE IN THE DARK,0.0,0.0,0.0,0.0,0.0
1262,4507,16021,41,resample_control,,IT IS UNINTELLIGIBLE IN THE DARK,IT IS UNINTELLIGIBLE IN THE DARK,0.0,4.595388412475586,0.006226539611816406,0.004655599594116211,0.0004919767379760742
1262,4507,16021,41,encodec_24k,24.0,IT IS UNINTELLIGIBLE IN THE DARK,IT IS UNINTELLIGIBLE IN THE DARK,0.0,126.84305572509766,0.14710956811904907,0.11491411924362183,0.0213354229927063
1262,4507,16021,41,encodec_6k,6.0,IT IS UNINTELLIGIBLE IN THE DARK,IT IS UNINTELLIGIBLE IN THE DARK,0.0,142.55076599121094,0.20393437147140503,0.1394067406654358,0.019831359386444092
1262,4507,16021,41,encodec_1.5k,1.5,IT IS UNINTELLIGIBLE IN THE DARK,IT WAS UNINTELLIGIBLE IN THE DIRK,0.3333333333333333,163.94776916503906,0.33949124813079834,0.2907034754753113,0.09291738271713257
1584,5639,40744,20,wav,,THUS DID THIS HUMANE AND RIGHT MINDED FATHER COMFORT HIS UNHAPPY DAUGHTER AND HER MOTHER EMBRACING HER AGAIN DID ALL SHE COULD TO SOOTHE HER FEELINGS,THUS DID THE HUMANE AND RIGHT MINDED FATHER COMFORT HIS UNHAPPY DAUGHTER AND HER MOTHER EMBRACING HER AGAIN DID ALL SHE COULD TO SOOTHE HE FEELINGS,0.07692307692307693,0.0,0.0,0.0,0.0
1584,5639,40744,20,resample_control,,THUS DID THIS HUMANE AND RIGHT MINDED FATHER COMFORT HIS UNHAPPY DAUGHTER AND HER MOTHER EMBRACING HER AGAIN DID ALL SHE COULD TO SOOTHE HER FEELINGS,THUS DID THE HUMANE AND RIGHT MINDED FATHER COMFORT HIS UNHAPPY DAUGHTER AND HER MOTHER EMBRACING HER AGAIN DID ALL SHE COULD TO SOOTHE HE FEELINGS,0.07692307692307693,4.9780120849609375,0.0017547011375427246,0.0009644627571105957,0.0010311603546142578
1584,5639,40744,20,encodec_24k,24.0,THUS DID THIS HUMANE AND RIGHT MINDED FATHER COMFORT HIS UNHAPPY DAUGHTER AND HER MOTHER EMBRACING HER AGAIN DID ALL SHE COULD TO SOOTHE HER FEELINGS,THUS DID THE HUMANE AND RIGHT MINDED FATHER COMFORT HIS UNHAPPY DAUGHTER AND HER MOTHER EMBRACING HER AGAIN DID ALL SHE COULD TO SOOTHE E FEELINGS,0.07692307692307693,355.5119934082031,0.15414279699325562,0.09361940622329712,0.017318546772003174
1584,5639,40744,20,encodec_6k,6.0,THUS DID THIS HUMANE AND RIGHT MINDED FATHER COMFORT HIS UNHAPPY DAUGHTER AND HER MOTHER EMBRACING HER AGAIN DID ALL SHE COULD TO SOOTHE HER FEELINGS,THUS DID THE HUMANE AND RIGHT MINDED FATHER COMFORT HIS UNHAPPY DAUGHTER AND HER MOTHER EMBRACING HER AGAIN DID ALL SHE COULD TO SOOTHE HE FEELINGS,0.07692307692307693,367.9484558105469,0.2101619839668274,0.10744708776473999,0.024550914764404297
1584,5639,40744,20,encodec_1.5k,1.5,THUS DID THIS HUMANE AND RIGHT MINDED FATHER COMFORT HIS UNHAPPY DAUGHTER AND HER MOTHER EMBRACING HER AGAIN DID ALL SHE COULD TO SOOTHE HER FEELINGS,THUS DID THE HUMANE AND RIGHT MINE THAT FATHER COMFORT HIS UNHAPPY DAUGHTER AND HER MOTHER EMBRACING HER AGAIN DID ALL SHE COULD TO SOOTHE THE FEELINGS,0.15384615384615385,395.8008117675781,0.35464608669281006,0.24007010459899902,0.13020217418670654
571,2094,142345,60,wav,,OH I'VE NO DOUBT IT'S IN CAPITAL ORDER,OH I'VE NO DOUBT IT'S IN CAPITAL ORDER,0.0,0.0,0.0,0.0,0.0
571,2094,142345,60,resample_control,,OH I'VE NO DOUBT IT'S IN CAPITAL ORDER,OH I'VE NO DOUBT IT'S IN CAPITAL ORDER,0.0,5.0660247802734375,0.004704892635345459,0.005315124988555908,0.0006783008575439453
571,2094,142345,60,encodec_24k,24.0,OH I'VE NO DOUBT IT'S IN CAPITAL ORDER,OH I'VE NO DOUBT IT'S IN CAPITAL ORDER,0.0,93.20636749267578,0.12210822105407715,0.06738650798797607,0.009166240692138672
571,2094,142345,60,encodec_6k,6.0,OH I'VE NO DOUBT IT'S IN CAPITAL ORDER,OH I'VE NO DOUBT IT'S IN CAPITAL ORDER,0.0,116.20124816894531,0.1973271369934082,0.09989386796951294,0.027708828449249268
571,2094,142345,60,encodec_1.5k,1.5,OH I'VE NO DOUBT IT'S IN CAPITAL ORDER,OH I'VE NO DOUBT IT'S IN CAPITAL ORDER,0.0,147.96864318847656,0.3531833291053772,0.22779697179794312,0.11222398281097412
2407,8455,210777,51,wav,,WHAT WORLD WIDE INIQUITY SUCH A SPEECH AS THAT DISCLOSES SAID I STILL TURNING MYSELF TO THE CAPTAIN FOR THOUGH I WOULD HAVE CRUSHED THEM BOTH BY MY WORDS HAD IT BEEN POSSIBLE MY DISLIKE CENTRED ITSELF ON SIR FERDINANDO,WHAT WORLD WIDE INIQUITY SUCH A SPEECH AS THAT DISCLOSES SAID I STILL TURNING MYSELF TO THE CAPTAIN FOR THOUGH I WOULD HAVE CRUSHED THEM BOTH BY MY WORDS HAD IT BEEN POSSIBLE MY DISLIKE SENTRED ITSELF ON SIR FERDINANDO,0.025,0.0,0.0,0.0,0.0
2407,8455,210777,51,resample_control,,WHAT WORLD WIDE INIQUITY SUCH A SPEECH AS THAT DISCLOSES SAID I STILL TURNING MYSELF TO THE CAPTAIN FOR THOUGH I WOULD HAVE CRUSHED THEM BOTH BY MY WORDS HAD IT BEEN POSSIBLE MY DISLIKE CENTRED ITSELF ON SIR FERDINANDO,WHAT WORLD WIDE INIQUITY SUCH A SPEECH AS THAT DISCLOSES SAID I STILL TURNING MYSELF TO THE CAPTAIN FOR THOUGH I WOULD HAVE CRUSHED THEM BOTH BY MY WORDS HAD IT BEEN POSSIBLE MY DISLIKE SENTRED ITSELF ON SIR FERDINANDO,0.025,4.684647560119629,0.0024225711822509766,0.0016047954559326172,0.00047832727432250977
2407,8455,210777,51,encodec_24k,24.0,WHAT WORLD WIDE INIQUITY SUCH A SPEECH AS THAT DISCLOSES SAID I STILL TURNING MYSELF TO THE CAPTAIN FOR THOUGH I WOULD HAVE CRUSHED THEM BOTH BY MY WORDS HAD IT BEEN POSSIBLE MY DISLIKE CENTRED ITSELF ON SIR FERDINANDO,WHAT WORLD WIDE INIQUITY SUCH A SPEECH AS THAT DISCLOSES SAID I STILL TURNING MYSELF TO THE CAPTAIN FOR THOUGH I WOULD HAVE CRUSHED THEM BOTH BY MY WORDS HAD IT BEEN POSSIBLE MY DISLIKE CENTRED ITSELF ON SIR FERDINANDO,0.0,94.89058685302734,0.09132146835327148,0.042677998542785645,0.01129227876663208
2407,8455,210777,51,encodec_6k,6.0,WHAT WORLD WIDE INIQUITY SUCH A SPEECH AS THAT DISCLOSES SAID I STILL TURNING MYSELF TO THE CAPTAIN FOR THOUGH I WOULD HAVE CRUSHED THEM BOTH BY MY WORDS HAD IT BEEN POSSIBLE MY DISLIKE CENTRED ITSELF ON SIR FERDINANDO,WHAT WORLD WIDE INIQUITY SUCH A SPEECH AS THAT DISCLOSES SAID I STILL TURNING MYSELF TO THE CAPTAIN FOR THOUGH I WOULD HAVE CRUSHED THEM BOTH BY MY WORDS HAD IT BEEN POSSIBLE MY DISLIKE SENTRED ITSELF ON SIR FERDINANDO,0.025,107.58822631835938,0.15561842918395996,0.06551092863082886,0.020784199237823486
2407,8455,210777,51,encodec_1.5k,1.5,WHAT WORLD WIDE INIQUITY SUCH A SPEECH AS THAT DISCLOSES SAID I STILL TURNING MYSELF TO THE CAPTAIN FOR THOUGH I WOULD HAVE CRUSHED THEM BOTH BY MY WORDS HAD IT BEEN POSSIBLE MY DISLIKE CENTRED ITSELF ON SIR FERDINANDO,WHAT WORLD WIDE INIQUITY SUCH A SPEECH AS THAT DISCLOSIVE SAID I STILL TURNING MYSELF TO THE CAPTAIN FOR THOUGH I WOULD HAVE CRUSHED THEM BOTH BY MY WORDS HAD IT BEEN POSSIBLE MY DISLIKE SENDOF ITSELF ON SIR FERDMANDA,0.075,116.44647216796875,0.31469470262527466,0.1732608675956726,0.08876544237136841
817,2830,3980,20,wav,,THIS IS NO SINFUL PRIDE IT IS HOLY PRIDE,THIS IS NO SINFUL PRIDE IT IS HOLY PRIDE,0.0,0.0,0.0,0.0,0.0
817,2830,3980,20,resample_control,,THIS IS NO SINFUL PRIDE IT IS HOLY PRIDE,THIS IS NO SINFUL PRIDE IT IS HOLY PRIDE,0.0,5.5119452476501465,0.004744768142700195,0.00561213493347168,0.00044590234756469727
817,2830,3980,20,encodec_24k,24.0,THIS IS NO SINFUL PRIDE IT IS HOLY PRIDE,THIS IS NO SINFUL PRIDE IT IS HOLY PRIDE,0.0,95.53915405273438,0.12031340599060059,0.06548142433166504,0.004181981086730957
817,2830,3980,20,encodec_6k,6.0,THIS IS NO SINFUL PRIDE IT IS HOLY PRIDE,THIS IS NO SINFUL PRIDE IT IS HOLY PRIDE,0.0,115.056884765625,0.18299901485443115,0.10644125938415527,0.01558297872543335
817,2830,3980,20,encodec_1.5k,1.5,THIS IS NO SINFUL PRIDE IT IS HOLY PRIDE,THIS IS NO SINFUL PRIDE IT IS HOLY PRIME,0.1111111111111111,105.06298828125,0.33341413736343384,0.2367568016052246,0.11708509922027588
1014,3575,170457,44,wav,,AFTER THIS DISAPPOINTMENT I NEVER DARE RECKON WITH CERTAINTY ON THE ENJOYMENT OF A PLEASURE AGAIN IT SEEMS AS IF SOME FATALITY STOOD BETWEEN YOU AND ME,AFTER THIS DISAPPOINTMENT I NEVER DARE RECKON WITH CERTAINTY ON THE ENJOYMENT OF A PLEASURE AGAIN IT SEEMS AS IF SOME FATALITY STOOD BETWEEN YOU AND ME,0.0,0.0,0.0,0.0,0.0
1014,3575,170457,44,resample_control,,AFTER THIS DISAPPOINTMENT I NEVER DARE RECKON WITH CERTAINTY ON THE ENJOYMENT OF A PLEASURE AGAIN IT SEEMS AS IF SOME FATALITY STOOD BETWEEN YOU AND ME,AFTER THIS DISAPPOINTMENT I NEVER DARE RECKON WITH CERTAINTY ON THE ENJOYMENT OF A PLEASURE AGAIN IT SEEMS AS IF SOME FATALITY STOOD BETWEEN YOU AND ME,0.0,4.668068885803223,0.002575218677520752,0.0027391910552978516,0.0004801154136657715
1014,3575,170457,44,encodec_24k,24.0,AFTER THIS DISAPPOINTMENT I NEVER DARE RECKON WITH CERTAINTY ON THE ENJOYMENT OF A PLEASURE AGAIN IT SEEMS AS IF SOME FATALITY STOOD BETWEEN YOU AND ME,AFTER THIS DISAPPOINTMENT I NEVER DARE RECKON WITH CERTAINTY ON THE ENJOYMENT OF A PLEASURE AGAIN IT SEEMS AS IF SOME FATALITY STOOD BETWEEN YOU AND ME,0.0,107.81896209716797,0.12867087125778198,0.07441604137420654,0.019821584224700928
1014,3575,170457,44,encodec_6k,6.0,AFTER THIS DISAPPOINTMENT I NEVER DARE RECKON WITH CERTAINTY ON THE ENJOYMENT OF A PLEASURE AGAIN IT SEEMS AS IF SOME FATALITY STOOD BETWEEN YOU AND ME,AFTER THIS DISAPPOINTMENT I NEVER DARE RECKON WITH CERTAINTY ON THE ENJOYMENT OF A PLEASURE AGAIN IT SEEMS AS IF SOME FATALITY STOOD BETWEEN YOU AND ME,0.0,120.00105285644531,0.1936817169189453,0.11870652437210083,0.03269672393798828
1014,3575,170457,44,encodec_1.5k,1.5,AFTER THIS DISAPPOINTMENT I NEVER DARE RECKON WITH CERTAINTY ON THE ENJOYMENT OF A PLEASURE AGAIN IT SEEMS AS IF SOME FATALITY STOOD BETWEEN YOU AND ME,AFTER THIS DISAPPOINTMENT I NEVER DARE RECKON WITH CERTAINTY ON THE ENJOYMENT OF A PLEASURE AGAIN IT SEEMS AS IF SOME FATALITY STOOD BETWEEN YOU AND ME,0.0,129.82444763183594,0.34382927417755127,0.22970163822174072,0.07390916347503662
897,2961,961,0,wav,,SOCRATES BEGINS THE TIMAEUS WITH A SUMMARY OF THE REPUBLIC,SOCRATES BEGINS THO TIMERS WITH A SUMMARY OF THE REPUBLIC,0.2,0.0,0.0,0.0,0.0
897,2961,961,0,resample_control,,SOCRATES BEGINS THE TIMAEUS WITH A SUMMARY OF THE REPUBLIC,SOCRATES BEGINS TO TIMAERS WITH A SUMMARY OF THE REPUBLIC,0.2,4.607308864593506,0.0036925673484802246,0.004305660724639893,0.0011756420135498047
897,2961,961,0,encodec_24k,24.0,SOCRATES BEGINS THE TIMAEUS WITH A SUMMARY OF THE REPUBLIC,SOCRATES BEGINS THE TIMERS WITH A SUMMARY OF THE REPUBLIC,0.1,145.70843505859375,0.1823652982711792,0.10826778411865234,0.02126401662826538
897,2961,961,0,encodec_6k,6.0,SOCRATES BEGINS THE TIMAEUS WITH A SUMMARY OF THE REPUBLIC,SOCRATES BEGINS THE TIMERS WITH THE SUMMARY OF THE REPUBLIC,0.2,168.04281616210938,0.24828290939331055,0.13155370950698853,0.042025983333587646
897,2961,961,0,encodec_1.5k,1.5,SOCRATES BEGINS THE TIMAEUS WITH A SUMMARY OF THE REPUBLIC,SOR ATEAST BEGINS TO TERS WITH THE SULARY OF THE REPUBLIC,0.6,189.4832763671875,0.3828084468841553,0.2782214879989624,0.17961812019348145
476,1995,1836,10,wav,,THE VANDERPOOLS WERE SURE OF THIS AND THE ENGLISHMAN INSTANCING INDIA BECAME QUITE ELOQUENT MISSUS GREY WAS MYSTIFIED BUT HARDLY DARED ADMIT IT THE GENERAL TREND OF THE CONVERSATION SEEMED TO BE THAT MOST INDIVIDUALS NEEDED TO BE SUBMITTED TO THE SHARPEST SCRUTINY BEFORE BEING ALLOWED MUCH EDUCATION AND AS FOR THE LOWER RACES IT WAS SIMPLY CRIMINAL TO OPEN SUCH USELESS OPPORTUNITIES TO THEM,THE VANDERPOOLS WERE SURE OF THIS AND THE ENGLISHMAN INSTANCING INDIA BECAME QUITE ELOQUENT MISSUS GRAY WAS MYSTIFIED BUT HARDLY DARED ADMIT IT THE GENERAL TREND OF THE CONVERSATION SEEMED TO BE THAT MOST INDIVIDUALS NEEDED TO BE SUBMITTED TO THE SHARPEST SCRUTINY BEFORE BEING ALLOWED MUCH EDUCATION AND AS FOR THE LOWER RACES IT WAS SIMPLY CRIMINAL TO OPEN SUCH USELESS OPPORTUNITIES TO THEM,0.015384615384615385,0.0,0.0,0.0,0.0
476,1995,1836,10,resample_control,,THE VANDERPOOLS WERE SURE OF THIS AND THE ENGLISHMAN INSTANCING INDIA BECAME QUITE ELOQUENT MISSUS GREY WAS MYSTIFIED BUT HARDLY DARED ADMIT IT THE GENERAL TREND OF THE CONVERSATION SEEMED TO BE THAT MOST INDIVIDUALS NEEDED TO BE SUBMITTED TO THE SHARPEST SCRUTINY BEFORE BEING ALLOWED MUCH EDUCATION AND AS FOR THE LOWER RACES IT WAS SIMPLY CRIMINAL TO OPEN SUCH USELESS OPPORTUNITIES TO THEM,THE VANDERPOOLS WERE SURE OF THIS AND THE ENGLISHMAN INSTANCING INDIA BECAME QUITE ELOQUENT MISSUS GRAY WAS MYSTIFIED BUT HARDLY DARED ADMIT IT THE GENERAL TREND OF THE CONVERSATION SEEMED TO BE THAT MOST INDIVIDUALS NEEDED TO BE SUBMITTED TO THE SHARPEST SCRUTINY BEFORE BEING ALLOWED MUCH EDUCATION AND AS FOR THE LOWER RACES IT WAS SIMPLY CRIMINAL TO OPEN SUCH USELESS OPPORTUNITIES TO THEM,0.015384615384615385,4.628996849060059,0.0023587942123413086,0.0008561015129089355,0.000765681266784668
476,1995,1836,10,encodec_24k,24.0,THE VANDERPOOLS WERE SURE OF THIS AND THE ENGLISHMAN INSTANCING INDIA BECAME QUITE ELOQUENT MISSUS GREY WAS MYSTIFIED BUT HARDLY DARED ADMIT IT THE GENERAL TREND OF THE CONVERSATION SEEMED TO BE THAT MOST INDIVIDUALS NEEDED TO BE SUBMITTED TO THE SHARPEST SCRUTINY BEFORE BEING ALLOWED MUCH EDUCATION AND AS FOR THE LOWER RACES IT WAS SIMPLY CRIMINAL TO OPEN SUCH USELESS OPPORTUNITIES TO THEM,THE VANDERPOOLS WERE SURE OF THIS AND THE ENGLISHMAN INSTANCING INDIA BECAME QUITE ELOQUENT MISSUS GRAY WAS MYSTIFIED BUT HARDLY DARED ADMIT IT THE GENERAL TREND OF THE CONVERSATION SEEMED TO BE THAT MOST INDIVIDUALS NEEDED TO BE SUBMITTED TO THE SHARPEST SCRUTINY BEFORE BEING ALLOWED MUCH EDUCATION AND AS FOR THE LOWER RACES IT WAS SIMPLY CRIMINAL TO OPEN SUCH USELESS OPPORTUNITIES TO THEM,0.015384615384615385,116.6121826171875,0.10881918668746948,0.058130621910095215,0.019719421863555908
476,1995,1836,10,encodec_6k,6.0,THE VANDERPOOLS WERE SURE OF THIS AND THE ENGLISHMAN INSTANCING INDIA BECAME QUITE ELOQUENT MISSUS GREY WAS MYSTIFIED BUT HARDLY DARED ADMIT IT THE GENERAL TREND OF THE CONVERSATION SEEMED TO BE THAT MOST INDIVIDUALS NEEDED TO BE SUBMITTED TO THE SHARPEST SCRUTINY BEFORE BEING ALLOWED MUCH EDUCATION AND AS FOR THE LOWER RACES IT WAS SIMPLY CRIMINAL TO OPEN SUCH USELESS OPPORTUNITIES TO THEM,THE BANDERPOOLS WERE SURE OF THIS AND THE ENGLISHMAN INSTANCING INDIA BECAME QUITE ELOQUENT MISSUS GRAY WAS MYSTIFIED BUT HARDLY DARED ADMIT IT THE GENERAL TREND OF THE CONVERSATION SEEMED TO BE THAT MOST INDIVIDUALS NEEDED TO BE SUBMITTED TO THE SHARPEST SCRUTINY BEFORE BEING ALLOWED MUCH EDUCATION AND AS FOR THE LOWER RACES IT WAS SIMPLY CRIMINAL TO OPEN SUCH USELESS OPPORTUNITIES TO THEM,0.03076923076923077,128.6082763671875,0.164897620677948,0.07318443059921265,0.028378725051879883
476,1995,1836,10,encodec_1.5k,1.5,THE VANDERPOOLS WERE SURE OF THIS AND THE ENGLISHMAN INSTANCING INDIA BECAME QUITE ELOQUENT MISSUS GREY WAS MYSTIFIED BUT HARDLY DARED ADMIT IT THE GENERAL TREND OF THE CONVERSATION SEEMED TO BE THAT MOST INDIVIDUALS NEEDED TO BE SUBMITTED TO THE SHARPEST SCRUTINY BEFORE BEING ALLOWED MUCH EDUCATION AND AS FOR THE LOWER RACES IT WAS SIMPLY CRIMINAL TO OPEN SUCH USELESS OPPORTUNITIES TO THEM,THE BANDERPOOLS WERE SURE OF THIS AND THE ENGLISHMAN INSTANCEING INDIA BECAME QUITE ELOQUENT MISSUS GREGG WAS MYSTIFIED BOUT HARDLY DARED ADMITTED THE GENERAL TREND OF THE CONVERSATION SEEMED TO BE THAT MOST INDIVIDUALS NEEDED TO BE SUBMITTED TO THE SHARPERS SCRUTINY BEFORE BEING ALLOWED MUCH EDUCATION AND AS FOR THE LOWER RACES THER WAS SIMPLY CRIMINAL TO OPEN SUCH USELESS OPPORTUNITIES TO THEM,0.12307692307692308,149.152099609375,0.3209070563316345,0.1789337396621704,0.0979962944984436
2192,7176,92135,5,wav,,BUT SUPPOSE YOU SAID I'M FOND OF WRITING MY PEOPLE ALWAYS SAY MY LETTERS HOME ARE GOOD ENOUGH FOR PUNCH,BUT SUPPOSE YOU SAID I'M FOND OF WRITING MY PEOPLE ALWAYS SAY MY LETTERS HOME ARE GOOD ENOUGH FOR PUNCH,0.0,0.0,0.0,0.0,0.0
2192,7176,92135,5,resample_control,,BUT SUPPOSE YOU SAID I'M FOND OF WRITING MY PEOPLE ALWAYS SAY MY LETTERS HOME ARE GOOD ENOUGH FOR PUNCH,BUT SUPPOSE YOU SAID I'M FOND OF WRITING MY PEOPLE ALWAYS SAY MY LETTERS HOME ARE GOOD ENOUGH FOR PUNCH,0.0,4.8210835456848145,0.0021456480026245117,0.0026247501373291016,0.00017571449279785156
2192,7176,92135,5,encodec_24k,24.0,BUT SUPPOSE YOU SAID I'M FOND OF WRITING MY PEOPLE ALWAYS SAY MY LETTERS HOME ARE GOOD ENOUGH FOR PUNCH,BUT SUPPOSE YOU SAID IAM FOND OF WRITING MY PEOPLE ALWAYS SAY MY LETTERS HOME ARE GOOD ENOUGH FOR PUNCH,0.05,93.04203796386719,0.10097187757492065,0.048439204692840576,0.007346689701080322
2192,7176,92135,5,encodec_6k,6.0,BUT SUPPOSE YOU SAID I'M FOND OF WRITING MY PEOPLE ALWAYS SAY MY LETTERS HOME ARE GOOD ENOUGH FOR PUNCH,BUT SUPPOSE YOU SAID I AM FOND OF WRITING MY PEOPLE ALWAYS SAY MY LETTERS HOME ARE GOOD ENOUGH FOR PUNCH,0.1,102.47915649414062,0.1639575958251953,0.06806403398513794,0.013316869735717773
2192,7176,92135,5,encodec_1.5k,1.5,BUT SUPPOSE YOU SAID I'M FOND OF WRITING MY PEOPLE ALWAYS SAY MY LETTERS HOME ARE GOOD ENOUGH FOR PUNCH,BUT SUPPOSE YOU SAID I'M FOND OF WRITING MY PEOPLE ALWAYS SAY MY LETTERS HOME ARE GOOD ENOUGH FOR PUNCH,0.0,126.31452178955078,0.33709973096847534,0.18979305028915405,0.06242412328720093
701,237,134500,42,wav,,THEN ALL OUR GOOD TIMES ARE OVER,THAN ALL OUR GOOD TIMES ARE OVER,0.14285714285714285,0.0,0.0,0.0,0.0
701,237,134500,42,resample_control,,THEN ALL OUR GOOD TIMES ARE OVER,THEN ALL OUR GOOD TIMES ARE OVER,0.0,4.685750961303711,0.01279062032699585,0.007229030132293701,0.0020962953567504883
701,237,134500,42,encodec_24k,24.0,THEN ALL OUR GOOD TIMES ARE OVER,THEN ALL OUR GOOD TIMES ARE OVER,0.0,110.079833984375,0.16528981924057007,0.10583537817001343,0.019460558891296387
701,237,134500,42,encodec_6k,6.0,THEN ALL OUR GOOD TIMES ARE OVER,THEN ALL OUR GOOD TIMES ARE OVER,0.0,121.50667572021484,0.21906805038452148,0.14315944910049438,0.04081767797470093
701,237,134500,42,encodec_1.5k,1.5,THEN ALL OUR GOOD TIMES ARE OVER,THEN ALL OUR BUDTIMES ARE OVER,0.2857142857142857,173.6193389892578,0.39137744903564453,0.28842365741729736,0.1516621708869934
312,1320,122617,20,wav,,THE SCOUT WHO HAD LEFT DAVID AT THE DOOR TO ASCERTAIN THEY WERE NOT OBSERVED THOUGHT IT PRUDENT TO PRESERVE HIS DISGUISE UNTIL ASSURED OF THEIR PRIVACY,THE SCOUT WHO HAD LEFT DAVID AT THE DOOR TO ASCERTAIN THEY WERE NOT OBSERVED THOUGHT IT PRUDENT TO PRESERVE HIS DISGUISE UNTIL ASSURED OF THEIR PRIVACY,0.0,0.0,0.0,0.0,0.0
312,1320,122617,20,resample_control,,THE SCOUT WHO HAD LEFT DAVID AT THE DOOR TO ASCERTAIN THEY WERE NOT OBSERVED THOUGHT IT PRUDENT TO PRESERVE HIS DISGUISE UNTIL ASSURED OF THEIR PRIVACY,THE SCOUT WHO HAD LEFT DAVID AT THE DOOR TO ASCERTAIN THEY WERE NOT OBSERVED THOUGHT IT PRUDENT TO PRESERVE HIS DISGUISE UNTIL ASSURED OF THEIR PRIVACY,0.0,5.1451921463012695,0.002454400062561035,0.001237034797668457,0.00044417381286621094
312,1320,122617,20,encodec_24k,24.0,THE SCOUT WHO HAD LEFT DAVID AT THE DOOR TO ASCERTAIN THEY WERE NOT OBSERVED THOUGHT IT PRUDENT TO PRESERVE HIS DISGUISE UNTIL ASSURED OF THEIR PRIVACY,THE SCOUT WHO HAD LEFT DAVID AT THE DOOR TO ASCERTAIN THEY WERE NOT OBSERVED THOUGHT IT PRUDENT TO PRESERVE HIS DISGUISE UNTIL ASSURED OF THEIR PRIVACY,0.0,87.53252410888672,0.10658681392669678,0.04005330801010132,0.007652163505554199
312,1320,122617,20,encodec_6k,6.0,THE SCOUT WHO HAD LEFT DAVID AT THE DOOR TO ASCERTAIN THEY WERE NOT OBSERVED THOUGHT IT PRUDENT TO PRESERVE HIS DISGUISE UNTIL ASSURED OF THEIR PRIVACY,THE SCOUT WHO HAD LEFT DAVID AT THE DOOR TO ASCERTAIN THEY WERE NOT OBSERVED THOUGHT IT PRUDENT TO PRESERVE HIS DISGUISE UNTIL ASSURED OF THEIR PRIVACY,0.0,99.11322784423828,0.1671215295791626,0.061966776847839355,0.01613438129425049
312,1320,122617,20,encodec_1.5k,1.5,THE SCOUT WHO HAD LEFT DAVID AT THE DOOR TO ASCERTAIN THEY WERE NOT OBSERVED THOUGHT IT PRUDENT TO PRESERVE HIS DISGUISE UNTIL ASSURED OF THEIR PRIVACY,THE SCOUT WHO HAD LEFT DAVID AT THE DOOR TO ASCERTAIN WHE WERE NOT OBSERVED THOUGHT IT PRUDENT TO PRESERVE HIS DISGUISE UNTIL ASSURED OF THEIR PRIVACY,0.037037037037037035,115.49935913085938,0.3255159258842468,0.14961332082748413,0.06631916761398315
134,121,127105,0,wav,,IT WAS THIS OBSERVATION THAT DREW FROM DOUGLAS NOT IMMEDIATELY BUT LATER IN THE EVENING A REPLY THAT HAD THE INTERESTING CONSEQUENCE TO WHICH I CALL ATTENTION,IT WAS THIS OBSERVATION THAT DREW FROM DOUGLAS NOT IMMEDIATELY BUT LATER IN THE EVENING A REPLY THAT HAD THE INTERESTING CONSEQUENCE TO WHICH I CALL ATTENTION,0.0,0.0,0.0,0.0,0.0
134,121,127105,0,resample_control,,IT WAS THIS OBSERVATION THAT DREW FROM DOUGLAS NOT IMMEDIATELY BUT LATER IN THE EVENING A REPLY THAT HAD THE INTERESTING CONSEQUENCE TO WHICH I CALL ATTENTION,IT WAS THIS OBSERVATION THAT DREW FROM DOUGLAS NOT IMMEDIATELY BUT LATER IN THE EVENING A REPLY THAT HAD THE INTERESTING CONSEQUENCE TO WHICH I CALL ATTENTION,0.0,4.132699012756348,0.0021924972534179688,0.0005563497543334961,0.00020682811737060547
134,121,127105,0,encodec_24k,24.0,IT WAS THIS OBSERVATION THAT DREW FROM DOUGLAS NOT IMMEDIATELY BUT LATER IN THE EVENING A REPLY THAT HAD THE INTERESTING CONSEQUENCE TO WHICH I CALL ATTENTION,IT WAS THIS OBSERVATION THAT DREW FROM DOUGLAS NOT IMMEDIATELY BUT LATER IN THE EVENING A REPLY THAT HAD THE INTERESTING CONSEQUENCE TO WHICH I CALL ATTENTION,0.0,701.3231811523438,0.16115349531173706,0.10272365808486938,0.010234296321868896
134,121,127105,0,encodec_6k,6.0,IT WAS THIS OBSERVATION THAT DREW FROM DOUGLAS NOT IMMEDIATELY BUT LATER IN THE EVENING A REPLY THAT HAD THE INTERESTING CONSEQUENCE TO WHICH I CALL ATTENTION,IT WAS THIS OBSERVATION THAT DREW FROM DOUGLAS NOT IMMEDIATELY BUT LATER IN THE EVENING A REPLY THAT HAD THE INTERESTING CONSEQUENCE TO WHICH I CALL ATTENTION,0.0,708.8045654296875,0.21895301342010498,0.12285465002059937,0.014091789722442627
134,121,127105,0,encodec_1.5k,1.5,IT WAS THIS OBSERVATION THAT DREW FROM DOUGLAS NOT IMMEDIATELY BUT LATER IN THE EVENING A REPLY THAT HAD THE INTERESTING CONSEQUENCE TO WHICH I CALL ATTENTION,IT WAS THIS OBSERVATION THAT DREW FROM DOUGLAS NOT IMMEDIATELY BUT LATER IN THE EVENING THE REPLY THAT HAD THE INTERESTING CONSEQUENCE TO WHICH I CALL ATTENTION,0.037037037037037035,733.7468872070312,0.3363349437713623,0.20289915800094604,0.047499656677246094
775,260,123440,12,wav,,IT'LL BE NO USE THEIR PUTTING THEIR HEADS DOWN AND SAYING COME UP AGAIN DEAR,IT'LL BE NO USE THEIR PUTTING THEIR HEADS DOWN AND SAYING COME UP AGAIN DEAR,0.0,0.0,0.0,0.0,0.0
775,260,123440,12,resample_control,,IT'LL BE NO USE THEIR PUTTING THEIR HEADS DOWN AND SAYING COME UP AGAIN DEAR,IT'LL BE NO USE THEIR PUTTING THEIR HEADS DOWN AND SAYING COME UP AGAIN DEAR,0.0,4.629118919372559,0.0021969079971313477,0.003065764904022217,0.0005038976669311523
775,260,123440,12,encodec_24k,24.0,IT'LL BE NO USE THEIR PUTTING THEIR HEADS DOWN AND SAYING COME UP AGAIN DEAR,IT'LL BE NO USE THEIR PUTTING THEIR HEADS DOWN AND SAYING COME UP AGAIN DEAR,0.0,119.8204345703125,0.08969694375991821,0.04445558786392212,0.012148439884185791
775,260,123440,12,encodec_6k,6.0,IT'LL BE NO USE THEIR PUTTING THEIR HEADS DOWN AND SAYING COME UP AGAIN DEAR,IT'LL BE NO USE THEIR PUTTING THEIR HEADS DOWN AND SAYING COME UP AGAIN DEAR,0.0,127.75054168701172,0.14169597625732422,0.060255587100982666,0.018707633018493652
775,260,123440,12,encodec_1.5k,1.5,IT'LL BE NO USE THEIR PUTTING THEIR HEADS DOWN AND SAYING COME UP AGAIN DEAR,IT'LL BE NO USE THEIR PUTTING THEIR HEADS DOWN AND SAYING COME UP AGAIN DEAR,0.0,143.38929748535156,0.27996450662612915,0.1831243634223938,0.0958932638168335
2279,7729,102255,46,wav,,IN THE EARLY MORNING OF THE NEXT DAY MAY TWENTY NINTH A COMPANY OF DRAGOONS WITH ONE EMPTY SADDLE CAME DOWN FROM THE FORT AND WHILE THE PRO SLAVERY MEN STILL SLEPT THE PRISONER AND HIS ESCORT WERE ON THEIR WAY ACROSS THE PRAIRIES TO LECOMPTON IN THE CHARGE OF OFFICERS OF THE UNITED STATES ARMY,IN THE EARLY MORNING OF THE NEXT DAY MAY TWENTY NINTH A COMPANY OF DRAGOONS WITH ONE EMPTY SADDLE CAME DOWN FROM THE FORT AND WHILE THE PROSLAVERY MEN STILL SLEPT THE PRISONER AND HIS ESCORT WERE ON THEIR WAY ACROSS THE PRAIRIES TO LECOMPTON IN THE CHARGE OF OFFICERS OF THE UNITED STATES ARMY,0.03571428571428571,0.0,0.0,0.0,0.0
2279,7729,102255,46,resample_control,,IN THE EARLY MORNING OF THE NEXT DAY MAY TWENTY NINTH A COMPANY OF DRAGOONS WITH ONE EMPTY SADDLE CAME DOWN FROM THE FORT AND WHILE THE PRO SLAVERY MEN STILL SLEPT THE PRISONER AND HIS ESCORT WERE ON THEIR WAY ACROSS THE PRAIRIES TO LECOMPTON IN THE CHARGE OF OFFICERS OF THE UNITED STATES ARMY,IN THE EARLY MORNING OF THE NEXT DAY MAY TWENTY NINTH A COMPANY OF DRAGOONS WITH ONE EMPTY SADDLE CAME DOWN FROM THE FORT AND WHILE THE PROSLAVERY MEN STILL SLEPT THE PRISONER AND HIS ESCORT WERE ON THEIR WAY ACROSS THE PRAIRIES TO LECOMPTON IN THE CHARGE OF OFFICERS OF THE UNITED STATES ARMY,0.03571428571428571,4.82854700088501,0.004434406757354736,0.002642810344696045,0.0005629658699035645
2279,7729,102255,46,encodec_24k,24.0,IN THE EARLY MORNING OF THE NEXT DAY MAY TWENTY NINTH A COMPANY OF DRAGOONS WITH ONE EMPTY SADDLE CAME DOWN FROM THE FORT AND WHILE THE PRO SLAVERY MEN STILL SLEPT THE PRISONER AND HIS ESCORT WERE ON THEIR WAY ACROSS THE PRAIRIES TO LECOMPTON IN THE CHARGE OF OFFICERS OF THE UNITED STATES ARMY,IN THE EARLY MORNING OF THE NEXT DAY MAY TWENTY NINTH A COMPANY OF DRAGOONS WITH ONE EMPTY SADDLE CAME DOWN FROM THE FORT AND WHILE THE PROSLAVERY MEN STILL SLEPT THE PRISONER AND HIS ESCORT WERE ON THEIR WAY ACROSS THE PRAIRIES TO LECOMPTON IN THE CHARGE OF OFFICERS OF THE UNITED STATES ARMY,0.03571428571428571,172.02882385253906,0.13638824224472046,0.07868713140487671,0.014766812324523926
2279,7729,102255,46,encodec_6k,6.0,IN THE EARLY MORNING OF THE NEXT DAY MAY TWENTY NINTH A COMPANY OF DRAGOONS WITH ONE EMPTY SADDLE CAME DOWN FROM THE FORT AND WHILE THE PRO SLAVERY MEN STILL SLEPT THE PRISONER AND HIS ESCORT WERE ON THEIR WAY ACROSS THE PRAIRIES TO LECOMPTON IN THE CHARGE OF OFFICERS OF THE UNITED STATES ARMY,IN THE EARLY MORNING OF THE NEXT DAY MAY TWENTY NINTH A COMPANY OF DRAGOONS WITH ONE EMPTY SADDLE CAME DOWN FROM THE FORT AND WHILE THE PROSLABOURY MEN STILL SLEPT THE PRISONER AND HIS ESCORT WERE ON THEIR WAY ACROSS THE PRAIRIES TO LECOMPTON IN THE CHARGE OF OFFICERS OF THE UNITED STATES ARMY,0.03571428571428571,192.8895721435547,0.19630277156829834,0.09916943311691284,0.03323495388031006
2279,7729,102255,46,encodec_1.5k,1.5,IN THE EARLY MORNING OF THE NEXT DAY MAY TWENTY NINTH A COMPANY OF DRAGOONS WITH ONE EMPTY SADDLE CAME DOWN FROM THE FORT AND WHILE THE PRO SLAVERY MEN STILL SLEPT THE PRISONER AND HIS ESCORT WERE ON THEIR WAY ACROSS THE PRAIRIES TO LECOMPTON IN THE CHARGE OF OFFICERS OF THE UNITED STATES ARMY,IN THE EARLY MORNING OF THE NEXT DAY NAY TWENTY NINE A COMPANY OF DRAGOONS WITH ONE EMPTY SADDLE CAME DOWN FOUND THE FORT AND WHILE THE PROSLAV EMEN STILL SLEPT THE PRISONER AND HIS ESCORT WERE ON THEIR WAY ACROSS THE PRAIRIES TO THE COMTEN IN THE CHARGE OF OFFICERS OF THE UNITED STATES ARMY,0.14285714285714285,208.11859130859375,0.35110509395599365,0.2287381887435913,0.10484987497329712
2084,7021,85628,24,wav,,ANDERS FACE GREW RED,ANDER'S FACE GREW RED,0.25,0.0,0.0,0.0,0.0
2084,7021,85628,24,resample_control,,ANDERS FACE GREW RED,ANDER'S FACE GREW RED,0.25,4.751121997833252,0.0026637911796569824,0.0010611414909362793,0.0005459189414978027
2084,7021,85628,24,encodec_24k,24.0,ANDERS FACE GREW RED,ANDER'S FACE GREW RED,0.25,133.53868103027344,0.18550002574920654,0.11105233430862427,0.021660685539245605
2084,7021,85628,24,encodec_6k,6.0,ANDERS FACE GREW RED,ANDER'S FACE GREW RED,0.25,142.01930236816406,0.2396794557571411,0.12770485877990723,0.04404902458190918
2084,7021,85628,24,encodec_1.5k,1.5,ANDERS FACE GREW RED,ANDER'S FACE GLEW RED,0.5,152.02719116210938,0.36536097526550293,0.23975998163223267,0.14577776193618774
813,2830,3980,16,wav,,IT SPOILS ONE'S BEST WORK,IT SPOILS ONE'S BEST WORK,0.0,0.0,0.0,0.0,0.0
813,2830,3980,16,resample_control,,IT SPOILS ONE'S BEST WORK,IT SPOILS ONE'S BEST WORK,0.0,4.958075046539307,0.005067288875579834,0.0036793947219848633,0.0004181861877441406
813,2830,3980,16,encodec_24k,24.0,IT SPOILS ONE'S BEST WORK,IT SPOILS ONE'S BEST WORK,0.0,92.00637817382812,0.11350542306900024,0.07725542783737183,0.011525571346282959
813,2830,3980,16,encodec_6k,6.0,IT SPOILS ONE'S BEST WORK,IT SPOILS ONE'S BEST WORK,0.0,112.82861328125,0.18166935443878174,0.11395013332366943,0.019208669662475586
813,2830,3980,16,encodec_1.5k,1.5,IT SPOILS ONE'S BEST WORK,IT SPOILS ONE'S GUEST FORK,0.4,119.0321273803711,0.3353155255317688,0.29889529943466187,0.14692527055740356
1193,4446,2275,18,wav,,I GET NOTHING BUT MISERY OUT OF EITHER,I GET NOTHING BUT MISERY OUT OF EITHER,0.0,0.0,0.0,0.0,0.0
1193,4446,2275,18,resample_control,,I GET NOTHING BUT MISERY OUT OF EITHER,I GET NOTHING BUT MISERY OUT OF EITHER,0.0,4.691717624664307,0.0015006661415100098,0.00044286251068115234,0.00026702880859375
1193,4446,2275,18,encodec_24k,24.0,I GET NOTHING BUT MISERY OUT OF EITHER,I GET NOTHING BUT MISERY OUT OF EITHER,0.0,124.64803314208984,0.1304970383644104,0.059461116790771484,0.010882198810577393
1193,4446,2275,18,encodec_6k,6.0,I GET NOTHING BUT MISERY OUT OF EITHER,I GET NOTHING BUT MISERY OUT OF EITHER,0.0,134.15443420410156,0.19762182235717773,0.09156465530395508,0.011782526969909668
1193,4446,2275,18,encodec_1.5k,1.5,I GET NOTHING BUT MISERY OUT OF EITHER,I'VE GET NOTHING BUT MISERY OUT OF EITHER,0.125,154.41781616210938,0.36961203813552856,0.20762097835540771,0.1493402123451233
1683,61,70968,2,wav,,A GOLDEN FORTUNE AND A HAPPY LIFE,A GOLDEN FORTUNE AND A HAPPY LIFE,0.0,0.0,0.0,0.0,0.0
1683,61,70968,2,resample_control,,A GOLDEN FORTUNE AND A HAPPY LIFE,A GOLDEN FORTUNE AND A HAPPY LIFE,0.0,4.80618143081665,0.005354166030883789,0.0030870437622070312,0.0005207657814025879
1683,61,70968,2,encodec_24k,24.0,A GOLDEN FORTUNE AND A HAPPY LIFE,A GOLDEN FORTUNE IN A HAPPY LIFE,0.14285714285714285,85.92897033691406,0.1021888256072998,0.03911113739013672,0.009637653827667236
1683,61,70968,2,encodec_6k,6.0,A GOLDEN FORTUNE AND A HAPPY LIFE,A GOLDEN FORTUNE IN A HAPPY LIFE,0.14285714285714285,100.97254180908203,0.16835880279541016,0.0693655014038086,0.014805376529693604
1683,61,70968,2,encodec_1.5k,1.5,A GOLDEN FORTUNE AND A HAPPY LIFE,A GOLDEN FORTUNE IN A HAPPY LIFE,0.14285714285714285,122.41136932373047,0.31635719537734985,0.2474955916404724,0.09177243709564209
1144,4446,2273,6,wav,,THEY ARE ALL SKETCHES MADE ABOUT THE VILLA D'ESTE YOU SEE,THEY ARE ALL SKETCHES MADE ABOUT THE VILLADESTE YOU SEE,0.18181818181818182,0.0,0.0,0.0,0.0
1144,4446,2273,6,resample_control,,THEY ARE ALL SKETCHES MADE ABOUT THE VILLA D'ESTE YOU SEE,THEY ARE ALL SKETCHES MADE ABOUT THE VILLADESTE YOU SEE,0.18181818181818182,4.690494060516357,0.0022182464599609375,0.00406801700592041,0.0008075833320617676
1144,4446,2273,6,encodec_24k,24.0,THEY ARE ALL SKETCHES MADE ABOUT THE VILLA D'ESTE YOU SEE,THEY ARE ALL SKETCHES MADE ABOUT THE VILLADESTE YOU SEE,0.18181818181818182,129.01068115234375,0.14027249813079834,0.06100952625274658,0.026548326015472412
1144,4446,2273,6,encodec_6k,6.0,THEY ARE ALL SKETCHES MADE ABOUT THE VILLA D'ESTE YOU SEE,THEY ARE ALL SKETCHES MADE ABOUT THE VILLADESTE YOU SEE,0.18181818181818182,137.09262084960938,0.19655442237854004,0.06609708070755005,0.04606515169143677
1144,4446,2273,6,encodec_1.5k,1.5,THEY ARE ALL SKETCHES MADE ABOUT THE VILLA D'ESTE YOU SEE,THEY ARE ALL SKETCHES NEED ABOUT THE VILLADESTA YOU SEE,0.2727272727272727,154.6460723876953,0.3698809742927551,0.18840080499649048,0.13050103187561035
1990,6930,76324,18,wav,,HE MAKES IT SORT OF COZIER,HE MAKES IT SORT OF COSIER,0.16666666666666666,0.0,0.0,0.0,0.0
1990,6930,76324,18,resample_control,,HE MAKES IT SORT OF COZIER,HE MAKES IT SORT OF COSIER,0.16666666666666666,5.014881134033203,0.0022486448287963867,0.0005517005920410156,0.0001665353775024414
1990,6930,76324,18,encodec_24k,24.0,HE MAKES IT SORT OF COZIER,HE MAKES IT SORT OF COSIER,0.16666666666666666,103.03235626220703,0.11705338954925537,0.03543370962142944,0.010349929332733154
1990,6930,76324,18,encodec_6k,6.0,HE MAKES IT SORT OF COZIER,HE MAKES IT SORT OF COSIER,0.16666666666666666,108.66155242919922,0.17523711919784546,0.07750171422958374,0.05505502223968506
1990,6930,76324,18,encodec_1.5k,1.5,HE MAKES IT SORT OF COZIER,THEY MAKES HAT SORT OF COSIER,0.5,123.06298065185547,0.3548198342323303,0.24381327629089355,0.2148415446281433
1985,6930,76324,13,wav,,IT CAN'T HURT ANYTHING I'M SURE FOR WE WON'T DISTURB THINGS AT ALL,IT CAN'T HURT ANYTHING I'M SURE FOR WE WON'T DISTURB THINGS AT ALL,0.0,0.0,0.0,0.0,0.0
1985,6930,76324,13,resample_control,,IT CAN'T HURT ANYTHING I'M SURE FOR WE WON'T DISTURB THINGS AT ALL,IT CAN'T HURT ANYTHING I'M SURE FOR WE WON'T DISTURB THINGS AT ALL,0.0,4.837687015533447,0.0025789737701416016,0.0007647871971130371,0.0002148747444152832
1985,6930,76324,13,encodec_24k,24.0,IT CAN'T HURT ANYTHING I'M SURE FOR WE WON'T DISTURB THINGS AT ALL,IT CAN'T HURT ANYTHING I'M SURE FOR WE WON'T DISTURB THINGS AT ALL,0.0,94.66805267333984,0.1159624457359314,0.05600011348724365,0.017516791820526123
1985,6930,76324,13,encodec_6k,6.0,IT CAN'T HURT ANYTHING I'M SURE FOR WE WON'T DISTURB THINGS AT ALL,IT CAN'T HURT ANYTHING I'M SURE FOR WE WON'T DISTURB THINGS AT ALL,0.0,102.5791244506836,0.19408917427062988,0.12364822626113892,0.05003249645233154
1985,6930,76324,13,encodec_1.5k,1.5,IT CAN'T HURT ANYTHING I'M SURE FOR WE WON'T DISTURB THINGS AT ALL,HE CAN'T HURT ANYTHING I'M SURE FROM WE WON'T DISTURBE THINGS AT ALL,0.23076923076923078,126.40988159179688,0.37527740001678467,0.2727646827697754,0.20651215314865112
2185,7176,88083,26,wav,,THE DRAG UPON HIS BEAK AND THE LIGHT CHECK UPON HIS WINGS WERE INEXPLICABLE TO HIM AND APPALLING,THE DRAG UPON HIS BEAK AND THE LIGHT CHECK UPON HIS WINGS WERE INEXPLICABLE TO HIM AND UPPALLING,0.05555555555555555,0.0,0.0,0.0,0.0
2185,7176,88083,26,resample_control,,THE DRAG UPON HIS BEAK AND THE LIGHT CHECK UPON HIS WINGS WERE INEXPLICABLE TO HIM AND APPALLING,THE DRAG UPON HIS BEAK AND THE LIGHT CHECK UPON HIS WINGS WERE INEXPLICABLE TO HIM AND UPPALLING,0.05555555555555555,4.874267578125,0.0019075870513916016,0.00041043758392333984,0.0002860426902770996
2185,7176,88083,26,encodec_24k,24.0,THE DRAG UPON HIS BEAK AND THE LIGHT CHECK UPON HIS WINGS WERE INEXPLICABLE TO HIM AND APPALLING,THE DRAG UPON HIS BEAK AND THE LIGHT CHECK UPON HIS WINGS WERE INEXPLICABLE TO HIM AND APPALLING,0.0,82.66899108886719,0.09157896041870117,0.02809298038482666,0.014757990837097168
2185,7176,88083,26,encodec_6k,6.0,THE DRAG UPON HIS BEAK AND THE LIGHT CHECK UPON HIS WINGS WERE INEXPLICABLE TO HIM AND APPALLING,THE DRAG UPON HIS BEAK AND THE LIGHT CHECK UPON HIS WINGS WERE INEXPLICABLE TO HIM AND APPALLING,0.0,94.78804016113281,0.1613890528678894,0.04539191722869873,0.01927429437637329
2185,7176,88083,26,encodec_1.5k,1.5,THE DRAG UPON HIS BEAK AND THE LIGHT CHECK UPON HIS WINGS WERE INEXPLICABLE TO HIM AND APPALLING,THE DRAG UPON HIS BEAT AND THE LIGHT CHECK UPON HIS WINGS WERE INEXPLICABLE TO HIM AND UPHAWLING,0.1111111111111111,118.92147827148438,0.3278021216392517,0.17738080024719238,0.09774857759475708
2344,8230,279154,32,wav,,IT IS THIS THAT IS OF INTEREST TO THEORY OF KNOWLEDGE,IT IS THIS THAT IS OF INTEREST TO THEORY OF KNOWLEDGE,0.0,0.0,0.0,0.0,0.0
2344,8230,279154,32,resample_control,,IT IS THIS THAT IS OF INTEREST TO THEORY OF KNOWLEDGE,IT IS THIS THAT IS OF INTEREST TO THEORY OF KNOWLEDGE,0.0,4.871983051300049,0.0032861828804016113,0.0020613670349121094,0.0003630518913269043
2344,8230,279154,32,encodec_24k,24.0,IT IS THIS THAT IS OF INTEREST TO THEORY OF KNOWLEDGE,IT IS THIS THAT IS OF INTEREST TO THEORY OF KNOWLEDGE,0.0,98.7792739868164,0.1287773847579956,0.07652401924133301,0.012670397758483887
2344,8230,279154,32,encodec_6k,6.0,IT IS THIS THAT IS OF INTEREST TO THEORY OF KNOWLEDGE,IT IS THIS THAT IS OF INTEREST TO THEORY OF KNOWLEDGE,0.0,104.8775863647461,0.18735134601593018,0.09004473686218262,0.02811342477798462
2344,8230,279154,32,encodec_1.5k,1.5,IT IS THIS THAT IS OF INTEREST TO THEORY OF KNOWLEDGE,IT IS THIS THAT IS A VENTUROUS TO THEORY OF KNOWLEDGE,0.18181818181818182,133.14544677734375,0.3386717438697815,0.2299554944038391,0.13368374109268188
264,1284,1181,19,wav,,I NOW USE THEM AS ORNAMENTAL STATUARY IN MY GARDEN,I NOW USE THEM AS ORNAMENTAL STATUARY IN MY GARDEN,0.0,0.0,0.0,0.0,0.0
264,1284,1181,19,resample_control,,I NOW USE THEM AS ORNAMENTAL STATUARY IN MY GARDEN,I NOW USE THEM AS ORNAMENTAL STATUARY IN MY GARDEN,0.0,4.91904354095459,0.0011401772499084473,0.00031679868698120117,6.92605972290039e-05
264,1284,1181,19,encodec_24k,24.0,I NOW USE THEM AS ORNAMENTAL STATUARY IN MY GARDEN,I NOW USE THEM AS ORNAMENTAL STATUARY IN MY GARDEN,0.0,96.92848205566406,0.08490854501724243,0.029469609260559082,0.01793569326400757
264,1284,1181,19,encodec_6k,6.0,I NOW USE THEM AS ORNAMENTAL STATUARY IN MY GARDEN,I NOW USE THEM AS ORNAMENTAL STATUARY IN MY GARDEN,0.0,108.76049041748047,0.15263354778289795,0.051693618297576904,0.02230900526046753
264,1284,1181,19,encodec_1.5k,1.5,I NOW USE THEM AS ORNAMENTAL STATUARY IN MY GARDEN,I NOW USED THEM AS ORNAMENTAL STATUARY IN MY GARDEN,0.1,115.74949645996094,0.3078577518463135,0.1597653031349182,0.10744118690490723
1716,61,70968,35,wav,,TAKING ADVANTAGE OF THIS THE SQUIRE'S FEW MEN REDOUBLED THEIR EFFORTS AND ENCOURAGED BY ROBIN'S AND THE LITTLE STROLLER'S CRIES FOUGHT THEIR WAY TO HIM,TAKING ADVANTAGE OF THIS THE SQUIRE'S FEW MEN REDOUBLED THEIR EFFORTS AND ENCOURAGED BY ROBIN'S AND THE LITTLE STROLLER'S CRIES FOUGHT THEIR WAY TO HIM,0.0,0.0,0.0,0.0,0.0
1716,61,70968,35,resample_control,,TAKING ADVANTAGE OF THIS THE SQUIRE'S FEW MEN REDOUBLED THEIR EFFORTS AND ENCOURAGED BY ROBIN'S AND THE LITTLE STROLLER'S CRIES FOUGHT THEIR WAY TO HIM,TAKING ADVANTAGE OF THIS THE SQUIRE'S FEW MEN REDOUBLED THEIR EFFORTS AND ENCOURAGED BY ROBIN'S AND THE LITTLE STROLLER'S CRIES FOUGHT THEIR WAY TO HIM,0.0,4.748773097991943,0.0028606653213500977,0.0017082691192626953,0.0005190372467041016
1716,61,70968,35,encodec_24k,24.0,TAKING ADVANTAGE OF THIS THE SQUIRE'S FEW MEN REDOUBLED THEIR EFFORTS AND ENCOURAGED BY ROBIN'S AND THE LITTLE STROLLER'S CRIES FOUGHT THEIR WAY TO HIM,TAKING ADVANTAGE OF THIS THE SQUIRE'S FEW MEN REDOUBLED THEIR EFFORTS AND ENCOURAGED BY ROBINS AND THE LITTLE STROLLER'S CRIES FOUGHT THEIR WAY TO HIM,0.04,88.7975845336914,0.08987206220626831,0.02696859836578369,0.014205217361450195
1716,61,70968,35,encodec_6k,6.0,TAKING ADVANTAGE OF THIS THE SQUIRE'S FEW MEN REDOUBLED THEIR EFFORTS AND ENCOURAGED BY ROBIN'S AND THE LITTLE STROLLER'S CRIES FOUGHT THEIR WAY TO HIM,TAKING ADVANTAGE OF THIS THE SQUIRE'S FEW MEN REDOUBLED THEIR EFFORTS AND ENCOURAGED BY ROBINS IN THE LITTLE STROLLER'S CRIES FOUGHT THEIR WAY TO HIM,0.08,99.76005554199219,0.15938907861709595,0.05251014232635498,0.026077687740325928
1716,61,70968,35,encodec_1.5k,1.5,TAKING ADVANTAGE OF THIS THE SQUIRE'S FEW MEN REDOUBLED THEIR EFFORTS AND ENCOURAGED BY ROBIN'S AND THE LITTLE STROLLER'S CRIES FOUGHT THEIR WAY TO HIM,TAKING ADVANTAGE OF THIS THE SQUIRE'S FEW MEN REDOUBLED THEIR EFFORTS AND ENCOURAGED BY ROBINS IN THE LITTLE STROLLER'S CRIES FOUGHT THEIR WAY TO HIM,0.08,109.27222442626953,0.32482510805130005,0.16832929849624634,0.07079839706420898
445,1995,1826,6,wav,,BEEN LOOKING UP TOOMS COUNTY,BEEN LOOKING UP TOMBS COUNTY,0.2,0.0,0.0,0.0,0.0
445,1995,1826,6,resample_control,,BEEN LOOKING UP TOOMS COUNTY,BEEN LOOKING UP TOMBS COUNTY,0.2,4.668353080749512,0.004060864448547363,0.003348112106323242,0.0014673471450805664
445,1995,1826,6,encodec_24k,24.0,BEEN LOOKING UP TOOMS COUNTY,BEEN LOOKING UP TOMBS COUNTY,0.2,134.384033203125,0.17945194244384766,0.10735666751861572,0.047255873680114746
445,1995,1826,6,encodec_6k,6.0,BEEN LOOKING UP TOOMS COUNTY,THEN LOOKING UP TOMBS COUNTY,0.4,148.80409240722656,0.2296358346939087,0.1431063413619995,0.07485193014144897
445,1995,1826,6,encodec_1.5k,1.5,BEEN LOOKING UP TOOMS COUNTY,THEY AM LOOKIN AT TOMES COUNTY,1.0,172.50735473632812,0.3507224917411804,0.24920189380645752,0.2462519407272339
630,237,126133,16,wav,,OH NO JASPER I MUST GO BY MY VERY OWN SELF,OH NO JAPSER I MUST GO BY MY VERY OWN SELF,0.09090909090909091,0.0,0.0,0.0,0.0
630,237,126133,16,resample_control,,OH NO JASPER I MUST GO BY MY VERY OWN SELF,OH NO JAPSER I MUST GO BY MY VERY OWN SELF,0.09090909090909091,4.705153942108154,0.011634409427642822,0.014061033725738525,0.0019178390502929688
630,237,126133,16,encodec_24k,24.0,OH NO JASPER I MUST GO BY MY VERY OWN SELF,OH NO CHAPSER I MUST GO BY MY VERY OWN SELF,0.09090909090909091,236.8872833251953,0.21075618267059326,0.14657902717590332,0.027848422527313232
630,237,126133,16,encodec_6k,6.0,OH NO JASPER I MUST GO BY MY VERY OWN SELF,OH NO CHAPSER I MUST GO BY MY VERY OWN SELF,0.09090909090909091,245.7186737060547,0.2777712345123291,0.18823039531707764,0.05955612659454346
630,237,126133,16,encodec_1.5k,1.5,OH NO JASPER I MUST GO BY MY VERY OWN SELF,ALL KNOW CHAPTER I MUST GO BY WIFE THERE I DON'T SELL,0.7272727272727273,282.0113525390625,0.41327935457229614,0.32968670129776,0.24509179592132568
822,2830,3980,25,wav,,BY HIS RESURRECTION CHRIST WON THE VICTORY OVER LAW SIN FLESH WORLD DEVIL DEATH HELL AND EVERY EVIL,BY HIS RESURRECTION CHRIST WON THE VICTORY OVER LAW SIN FLESH WORLD DEVIL DEATH HELL AND EVERY EVIL,0.0,0.0,0.0,0.0,0.0
822,2830,3980,25,resample_control,,BY HIS RESURRECTION CHRIST WON THE VICTORY OVER LAW SIN FLESH WORLD DEVIL DEATH HELL AND EVERY EVIL,BY HIS RESURRECTION CHRIST WON THE VICTORY OVER LAW SIN FLESH WORLD DEVIL DEATH HELL AND EVERY EVIL,0.0,4.845630645751953,0.0030263662338256836,0.0017328262329101562,0.0005210041999816895
822,2830,3980,25,encodec_24k,24.0,BY HIS RESURRECTION CHRIST WON THE VICTORY OVER LAW SIN FLESH WORLD DEVIL DEATH HELL AND EVERY EVIL,BY HIS RESURRECTION CHRIST WON THE VICTORY OVER LAW SIN FLESH WORLD DEVIL DEATH HELL AND EVERY EVIL,0.0,94.55259704589844,0.09442949295043945,0.03955364227294922,0.0075356364250183105
822,2830,3980,25,encodec_6k,6.0,BY HIS RESURRECTION CHRIST WON THE VICTORY OVER LAW SIN FLESH WORLD DEVIL DEATH HELL AND EVERY EVIL,BY HIS RESURRECTION CHRIST WON THE VICTORY OVER LAW SIN FLESH WORLD DEVIL DEATH HELL AND EVERY EVIL,0.0,103.8648910522461,0.16180038452148438,0.06385189294815063,0.02271956205368042
822,2830,3980,25,encodec_1.5k,1.5,BY HIS RESURRECTION CHRIST WON THE VICTORY OVER LAW SIN FLESH WORLD DEVIL DEATH HELL AND EVERY EVIL,BY HIS RESURRECTION CHRIST WON THE VICTORY OVER LAW SIN FLESH MORAL DEVIL DEATH HELL AND EVERY EVIL,0.05555555555555555,116.4000015258789,0.33436131477355957,0.17658889293670654,0.09929752349853516
1442,5105,28241,0,wav,,HER SEA GOING QUALITIES WERE EXCELLENT AND WOULD HAVE AMPLY SUFFICED FOR A CIRCUMNAVIGATION OF THE GLOBE,HER SEA GOING QUALITIES WERE EXCELLENT AND WOULD HAVE AMPLY SUFFICED FOR A CIRCUMNAVIGATION OF THE GLOBE,0.0,0.0,0.0,0.0,0.0
1442,5105,28241,0,resample_control,,HER SEA GOING QUALITIES WERE EXCELLENT AND WOULD HAVE AMPLY SUFFICED FOR A CIRCUMNAVIGATION OF THE GLOBE,HER SEA GOING QUALITIES WERE EXCELLENT AND WOULD HAVE AMPLY SUFFICED FOR A CIRCUMNAVIGATION OF THE GLOBE,0.0,4.796398639678955,0.002912163734436035,0.005694746971130371,0.003238081932067871
1442,5105,28241,0,encodec_24k,24.0,HER SEA GOING QUALITIES WERE EXCELLENT AND WOULD HAVE AMPLY SUFFICED FOR A CIRCUMNAVIGATION OF THE GLOBE,HER SEA GOING QUALITIES WERE EXCELLENT AND WOULD HAVE AMPLY SUFFICED FOR A CIRCUMNAVIGATION OF THE GLOBE,0.0,121.38502502441406,0.12272512912750244,0.07351416349411011,0.01823943853378296
1442,5105,28241,0,encodec_6k,6.0,HER SEA GOING QUALITIES WERE EXCELLENT AND WOULD HAVE AMPLY SUFFICED FOR A CIRCUMNAVIGATION OF THE GLOBE,HER SEA GOING QUALITIES WERE EXCELLENT AND WOULD HAVE AMPLY SUFFICED FOR A CIRCUMNAVIGATION OF THE GLOBE,0.0,133.9010772705078,0.19557350873947144,0.10386914014816284,0.03242367506027222
1442,5105,28241,0,encodec_1.5k,1.5,HER SEA GOING QUALITIES WERE EXCELLENT AND WOULD HAVE AMPLY SUFFICED FOR A CIRCUMNAVIGATION OF THE GLOBE,HER SEACOING QUALITIES WERE EXCELLENT AND WHAT HAD AMPLY SUFFICED FOR A CIRCUMNAVIGATION OF THE GLOBE,0.23529411764705882,154.8043670654297,0.3474028706550598,0.19087523221969604,0.09587836265563965
611,2300,131720,39,wav,,THE PROBLEM WAS SOLVED,THE PROBLEM WAS SOLVED,0.0,0.0,0.0,0.0,0.0
611,2300,131720,39,resample_control,,THE PROBLEM WAS SOLVED,THE PROBLEM WAS SOLVED,0.0,4.813511848449707,0.007398545742034912,0.015281140804290771,0.005259871482849121
611,2300,131720,39,encodec_24k,24.0,THE PROBLEM WAS SOLVED,THE PROBLEM WAS SOLVED,0.0,190.8733673095703,0.2559792399406433,0.1439305543899536,0.06318897008895874
611,2300,131720,39,encodec_6k,6.0,THE PROBLEM WAS SOLVED,THE PROBLEM WAS SALT,0.25,219.1167449951172,0.3052002191543579,0.19715535640716553,0.08905386924743652
611,2300,131720,39,encodec_1.5k,1.5,THE PROBLEM WAS SOLVED,THE PROBLEM WAS SOLK,0.25,263.6685485839844,0.4241376519203186,0.3085642457008362,0.17701852321624756
2217,7176,92135,30,wav,,ENTER LORD ARTHUR FLUFFINOSE,ENTER LORD ARTHUR FLUFFINOSE,0.0,0.0,0.0,0.0,0.0
2217,7176,92135,30,resample_control,,ENTER LORD ARTHUR FLUFFINOSE,ENTER LORD ARTHUR FLUFFINOSE,0.0,5.078807830810547,0.0033211112022399902,0.0018251538276672363,0.0008027553558349609
2217,7176,92135,30,encodec_24k,24.0,ENTER LORD ARTHUR FLUFFINOSE,ENTER LORD ARTHUR FLUFFINOSE,0.0,97.834716796875,0.1353563666343689,0.06583869457244873,0.012328147888183594
2217,7176,92135,30,encodec_6k,6.0,ENTER LORD ARTHUR FLUFFINOSE,ENTER LORD ARTHUR FLUFFINASE,0.25,105.9673843383789,0.2095004916191101,0.12752139568328857,0.05374783277511597
2217,7176,92135,30,encodec_1.5k,1.5,ENTER LORD ARTHUR FLUFFINOSE,ENTER LORD ARTHUR FLUFFERKNOWS,0.25,126.80292510986328,0.3568582534790039,0.2398025393486023,0.10378003120422363
2473,8463,294828,11,wav,,HE WENT HERE THERE AND EVERYWHERE IN PERFECT CONTENTMENT,HE WENT HERE THERE AND EVERYWHERE IN PERFECT CONTENTMENT,0.0,0.0,0.0,0.0,0.0
2473,8463,294828,11,resample_control,,HE WENT HERE THERE AND EVERYWHERE IN PERFECT CONTENTMENT,HE WENT HERE THERE AND EVERYWHERE IN PERFECT CONTENTMENT,0.0,4.875324249267578,0.000619053840637207,0.00031387805938720703,0.0002383589744567871
2473,8463,294828,11,encodec_24k,24.0,HE WENT HERE THERE AND EVERYWHERE IN PERFECT CONTENTMENT,HE WENT HERE THERE AND EVERYWHERE IN PERFECT CONTENTMENT,0.0,75.75070190429688,0.10267221927642822,0.025782644748687744,0.017544329166412354
2473,8463,294828,11,encodec_6k,6.0,HE WENT HERE THERE AND EVERYWHERE IN PERFECT CONTENTMENT,HE WENT HERE THERE AND EVERYWHERE IN PERFECT CONTENTMENT,0.0,83.9167709350586,0.17920148372650146,0.05705791711807251,0.02996385097503662
2473,8463,294828,11,encodec_1.5k,1.5,HE WENT HERE THERE AND EVERYWHERE IN PERFECT CONTENTMENT,HE WENT HERE THERE AND EVERYWHERE IN PERFECT CONTENTMENT,0.0,104.1557846069336,0.3441540002822876,0.1909775733947754,0.07681822776794434
437,1580,141084,49,wav,,IT WAS SIMPLE ENOUGH SIR IF YOU ONLY HAD KNOWN BUT WITH ALL YOUR CLEVERNESS IT WAS IMPOSSIBLE THAT YOU COULD KNOW,IT WAS SIMPLE ENOUGH SIR IF YOU ONLY HAD KNOWN BUT WITH ALL YOUR CLEVERNESS IT WAS IMPOSSIBLE THAT YOU COULD KNOW,0.0,0.0,0.0,0.0,0.0
437,1580,141084,49,resample_control,,IT WAS SIMPLE ENOUGH SIR IF YOU ONLY HAD KNOWN BUT WITH ALL YOUR CLEVERNESS IT WAS IMPOSSIBLE THAT YOU COULD KNOW,IT WAS SIMPLE ENOUGH SIR IF YOU ONLY HAD KNOWN BUT WITH ALL YOUR CLEVERNESS IT WAS IMPOSSIBLE THAT YOU COULD KNOW,0.0,4.583418369293213,0.0024560093879699707,0.0011109113693237305,0.0003752708435058594
437,1580,141084,49,encodec_24k,24.0,IT WAS SIMPLE ENOUGH SIR IF YOU ONLY HAD KNOWN BUT WITH ALL YOUR CLEVERNESS IT WAS IMPOSSIBLE THAT YOU COULD KNOW,IT WAS SIMPLE ENOUGH SIR IF YOU ONLY HAD KNOWN BUT WITH ALL YOUR CLEVERNESS IT WAS IMPOSSIBLE THAT YOU COULD KNOW,0.0,121.75639343261719,0.1567053198814392,0.09969842433929443,0.009624004364013672
437,1580,141084,49,encodec_6k,6.0,IT WAS SIMPLE ENOUGH SIR IF YOU ONLY HAD KNOWN BUT WITH ALL YOUR CLEVERNESS IT WAS IMPOSSIBLE THAT YOU COULD KNOW,IT WAS SIMPLE ENOUGH SIR IF YOU ONLY HAD KNOWN BUT WITH ALL YOUR CLEVERNESS IT WAS IMPOSSIBLE THAT YOU COULD KNOW,0.0,130.0935516357422,0.22471672296524048,0.12808358669281006,0.017005980014801025
437,1580,141084,49,encodec_1.5k,1.5,IT WAS SIMPLE ENOUGH SIR IF YOU ONLY HAD KNOWN BUT WITH ALL YOUR CLEVERNESS IT WAS IMPOSSIBLE THAT YOU COULD KNOW,IT WAS SIMPLE ENOUGH SIR IF YOU ONLY HAD KNOWN BUT WITH ALL YOUR CLEVERNESS IT WAS IMPOSSIBLE THAT YOU COULD KNOW,0.0,163.32521057128906,0.3788062334060669,0.20844602584838867,0.0551486611366272
402,1580,141084,14,wav,,WHY BANNISTER THE SERVANT WHAT'S HIS GAME IN THE MATTER,WHY BANISTER THE SERVANT WHAT'S HIS GAME IN THE MATTER,0.1,0.0,0.0,0.0,0.0
402,1580,141084,14,resample_control,,WHY BANNISTER THE SERVANT WHAT'S HIS GAME IN THE MATTER,WHY BANISTER THE SERVANT WHAT'S HIS GAME IN THE MATTER,0.1,4.607908725738525,0.002139151096343994,0.0007866621017456055,0.00023621320724487305
402,1580,141084,14,encodec_24k,24.0,WHY BANNISTER THE SERVANT WHAT'S HIS GAME IN THE MATTER,WHY BANISTER THE SERVANT WHAT'S HIS GAME IN THE MATTER,0.1,103.58793640136719,0.13758403062820435,0.07829135656356812,0.009309172630310059
402,1580,141084,14,encodec_6k,6.0,WHY BANNISTER THE SERVANT WHAT'S HIS GAME IN THE MATTER,WHY BANISTER THE SERVANT WHAT'S HIS GAME IN THE MATTER,0.1,110.59928894042969,0.2123812437057495,0.12202620506286621,0.031574130058288574
402,1580,141084,14,encodec_1.5k,1.5,WHY BANNISTER THE SERVANT WHAT'S HIS GAME IN THE MATTER,WHY BANISTER THE SERVANT WHAT'S HIS GAME IN THE MATTER,0.1,132.40200805664062,0.35984140634536743,0.18498629331588745,0.09337085485458374
868,2830,3980,71,wav,,WE THINK THAT BY SOME LITTLE WORK OR MERIT WE CAN DISMISS SIN,WE THINK THAT BY SOME LITTLE WORK OR MERIT WE CAN DISMISS IN,0.07692307692307693,0.0,0.0,0.0,0.0
868,2830,3980,71,resample_control,,WE THINK THAT BY SOME LITTLE WORK OR MERIT WE CAN DISMISS SIN,WE THINK THAT BY SOME LITTLE WORK OR MERIT WE CAN DISMISS IN,0.07692307692307693,5.2969441413879395,0.003827393054962158,0.00360029935836792,0.0008475184440612793
868,2830,3980,71,encodec_24k,24.0,WE THINK THAT BY SOME LITTLE WORK OR MERIT WE CAN DISMISS SIN,WE THINK THAT BY SOME LITTLE WORK OR MERIT WE CAN DISMISS IM,0.07692307692307693,94.49369049072266,0.11407548189163208,0.06565862894058228,0.015307843685150146
868,2830,3980,71,encodec_6k,6.0,WE THINK THAT BY SOME LITTLE WORK OR MERIT WE CAN DISMISS SIN,WE THINK THAT BY SOME LITTLE WORK OR MERIT WE CAN DISMISS IM,0.07692307692307693,121.7164077758789,0.18186694383621216,0.09178882837295532,0.03891175985336304
868,2830,3980,71,encodec_1.5k,1.5,WE THINK THAT BY SOME LITTLE WORK OR MERIT WE CAN DISMISS SIN,WE THINK THAT BY SOME LITTLE WORK OR MERIT MAKIN DISMISS IN,0.23076923076923078,134.5118408203125,0.3399859070777893,0.2187652587890625,0.12609457969665527
876,2961,960,2,wav,,IN THE SUPPOSED DEPTHS OF THIS DIALOGUE THE NEO PLATONISTS FOUND HIDDEN MEANINGS AND CONNECTIONS WITH THE JEWISH AND CHRISTIAN SCRIPTURES AND OUT OF THEM THEY ELICITED DOCTRINES QUITE AT VARIANCE WITH THE SPIRIT OF PLATO,IN THE SUPPOSED DEPTHS OF THIS DIALOGUE THE NEWYOPLATINISTS FOUND HIDDEN MEANINGS IN CONNECTIONS WITH THE JEWISH AND CHRISTIAN SCRIPTURES AND OUT OF THEM THEY ELICITED DOCTRINES QUITE AT VARIANCE WITH THE SPIRIT OF PLATO,0.08333333333333333,0.0,0.0,0.0,0.0
876,2961,960,2,resample_control,,IN THE SUPPOSED DEPTHS OF THIS DIALOGUE THE NEO PLATONISTS FOUND HIDDEN MEANINGS AND CONNECTIONS WITH THE JEWISH AND CHRISTIAN SCRIPTURES AND OUT OF THEM THEY ELICITED DOCTRINES QUITE AT VARIANCE WITH THE SPIRIT OF PLATO,IN THE SUPPOSED DEPTHS OF THIS DIALOGUE THE NEWOPLATINISTS FOUND HIDDEN MEANINGS IN CONNECTIONS WITH THE JEWISH AND CHRISTIAN SCRIPTURES AND OUT OF THEM THEY ELICITED DOCTRINES QUITE AT VARIANCE WITH THE SPIRIT OF PLATO,0.08333333333333333,4.621578216552734,0.003962337970733643,0.002569854259490967,0.0028173327445983887
876,2961,960,2,encodec_24k,24.0,IN THE SUPPOSED DEPTHS OF THIS DIALOGUE THE NEO PLATONISTS FOUND HIDDEN MEANINGS AND CONNECTIONS WITH THE JEWISH AND CHRISTIAN SCRIPTURES AND OUT OF THEM THEY ELICITED DOCTRINES QUITE AT VARIANCE WITH THE SPIRIT OF PLATO,IN THE SUPPOSED DEPTHS OF THIS DIALOCH THE NEOPLATINISTS FOUND HIDDEN MEANINGS IN CONNECTIONS WITH THE JEWISH AND CHRISTIAN SCRIPTURES AND OUT OF THEM THEY ELICITED DOCTRINES QUITE AT VARIANCE WITH THE SPIRIT OF PLATO,0.1111111111111111,99.8653564453125,0.095775306224823,0.05104804039001465,0.01779884099960327
876,2961,960,2,encodec_6k,6.0,IN THE SUPPOSED DEPTHS OF THIS DIALOGUE THE NEO PLATONISTS FOUND HIDDEN MEANINGS AND CONNECTIONS WITH THE JEWISH AND CHRISTIAN SCRIPTURES AND OUT OF THEM THEY ELICITED DOCTRINES QUITE AT VARIANCE WITH THE SPIRIT OF PLATO,IN THE SUPPOSED DEPTHS OF THIS DIALOGUE THE NEO PLATINISTS FOUND HIDDEN MEANINGS IN CONNECTIONS WITH THE JEWISH AND CHRISTIAN SCRIPTURES AND OUT OF THEM THEY ELICITED DOCTRINES QUITE AT VARIANCE WITH THE SPIRIT OF PLATO,0.05555555555555555,109.90257263183594,0.16725033521652222,0.07560062408447266,0.027107179164886475
876,2961,960,2,encodec_1.5k,1.5,IN THE SUPPOSED DEPTHS OF THIS DIALOGUE THE NEO PLATONISTS FOUND HIDDEN MEANINGS AND CONNECTIONS WITH THE JEWISH AND CHRISTIAN SCRIPTURES AND OUT OF THEM THEY ELICITED DOCTRINES QUITE AT VARIANCE WITH THE SPIRIT OF PLATO,IN THE SUPPOSED DEPTHS OF THE STYALOGUE THE NEOPLATINISTS FOUND HIDDEN MEANINGS IN CONNECTIONS WITH THE JEWISH AND CHRISTIAN SCRIPTURES AND OUT OF THEM THEY ELICIT DOCTRINES QUIET AT VARIANCE WITH THE SPIRIT OF PLATO,0.19444444444444445,123.49053955078125,0.3207995891571045,0.1878911852836609,0.0989944338798523
2038,7021,79730,9,wav,,IT IS INDEED TRUE THAT THE IMPORTANCE OF TACT AND SKILL IN THE TRAINING OF THE YOUNG AND OF CULTIVATING THEIR REASON AND SECURING THEIR AFFECTION CAN NOT BE OVERRATED,IT IS INDEED TRUE THAT THE IMPORTANCE OF TACT AND SKILL IN THE TRAINING OF THE YOUNG AND OF CULTIVATING THEIR REASON AND SECURING THEIR AFFECTION CAN NOT BE OVERATED,0.03333333333333333,0.0,0.0,0.0,0.0
2038,7021,79730,9,resample_control,,IT IS INDEED TRUE THAT THE IMPORTANCE OF TACT AND SKILL IN THE TRAINING OF THE YOUNG AND OF CULTIVATING THEIR REASON AND SECURING THEIR AFFECTION CAN NOT BE OVERRATED,IT IS INDEED TRUE THAT THE IMPORTANCE OF TACT AND SKILL IN THE TRAINING OF THE YOUNG AND OF CULTIVATING THEIR REASON AND SECURING THEIR AFFECTION CAN NOT BE OVERATED,0.03333333333333333,4.712431907653809,0.0033237338066101074,0.0011248588562011719,0.0012262463569641113
2038,7021,79730,9,encodec_24k,24.0,IT IS INDEED TRUE THAT THE IMPORTANCE OF TACT AND SKILL IN THE TRAINING OF THE YOUNG AND OF CULTIVATING THEIR REASON AND SECURING THEIR AFFECTION CAN NOT BE OVERRATED,IT IS INDEED TRUE THAT THE IMPORTANCE OF TACT AND SKILL IN THE TRAINING OF THE YOUNG AND OF CULTIVATING THEIR REASON AND SECURING THEIR AFFECTION CAN NOT BE OVERATED,0.03333333333333333,123.9166030883789,0.14621859788894653,0.0801272988319397,0.012934625148773193
2038,7021,79730,9,encodec_6k,6.0,IT IS INDEED TRUE THAT THE IMPORTANCE OF TACT AND SKILL IN THE TRAINING OF THE YOUNG AND OF CULTIVATING THEIR REASON AND SECURING THEIR AFFECTION CAN NOT BE OVERRATED,IT IS INDEED TRUE THAT THE IMPORTANCE OF TACT AND SKILL IN THE TRAINING OF THE YOUNG AND OF CULTIVATING THEIR REASON AND SECURING THEIR AFFECTION CAN NOT BE OVERATED,0.03333333333333333,133.48464965820312,0.2049267292022705,0.1089925765991211,0.021995365619659424
2038,7021,79730,9,encodec_1.5k,1.5,IT IS INDEED TRUE THAT THE IMPORTANCE OF TACT AND SKILL IN THE TRAINING OF THE YOUNG AND OF CULTIVATING THEIR REASON AND SECURING THEIR AFFECTION CAN NOT BE OVERRATED,IT IS INDEED TRUE THAT THE IMPORTANCE OF TACT AND SKILL IN THE TRAINING OF THE YOUNG AND OF CULTIVATING THEIR REASON AND SECURING THEIR AFFECTION CANNOT BE OVERATED,0.1,156.28274536132812,0.34747642278671265,0.20310425758361816,0.08676475286483765
130,121,123859,1,wav,,O TIS THE FIRST TIS FLATTERY IN MY SEEING AND MY GREAT MIND MOST KINGLY DRINKS IT UP MINE EYE WELL KNOWS WHAT WITH HIS GUST IS GREEING AND TO HIS PALATE DOTH PREPARE THE CUP IF IT BE POISON'D TIS THE LESSER SIN THAT MINE EYE LOVES IT AND DOTH FIRST BEGIN,OH TIS THE FIRST TIS FLATTERY IN MY SEEING AND MY GREAT MIND MOST KINGLY DRINKS IT UP MINE EYE WELL KNOWS WHAT WITH HIS GUST IS GREEING AND TO HIS PALLATE DOTH PREPARE THE CUP IF IT BE POISONED TIS THE LESSER SIN THAT MINE EYE LOVES IT AND DOTH FIRST BEGIN,0.05660377358490566,0.0,0.0,0.0,0.0
130,121,123859,1,resample_control,,O TIS THE FIRST TIS FLATTERY IN MY SEEING AND MY GREAT MIND MOST KINGLY DRINKS IT UP MINE EYE WELL KNOWS WHAT WITH HIS GUST IS GREEING AND TO HIS PALATE DOTH PREPARE THE CUP IF IT BE POISON'D TIS THE LESSER SIN THAT MINE EYE LOVES IT AND DOTH FIRST BEGIN,OH TIS THE FIRST TIS FLATTERY IN MY SEEING AND MY GREAT MIND MOST KINGLY DRINKS IT UP MINE EYE WELL KNOWS WHAT WITH HIS GUST IS GREEING AND TO HIS PALLATE DOTH PREPARE THE CUP IF IT BE POISONED TIS THE LESSER SIN THAT MINE EYE LOVES IT AND DOTH FIRST BEGIN,0.05660377358490566,4.746227741241455,0.0021193623542785645,0.0008832812309265137,0.000286102294921875
130,121,123859,1,encodec_24k,24.0,O TIS THE FIRST TIS FLATTERY IN MY SEEING AND MY GREAT MIND MOST KINGLY DRINKS IT UP MINE EYE WELL KNOWS WHAT WITH HIS GUST IS GREEING AND TO HIS PALATE DOTH PREPARE THE CUP IF IT BE POISON'D TIS THE LESSER SIN THAT MINE EYE LOVES IT AND DOTH FIRST BEGIN,OH TIS THE FIRST TIS FLATTERY IN MY SCENE AND MY GREAT MIND MOST KINGLY DRINKS IT UP MINE EYE WELL KNOWS WHAT WITH HIS GUST IS GREEN AND TO HIS PALLATE DOTH PREPARE THE CUP IF IT BE POISONED TIS THE LESSER SIN THAT MINE EYE LOVES IT AND DOTH FIRST BEGIN,0.09433962264150944,122.69581604003906,0.17048001289367676,0.12266528606414795,0.011838972568511963
130,121,123859,1,encodec_6k,6.0,O TIS THE FIRST TIS FLATTERY IN MY SEEING AND MY GREAT MIND MOST KINGLY DRINKS IT UP MINE EYE WELL KNOWS WHAT WITH HIS GUST IS GREEING AND TO HIS PALATE DOTH PREPARE THE CUP IF IT BE POISON'D TIS THE LESSER SIN THAT MINE EYE LOVES IT AND DOTH FIRST BEGIN,OH TIS THE FIRST TIS FLATTERY IN MY SEEING AND MY GREAT MIND MOST KINLY DRINKS IT UP MINE EYE WELL KNOWS WHAT WITH HIS GUST IS GREEN AND TO HIS PALLATE DOTH PREPARE THE CUP IF IT BE POISONED TIS THE LESSER SIN THAT MINE EYE LOVES IT AND DOTH FIRST BEGIN,0.09433962264150944,131.56065368652344,0.2187088131904602,0.12917780876159668,0.019529879093170166
130,121,123859,1,encodec_1.5k,1.5,O TIS THE FIRST TIS FLATTERY IN MY SEEING AND MY GREAT MIND MOST KINGLY DRINKS IT UP MINE EYE WELL KNOWS WHAT WITH HIS GUST IS GREEING AND TO HIS PALATE DOTH PREPARE THE CUP IF IT BE POISON'D TIS THE LESSER SIN THAT MINE EYE LOVES IT AND DOTH FIRST BEGIN,OH TIS THE FIRST TIS FLATTERY IN MY SCENE AND MY GREAT MIND MOST KINGLY DRINKS IT UP MINE EYE WELL KNOWS WHAT WITH HIS DUST IS GREEN AND TO HIS PALAT DOTH PREPARE THE CUP IF IT BE POISONED TIS THE LESS I SIN LET MINE EYE LOVES IT AND DOTH THIRST BEGIN,0.18867924528301888,152.7786102294922,0.34856653213500977,0.2256518006324768,0.07597696781158447
895,2961,960,21,wav,,THERE IS A WANT OF FLOW AND OFTEN A DEFECT OF RHYTHM THE MEANING IS SOMETIMES OBSCURE AND THERE IS A GREATER USE OF APPOSITION AND MORE OF REPETITION THAN OCCURS IN PLATO'S EARLIER WRITINGS,THERE IS A WANT OF FLOW AND OFTEN A DEFECT OF RHYTHM THE MEANING IS SOMETIMES OBSCURE AND THERE IS A GREATER USE OF APPOSITION IN MORE OF REPETITION THAN OCCURS IN PLATO'S EARLIER WRITINGS,0.02857142857142857,0.0,0.0,0.0,0.0
895,2961,960,21,resample_control,,THERE IS A WANT OF FLOW AND OFTEN A DEFECT OF RHYTHM THE MEANING IS SOMETIMES OBSCURE AND THERE IS A GREATER USE OF APPOSITION AND MORE OF REPETITION THAN OCCURS IN PLATO'S EARLIER WRITINGS,THERE IS A WANT OF FLOW AND OFTEN A DEFECT OF RHYTHM THE MEANING IS SOMETIMES OBSCURE AND THERE IS A GREATER USE OF APPOSITION IN MORE OF REPETITION THAN OCCURS IN PLATO'S EARLIER WRITINGS,0.02857142857142857,4.651925563812256,0.004516124725341797,0.0028887391090393066,0.002800881862640381
895,2961,960,21,encodec_24k,24.0,THERE IS A WANT OF FLOW AND OFTEN A DEFECT OF RHYTHM THE MEANING IS SOMETIMES OBSCURE AND THERE IS A GREATER USE OF APPOSITION AND MORE OF REPETITION THAN OCCURS IN PLATO'S EARLIER WRITINGS,THERE IS A WANT OF FLOW AND OFTEN A DEFECT OF RHYTHM THE MEANING IS SOMETIMES OBSCURE AND THERE IS A GREATER USE OF APPOSITION IN MORE OF REPETITION THAN OCCURS IN PLATO'S EARLIER WRITINGS,0.02857142857142857,105.30023956298828,0.10952365398406982,0.056791067123413086,0.012361586093902588
895,2961,960,21,encodec_6k,6.0,THERE IS A WANT OF FLOW AND OFTEN A DEFECT OF RHYTHM THE MEANING IS SOMETIMES OBSCURE AND THERE IS A GREATER USE OF APPOSITION AND MORE OF REPETITION THAN OCCURS IN PLATO'S EARLIER WRITINGS,THERE IS A WANT OF FLOW AND OFTEN A DEFECT OF RHYTHM THE MEANING IS SOMETIMES OBSCURE AND THERE IS A GREATER USE OF APPOSITION IN MORE OF REPETITION THAN OCCURS IN PLATO'S EARLIER WRITINGS,0.02857142857142857,117.27050018310547,0.18150091171264648,0.09117507934570312,0.018009722232818604
895,2961,960,21,encodec_1.5k,1.5,THERE IS A WANT OF FLOW AND OFTEN A DEFECT OF RHYTHM THE MEANING IS SOMETIMES OBSCURE AND THERE IS A GREATER USE OF APPOSITION AND MORE OF REPETITION THAN OCCURS IN PLATO'S EARLIER WRITINGS,THERE IS A WANT OF FLOW AND OFTEN A DEFECT OF RHYTHM THE MEANING IS SOMETIMES OBSCURE AND THERE IS A GREATER USE OF APPOSITION AND MORE OF REPETITION THAN OCCURS IN PLATO'S EARLIER RITLES,0.02857142857142857,136.46221923828125,0.33769190311431885,0.21092039346694946,0.09575289487838745
2019,6930,81414,18,wav,,I REMEMBER SAYING HAVE WE BEEN TOGETHER,I REMEMBERED SAYING HAVE WE BEEN TOGETHER,0.14285714285714285,0.0,0.0,0.0,0.0
2019,6930,81414,18,resample_control,,I REMEMBER SAYING HAVE WE BEEN TOGETHER,I REMEMBERED SAYING HAVE WE BEEN TOGETHER,0.14285714285714285,4.874413013458252,0.003569304943084717,0.0028177499771118164,0.0002980828285217285
2019,6930,81414,18,encodec_24k,24.0,I REMEMBER SAYING HAVE WE BEEN TOGETHER,I REMEMBERED SAYING HAVE WE BEEN TOGETHER,0.14285714285714285,104.04947662353516,0.13224315643310547,0.0648842453956604,0.016719341278076172
2019,6930,81414,18,encodec_6k,6.0,I REMEMBER SAYING HAVE WE BEEN TOGETHER,I REMEMBERED SAYING HAVE WE BEEN TOGETHER,0.14285714285714285,115.62521362304688,0.2226276397705078,0.11094039678573608,0.03098118305206299
2019,6930,81414,18,encodec_1.5k,1.5,I REMEMBER SAYING HAVE WE BEEN TOGETHER,OUR LILERD SAYING HAVE WE BINTY GETHER,0.5714285714285714,130.50733947753906,0.3945942521095276,0.30788034200668335,0.2887150049209595
781,260,123440,18,wav,,I AM VERY TIRED OF SWIMMING ABOUT HERE O MOUSE,I AM VERY TIRED OF SWIMMING ABOUT HERE O MOUSE,0.0,0.0,0.0,0.0,0.0
781,260,123440,18,resample_control,,I AM VERY TIRED OF SWIMMING ABOUT HERE O MOUSE,I AM VERY TIRED OF SWIMMING ABOUT HERE O MOUSE,0.0,4.920933723449707,0.0021328330039978027,0.0026196837425231934,0.00024700164794921875
781,260,123440,18,encodec_24k,24.0,I AM VERY TIRED OF SWIMMING ABOUT HERE O MOUSE,I AM VERY TIRED OF SWIMMING ABOUT HERE O MOUSE,0.0,115.2972640991211,0.11736840009689331,0.06043177843093872,0.006904542446136475
781,260,123440,18,encodec_6k,6.0,I AM VERY TIRED OF SWIMMING ABOUT HERE O MOUSE,I AM VERY TIRED OF SWIMMING ABOUT HERE O MOUSE,0.0,124.55847930908203,0.17266321182250977,0.08985286951065063,0.01641523838043213
781,260,123440,18,encodec_1.5k,1.5,I AM VERY TIRED OF SWIMMING ABOUT HERE O MOUSE,I AM VERY TIRED OF SWIMMING ABOUT HERE O MOUSE,0.0,131.73638916015625,0.30572396516799927,0.1682073473930359,0.06030088663101196
1270,4507,16021,49,wav,,THERE IS HARDLY ONE DAY OUT OF A HUNDRED WHICH IS WHOLLY JOYOUS AND SUNNY,THERE IS HARDLY ONE DAY OUT OF A HUNDRED WHICH IS WHOLLY JOYOUS AND SUNNY,0.0,0.0,0.0,0.0,0.0
1270,4507,16021,49,resample_control,,THERE IS HARDLY ONE DAY OUT OF A HUNDRED WHICH IS WHOLLY JOYOUS AND SUNNY,THERE IS HARDLY ONE DAY OUT OF A HUNDRED WHICH IS WHOLLY JOYOUS AND SUNNY,0.0,4.598648548126221,0.004155158996582031,0.008483707904815674,0.0011543035507202148
1270,4507,16021,49,encodec_24k,24.0,THERE IS HARDLY ONE DAY OUT OF A HUNDRED WHICH IS WHOLLY JOYOUS AND SUNNY,THERE IS HARDLY ONE DAY OUT OF A HUNDRED WHICH IS WHOLLY JOYOUS AND SUNNY,0.0,110.25878143310547,0.11106544733047485,0.05812138319015503,0.01800680160522461
1270,4507,16021,49,encodec_6k,6.0,THERE IS HARDLY ONE DAY OUT OF A HUNDRED WHICH IS WHOLLY JOYOUS AND SUNNY,THERE IS HARDLY ONE DAY OUT OF A HUNDRED WHICH IS WHOLLY JOYOUS AND SUNNY,0.0,119.4522705078125,0.17218685150146484,0.08532857894897461,0.026913702487945557
1270,4507,16021,49,encodec_1.5k,1.5,THERE IS HARDLY ONE DAY OUT OF A HUNDRED WHICH IS WHOLLY JOYOUS AND SUNNY,THERE IS HARDLY ONE DAY OUT OF A HUNDRED WHICH IS WHOLLY JULIOUS AND SUMMING,0.13333333333333333,135.1803741455078,0.3280148506164551,0.24669331312179565,0.20395702123641968
36,1089,134686,36,wav,,A GREAT SAINT SAINT FRANCIS XAVIER,A GREAT SAINT SAINT FRANCIS ZAVIR,0.16666666666666666,0.0,0.0,0.0,0.0
36,1089,134686,36,resample_control,,A GREAT SAINT SAINT FRANCIS XAVIER,A GREAT SAINT SAINT FRANCIS ZAVIR,0.16666666666666666,4.68739652633667,0.0025009512901306152,0.0007283687591552734,0.00037288665771484375
36,1089,134686,36,encodec_24k,24.0,A GREAT SAINT SAINT FRANCIS XAVIER,A GREAT SAINT SAINT FRANCIS ZAVIR,0.16666666666666666,95.38310241699219,0.1117469072341919,0.04822885990142822,0.015032470226287842
36,1089,134686,36,encodec_6k,6.0,A GREAT SAINT SAINT FRANCIS XAVIER,A GREAT SAINT SAINT FRANCIS ZAVIR,0.16666666666666666,99.71116638183594,0.18151742219924927,0.0754014253616333,0.02657496929168701
36,1089,134686,36,encodec_1.5k,1.5,A GREAT SAINT SAINT FRANCIS XAVIER,THE GREAT SAINT SAINT FRANCIS ZAVIIR,0.3333333333333333,125.29232788085938,0.33006882667541504,0.1819872260093689,0.07262128591537476
1933,6829,68771,19,wav,,SHE WAS DRESSED IN THE REGULATION COSTUME OF THE MAIDS AT ELMHURST A PLAIN BLACK GOWN WITH WHITE APRON AND CAP,SHE WAS DRESSED IN THE REGULATION COSTUME OF THE MAIDS AT ELMHURST A PLAIN BLACK GOWN WITH A WHITE APRON AND CAP,0.047619047619047616,0.0,0.0,0.0,0.0
1933,6829,68771,19,resample_control,,SHE WAS DRESSED IN THE REGULATION COSTUME OF THE MAIDS AT ELMHURST A PLAIN BLACK GOWN WITH WHITE APRON AND CAP,SHE WAS DRESSED IN THE REGULATION COSTUME OF THE MAIDS AT ELMHURST A PLAIN BLACK GOWN WITH A WHITE APRON AND CAP,0.047619047619047616,4.604782581329346,0.0024756193161010742,0.0007554888725280762,0.00028192996978759766
1933,6829,68771,19,encodec_24k,24.0,SHE WAS DRESSED IN THE REGULATION COSTUME OF THE MAIDS AT ELMHURST A PLAIN BLACK GOWN WITH WHITE APRON AND CAP,SHE WAS DRESSED IN THE REGULATION COSTUME OF THE MAIDS AT ELMHURST A PLAIN BLACK GOWN WITH A WHITE APRON AND CAP,0.047619047619047616,114.14022064208984,0.1302216649055481,0.04938626289367676,0.015741288661956787
1933,6829,68771,19,encodec_6k,6.0,SHE WAS DRESSED IN THE REGULATION COSTUME OF THE MAIDS AT ELMHURST A PLAIN BLACK GOWN WITH WHITE APRON AND CAP,SHE WAS DRESSED IN THE REGULATION COSTUME OF THE MAIDS AT ELMHURST A PLAIN BLACK GOWN WITH A WHITE APRON AND CAP,0.047619047619047616,121.21649932861328,0.18482989072799683,0.06800520420074463,0.019793927669525146
1933,6829,68771,19,encodec_1.5k,1.5,SHE WAS DRESSED IN THE REGULATION COSTUME OF THE MAIDS AT ELMHURST A PLAIN BLACK GOWN WITH WHITE APRON AND CAP,SHE WAS TRUSSED IN THE REGULATION COSTUME OF THE MAIDS AT ELMHURST A PLAIN BLACK GOWN WITH A WHITE APRON AND CAP,0.09523809523809523,139.43431091308594,0.3383793234825134,0.18472379446029663,0.09390193223953247
1792,672,122797,7,wav,,IN AUTUMN THE WOOD CUTTERS ALWAYS CAME AND FELLED SOME OF THE LARGEST TREES,IN AUTUMN THE WOODCUTTERS ALWAYS CAME AND FELL'D SOME OF THE LARGEST TREES,0.21428571428571427,0.0,0.0,0.0,0.0
1792,672,122797,7,resample_control,,IN AUTUMN THE WOOD CUTTERS ALWAYS CAME AND FELLED SOME OF THE LARGEST TREES,IN AUTUMN THE WOODCUTTERS ALWAYS CAME AND FELLED SOME OF THE LARGEST TREES,0.14285714285714285,4.723870754241943,0.004500269889831543,0.010506033897399902,0.003725409507751465
1792,672,122797,7,encodec_24k,24.0,IN AUTUMN THE WOOD CUTTERS ALWAYS CAME AND FELLED SOME OF THE LARGEST TREES,IN AUTUMN THE WOODCUTTERS ALWAYS CAME AND FELLED SOME OF THE LARGEST TREES,0.14285714285714285,79.61946105957031,0.09167736768722534,0.05558907985687256,0.012044250965118408
1792,672,122797,7,encodec_6k,6.0,IN AUTUMN THE WOOD CUTTERS ALWAYS CAME AND FELLED SOME OF THE LARGEST TREES,IN AUTUMN THE WOODCUTTERS ALWAYS CAME AND FELLED SOME OF THE LARGEST TREES,0.14285714285714285,87.94466400146484,0.16580164432525635,0.09018456935882568,0.021234333515167236
1792,672,122797,7,encodec_1.5k,1.5,IN AUTUMN THE WOOD CUTTERS ALWAYS CAME AND FELLED SOME OF THE LARGEST TREES,IN AUTUMN THE WOODCUTTERS ALWAYS CAME AND FELLD SOME OF THE LARGEST TREES,0.21428571428571427,115.31510162353516,0.35711508989334106,0.21012908220291138,0.06743878126144409
1769,61,70970,25,wav,,THEY WERE UPON THE VERGE OF AN OPEN TRAP IN THE FAR CORNER OF THE HUT AND STUTELEY HAD TRIPPED OVER THE EDGE OF THE REVERSED FLAP MOUTH OF THIS PIT,THEY WERE UPON THE VERGE OF AN OPEN TRAP IN THE FAR CORNER OF THE HUT AND STUTLEY HAD TRIPPED OVER THE EDGE OF THE REVERSED FLAPMOUTH OF THIS PIT,0.0967741935483871,0.0,0.0,0.0,0.0
1769,61,70970,25,resample_control,,THEY WERE UPON THE VERGE OF AN OPEN TRAP IN THE FAR CORNER OF THE HUT AND STUTELEY HAD TRIPPED OVER THE EDGE OF THE REVERSED FLAP MOUTH OF THIS PIT,THEY WERE UPON THE VERGE OF AN OPEN TRAP IN THE FAR CORNER OF THE HUT AND STUTLEY HAD TRIPPED OVER THE EDGE OF THE REVERSED FLAPMOUTH OF THIS PIT,0.0967741935483871,4.724083423614502,0.0032248497009277344,0.0015169978141784668,0.00041097402572631836
1769,61,70970,25,encodec_24k,24.0,THEY WERE UPON THE VERGE OF AN OPEN TRAP IN THE FAR CORNER OF THE HUT AND STUTELEY HAD TRIPPED OVER THE EDGE OF THE REVERSED FLAP MOUTH OF THIS PIT,THEY WERE UPON THE VERGE OF AN OPEN TRAP IN THE FAR CORNER OF THE HUT AND STUTLEY HAD TRIPPED OVER THE EDGE OF THE REVERSED FLAPMOUTH OF THIS PIT,0.0967741935483871,82.86483764648438,0.08748161792755127,0.030996739864349365,0.01644611358642578
1769,61,70970,25,encodec_6k,6.0,THEY WERE UPON THE VERGE OF AN OPEN TRAP IN THE FAR CORNER OF THE HUT AND STUTELEY HAD TRIPPED OVER THE EDGE OF THE REVERSED FLAP MOUTH OF THIS PIT,THEY WERE UPON THE VERGE OF AN OPEN TRAP IN THE FAR CORNER OF THE HUT AND STUTLEY HAD TRIPPED OVER THE EDGE OF THE REVERSED FLAPMOUTH OF THIS PIT,0.0967741935483871,92.3000717163086,0.15978294610977173,0.05691462755203247,0.018615126609802246
1769,61,70970,25,encodec_1.5k,1.5,THEY WERE UPON THE VERGE OF AN OPEN TRAP IN THE FAR CORNER OF THE HUT AND STUTELEY HAD TRIPPED OVER THE EDGE OF THE REVERSED FLAP MOUTH OF THIS PIT,THEY WERE UPON THE VERGE OF AN OPEN TROP IN THE FAR CORNER OF THE HUT AND STOUTLEY AD TRIPPED OVER THE EDGE OF THE REVERSED FLATMOUTH OF THIS PIT,0.16129032258064516,106.15081787109375,0.3187548518180847,0.18105822801589966,0.10053509473800659
1705,61,70968,24,wav,,SPOKE THE SQUIRE LOSING ALL PATIENCE AND IT WAS TO YOU THAT I GAVE ANOTHER PURSE IN CONSOLATION,SPOKE THE SQUIRE LOSING ALL PATIENT AND IT WAS TO YOU THAT I GAVE ANOTHER PERSON CONSOLATION,0.16666666666666666,0.0,0.0,0.0,0.0
1705,61,70968,24,resample_control,,SPOKE THE SQUIRE LOSING ALL PATIENCE AND IT WAS TO YOU THAT I GAVE ANOTHER PURSE IN CONSOLATION,SPOKE THE SQUIRE LOSING ALL PATIENT AND IT WAS TO YOU THAT I GAVE ANOTHER PERSON CONSOLATION,0.16666666666666666,4.7482590675354,0.0023956894874572754,0.0009742379188537598,0.0004246234893798828
1705,61,70968,24,encodec_24k,24.0,SPOKE THE SQUIRE LOSING ALL PATIENCE AND IT WAS TO YOU THAT I GAVE ANOTHER PURSE IN CONSOLATION,SPOKE THE SQUIRE LOSING ALL PATIENT AND IT WAS TO YOU THAT I GAVE ANOTHER PERSON CONSOLATION,0.16666666666666666,81.04729461669922,0.08946925401687622,0.03957772254943848,0.018132686614990234
1705,61,70968,24,encodec_6k,6.0,SPOKE THE SQUIRE LOSING ALL PATIENCE AND IT WAS TO YOU THAT I GAVE ANOTHER PURSE IN CONSOLATION,SPOKE THE SQUIRE LOSING ALL PATIENT AND IT WAS TO YOU THAT I GAVE ANOTHER PERSON CONSOLATION,0.16666666666666666,92.3380126953125,0.15430110692977905,0.06863147020339966,0.02767336368560791
1705,61,70968,24,encodec_1.5k,1.5,SPOKE THE SQUIRE LOSING ALL PATIENCE AND IT WAS TO YOU THAT I GAVE ANOTHER PURSE IN CONSOLATION,SPOKE THIS QUIRE LOSING ALL PATIENT AND IT WAS TO YOU THAT I GAVE ANOTHER PERSON CONSOLATION,0.2777777777777778,112.84748840332031,0.30265188217163086,0.17470777034759521,0.1036539077758789
1803,672,122797,18,wav,,REJOICE IN OUR PRESENCE SAID THE AIR AND THE SUNLIGHT,REJOICE IN OUR PRESENCE SAID THE AIR AND THE SUNLIGHT,0.0,0.0,0.0,0.0,0.0
1803,672,122797,18,resample_control,,REJOICE IN OUR PRESENCE SAID THE AIR AND THE SUNLIGHT,REJOICE IN OUR PRESENCE SAID THE AIR AND THE SUNLIGHT,0.0,4.690156936645508,0.0038675665855407715,0.0025486350059509277,0.0012112855911254883
1803,672,122797,18,encodec_24k,24.0,REJOICE IN OUR PRESENCE SAID THE AIR AND THE SUNLIGHT,REJOICE IN OUR PRESENCE SAID THE AIR AND THE SUNLIGHT,0.0,86.03438568115234,0.09354913234710693,0.03846937417984009,0.009524226188659668
1803,672,122797,18,encodec_6k,6.0,REJOICE IN OUR PRESENCE SAID THE AIR AND THE SUNLIGHT,REJOICE IN OUR PRESENCE SAID THE AIR AND THE SUNLIGHT,0.0,91.52348327636719,0.16379493474960327,0.0772559642791748,0.02472323179244995
1803,672,122797,18,encodec_1.5k,1.5,REJOICE IN OUR PRESENCE SAID THE AIR AND THE SUNLIGHT,RYJOICE IN OUR PRESENCE SAID THE AIR IN THE SUNLIGHT,0.2,112.49957275390625,0.3148379325866699,0.16210311651229858,0.12712818384170532
1220,4446,2275,45,wav,,WE'VE TORTURED EACH OTHER ENOUGH FOR TONIGHT,WE'VE TORTURED EACH OTHER ENOUGH FOR TO NIGHT,0.2857142857142857,0.0,0.0,0.0,0.0
1220,4446,2275,45,resample_control,,WE'VE TORTURED EACH OTHER ENOUGH FOR TONIGHT,WE'VE TORTURED EACH OTHER ENOUGH FOR TO NIGHT,0.2857142857142857,4.6946916580200195,0.0029520392417907715,0.0015246272087097168,0.00036782026290893555
1220,4446,2275,45,encodec_24k,24.0,WE'VE TORTURED EACH OTHER ENOUGH FOR TONIGHT,WE'VE TORTURED EACH OTHER ENOUGH FOR TO NIGHT,0.2857142857142857,123.69805908203125,0.14525216817855835,0.08276313543319702,0.015275776386260986
1220,4446,2275,45,encodec_6k,6.0,WE'VE TORTURED EACH OTHER ENOUGH FOR TONIGHT,WE'VE TORTURED EACH OTHER ENOUGH FOR TO NIGHT,0.2857142857142857,133.24749755859375,0.20580369234085083,0.10340487957000732,0.021637320518493652
1220,4446,2275,45,encodec_1.5k,1.5,WE'VE TORTURED EACH OTHER ENOUGH FOR TONIGHT,WHO'VE TORTURED EACH OTHER ENOUGH FOR TO NIGHT,0.42857142857142855,152.9027557373047,0.34501636028289795,0.2175382375717163,0.09586858749389648
2324,8230,279154,12,wav,,FAMILIARITY IS A FEELING CAPABLE OF DEGREES,FAMILIARITY IS A FILLING CAPABLE OF DEGREES,0.14285714285714285,0.0,0.0,0.0,0.0
2324,8230,279154,12,resample_control,,FAMILIARITY IS A FEELING CAPABLE OF DEGREES,FAMILIARITY IS A FILLING CAPABLE OF DEGREES,0.14285714285714285,4.857149600982666,0.004405319690704346,0.01374959945678711,0.0007023215293884277
2324,8230,279154,12,encodec_24k,24.0,FAMILIARITY IS A FEELING CAPABLE OF DEGREES,FAMILIARITY IS A FILLING CAPABLE OF DEGREES,0.14285714285714285,114.18877410888672,0.13961529731750488,0.07339376211166382,0.011488199234008789
2324,8230,279154,12,encodec_6k,6.0,FAMILIARITY IS A FEELING CAPABLE OF DEGREES,FAMILIARITY IS A FILLING CAPABLE OF DEGREES,0.14285714285714285,129.5921173095703,0.20601588487625122,0.079967200756073,0.020580649375915527
2324,8230,279154,12,encodec_1.5k,1.5,FAMILIARITY IS A FEELING CAPABLE OF DEGREES,FAMILIARITY IS A FEELING CAPABLE OF DEGREES,0.0,146.7567138671875,0.35776448249816895,0.1953291893005371,0.08792257308959961
1215,4446,2275,40,wav,,THE SIGHT OF YOU BARTLEY TO SEE YOU LIVING AND HAPPY AND SUCCESSFUL CAN I NEVER MAKE YOU UNDERSTAND WHAT THAT MEANS TO ME,THE SIGHT OF YOU BARTLEY TO SEE YOU LIVING AND HAPPY AND SUCCESSFUL CAN I NEVER MAKE YOU UNDERSTAND WHAT THAT MEANS TO ME,0.0,0.0,0.0,0.0,0.0
1215,4446,2275,40,resample_control,,THE SIGHT OF YOU BARTLEY TO SEE YOU LIVING AND HAPPY AND SUCCESSFUL CAN I NEVER MAKE YOU UNDERSTAND WHAT THAT MEANS TO ME,THE SIGHT OF YOU BARTLEY TO SEE YOU LIVING AND HAPPY AND SUCCESSFUL CAN I NEVER MAKE YOU UNDERSTAND WHAT THAT MEANS TO ME,0.0,4.612893581390381,0.0017590522766113281,0.0004520416259765625,0.00017189979553222656
1215,4446,2275,40,encodec_24k,24.0,THE SIGHT OF YOU BARTLEY TO SEE YOU LIVING AND HAPPY AND SUCCESSFUL CAN I NEVER MAKE YOU UNDERSTAND WHAT THAT MEANS TO ME,THE SIGHT OF YOU BARTLEY TO SEE YOU LIVING AND HAPPY AND SUCCESSFUL CAN I NEVER MAKE YOU UNDERSTAND WHAT THAT MEANS TO ME,0.0,111.53755950927734,0.11445373296737671,0.047350406646728516,0.011151731014251709
1215,4446,2275,40,encodec_6k,6.0,THE SIGHT OF YOU BARTLEY TO SEE YOU LIVING AND HAPPY AND SUCCESSFUL CAN I NEVER MAKE YOU UNDERSTAND WHAT THAT MEANS TO ME,THE SIGHT OF YOU BARTLEY TO SEE YOU LIVING AND HAPPY AND SUCCESSFUL CAN I NEVER MAKE YOU UNDERSTAND WHAT THAT MEANS TO ME,0.0,116.7011947631836,0.17216509580612183,0.0779346227645874,0.010720014572143555
1215,4446,2275,40,encodec_1.5k,1.5,THE SIGHT OF YOU BARTLEY TO SEE YOU LIVING AND HAPPY AND SUCCESSFUL CAN I NEVER MAKE YOU UNDERSTAND WHAT THAT MEANS TO ME,THE SIGHT OF YOU BARTNY TO SEE YOU LIVING AND HAPPY AND SUCCESSFUL CAN I NEVER MAKE YOU UNDERSTAND WHAT THAT MEANS TO ME,0.041666666666666664,131.2464141845703,0.31787800788879395,0.16199254989624023,0.06242281198501587
906,2961,961,9,wav,,TELL US SAID THE OTHER THE WHOLE STORY AND WHERE SOLON HEARD THE STORY,TELL US SAID THE OTHER THE WHOLE STORY AND WHERE SOLON HEARD THE STORY,0.0,0.0,0.0,0.0,0.0
906,2961,961,9,resample_control,,TELL US SAID THE OTHER THE WHOLE STORY AND WHERE SOLON HEARD THE STORY,TELL US SAID THE OTHER THE WHOLE STORY AND WHERE SOLON HEARD THE STORY,0.0,4.620867729187012,0.003071129322052002,0.0015063881874084473,0.000489652156829834
906,2961,961,9,encodec_24k,24.0,TELL US SAID THE OTHER THE WHOLE STORY AND WHERE SOLON HEARD THE STORY,TELL US SAID THE OTHER THE WHOLE STORY AND WHERE' SALON HEARD THE STORY,0.14285714285714285,204.12571716308594,0.212155282497406,0.1285751461982727,0.02203977108001709
906,2961,961,9,encodec_6k,6.0,TELL US SAID THE OTHER THE WHOLE STORY AND WHERE SOLON HEARD THE STORY,TELL US SAID THE OTHER THE WHOLE STORY AND WHERE' SOLEN HEARD THIS STORY,0.21428571428571427,223.49864196777344,0.2563442587852478,0.13312208652496338,0.02376270294189453
906,2961,961,9,encodec_1.5k,1.5,TELL US SAID THE OTHER THE WHOLE STORY AND WHERE SOLON HEARD THE STORY,TELL US SAID THE YOUNGEN THE WHOLE STORY AND WHERE SAW AN HEARD THIS STORY,0.2857142857142857,227.74478149414062,0.3711240887641907,0.24435001611709595,0.17930090427398682
798,2830,3980,1,wav,,THEY SAID TO THE GALATIANS YOU HAVE NO RIGHT TO THINK HIGHLY OF PAUL,THEY SAID TO THE GALACIANS YOU HAVE NO RIGHT TO THINK HIGHLY OF PAUL,0.07142857142857142,0.0,0.0,0.0,0.0
798,2830,3980,1,resample_control,,THEY SAID TO THE GALATIANS YOU HAVE NO RIGHT TO THINK HIGHLY OF PAUL,THEY SAID TO THE GALACIANS YOU HAVE NO RIGHT TO THINK HIGHLY OF PAUL,0.07142857142857142,4.789985656738281,0.002116858959197998,0.0015596747398376465,0.0007023811340332031
798,2830,3980,1,encodec_24k,24.0,THEY SAID TO THE GALATIANS YOU HAVE NO RIGHT TO THINK HIGHLY OF PAUL,THEY SAID TO THE GALACIANS YOU HAVE NO RIGHT TO THINK HIGHLY OF PAUL,0.07142857142857142,85.71908569335938,0.08354979753494263,0.04313862323760986,0.010750412940979004
798,2830,3980,1,encodec_6k,6.0,THEY SAID TO THE GALATIANS YOU HAVE NO RIGHT TO THINK HIGHLY OF PAUL,THEY SAID TO THE GALLACIANS YOU HAVE NO RIGHT TO THINK HIGHLY OF PAUL,0.07142857142857142,97.52980041503906,0.14766883850097656,0.0683220624923706,0.026451945304870605
798,2830,3980,1,encodec_1.5k,1.5,THEY SAID TO THE GALATIANS YOU HAVE NO RIGHT TO THINK HIGHLY OF PAUL,BE SAID TO THE GALACIANS YOU HAVE NO RIGHT TO THINK HIGHLY OF PAUL,0.14285714285714285,105.73684692382812,0.28806954622268677,0.16097432374954224,0.08989113569259644
2219,7176,92135,32,wav,,HOW YOU MAY BE WONDERING ARE YOU TO BEGIN YOUR MASTERPIECE,HOW YOU MAY BE WONDERING ARE YOU TO BEGIN YOUR MASTERPIECE,0.0,0.0,0.0,0.0,0.0
2219,7176,92135,32,resample_control,,HOW YOU MAY BE WONDERING ARE YOU TO BEGIN YOUR MASTERPIECE,HOW YOU MAY BE WONDERING ARE YOU TO BEGIN YOUR MASTERPIECE,0.0,4.776238441467285,0.0023323893547058105,0.0017052888870239258,0.00033080577850341797
2219,7176,92135,32,encodec_24k,24.0,HOW YOU MAY BE WONDERING ARE YOU TO BEGIN YOUR MASTERPIECE,HOW YOU MAY BE WONDERING ARE YOU TO BEGIN YOUR MASTERPIECE,0.0,91.25496673583984,0.10184001922607422,0.03520810604095459,0.015724480152130127
2219,7176,92135,32,encodec_6k,6.0,HOW YOU MAY BE WONDERING ARE YOU TO BEGIN YOUR MASTERPIECE,HOW YOU MAY BE WONDERING ARE YOU TO BEGIN YOUR MASTERPIECE,0.0,105.63970184326172,0.17563003301620483,0.0744292140007019,0.03205716609954834
2219,7176,92135,32,encodec_1.5k,1.5,HOW YOU MAY BE WONDERING ARE YOU TO BEGIN YOUR MASTERPIECE,HOW YOU MADE ME WONDERING ARE YOU TO BEGIN YOUR MASTERPIECE,0.18181818181818182,122.69520568847656,0.3358772397041321,0.2266784906387329,0.17948710918426514
179,1221,135766,8,wav,,MINDFUL HOWEVER OF HER OWN ERRORS AND MISFORTUNES SHE EARLY SOUGHT TO IMPOSE A TENDER BUT STRICT CONTROL OVER THE INFANT IMMORTALITY THAT WAS COMMITTED TO HER CHARGE,MINDFUL HOWEVER OF HER OWN ERRORS AND MISFORTUNES SHE EARLY SOUGHT TO IMPOSE A TENDER BUT STRICT CONTROL OVER THE INFANT IMMORTALITY THAT WAS COMMITTED TO HER CHARGE,0.0,0.0,0.0,0.0,0.0
179,1221,135766,8,resample_control,,MINDFUL HOWEVER OF HER OWN ERRORS AND MISFORTUNES SHE EARLY SOUGHT TO IMPOSE A TENDER BUT STRICT CONTROL OVER THE INFANT IMMORTALITY THAT WAS COMMITTED TO HER CHARGE,MINDFUL HOWEVER OF HER OWN ERRORS AND MISFORTUNES SHE EARLY SOUGHT TO IMPOSE A TENDER BUT STRICT CONTROL OVER THE INFANT IMMORTALITY THAT WAS COMMITTED TO HER CHARGE,0.0,4.614335060119629,0.0029855966567993164,0.0010793209075927734,0.00019431114196777344
179,1221,135766,8,encodec_24k,24.0,MINDFUL HOWEVER OF HER OWN ERRORS AND MISFORTUNES SHE EARLY SOUGHT TO IMPOSE A TENDER BUT STRICT CONTROL OVER THE INFANT IMMORTALITY THAT WAS COMMITTED TO HER CHARGE,MINDFUL HOWEVER OF HER OWN ERRORS AND MISFORTUNES SHE EARLY SOUGHT TO IMPOSE A TENDER BUT STRICT CONTROL OVER THE INFANT IMMORTALITY THAT WAS COMMITTED TO HER CHARGE,0.0,82.14022064208984,0.0843692421913147,0.020964980125427246,0.005195498466491699
179,1221,135766,8,encodec_6k,6.0,MINDFUL HOWEVER OF HER OWN ERRORS AND MISFORTUNES SHE EARLY SOUGHT TO IMPOSE A TENDER BUT STRICT CONTROL OVER THE INFANT IMMORTALITY THAT WAS COMMITTED TO HER CHARGE,MINDFUL HOWEVER OF HER OWN ERRORS AND MISFORTUNES SHE EARLY SOUGHT TO IMPOSE A TENDER BUT STRICT CONTROL OVER THE INFANT IMMORTALITY THAT WAS COMMITTED TO HER CHARGE,0.0,92.4450454711914,0.1539074182510376,0.04485344886779785,0.015469908714294434
179,1221,135766,8,encodec_1.5k,1.5,MINDFUL HOWEVER OF HER OWN ERRORS AND MISFORTUNES SHE EARLY SOUGHT TO IMPOSE A TENDER BUT STRICT CONTROL OVER THE INFANT IMMORTALITY THAT WAS COMMITTED TO HER CHARGE,MINDFUL HOWEVER OF HER OWN ERRORS AND MISFORTUNES SHE EARLY SOUGHT TO IMPOSE A TENDER BUT STRICT CONTROL OVER THE INFANT IMMORTALITY THAT WAS COMMITTED TO HER CHARGE,0.0,105.53634643554688,0.3365653157234192,0.14395755529403687,0.05100351572036743
2579,908,157963,16,wav,,I PASS AWAY YET I COMPLAIN AND NO ONE HEARS MY VOICE,I PASS AWAY YET I COMPLAIN AND NO ONE HEARS MY VOICE,0.0,0.0,0.0,0.0,0.0
2579,908,157963,16,resample_control,,I PASS AWAY YET I COMPLAIN AND NO ONE HEARS MY VOICE,I PASS AWAY YET I COMPLAIN AND NO ONE HEARS MY VOICE,0.0,4.865329742431641,0.004195034503936768,0.002753019332885742,0.0003433823585510254
2579,908,157963,16,encodec_24k,24.0,I PASS AWAY YET I COMPLAIN AND NO ONE HEARS MY VOICE,I PASS AWAY YET I COMPLAIN AND NO ONE HEARS MY VOICE,0.0,89.58162689208984,0.11139363050460815,0.0748283863067627,0.009557843208312988
2579,908,157963,16,encodec_6k,6.0,I PASS AWAY YET I COMPLAIN AND NO ONE HEARS MY VOICE,I PASS AWAY YET I COMPLAIN AND NO ONE HEARS MY VOICE,0.0,103.75208282470703,0.18380260467529297,0.11346971988677979,0.020507097244262695
2579,908,157963,16,encodec_1.5k,1.5,I PASS AWAY YET I COMPLAIN AND NO ONE HEARS MY VOICE,I PASS AWAY YET I COMPLAIN AND NO ONE HEARS MY VOICE,0.0,138.49057006835938,0.3441733717918396,0.23354953527450562,0.10498714447021484
1087,4077,13751,13,wav,,THEIR SUFFERINGS HAVE NEVER YET BEEN FITLY CHRONICLED BY HUMAN SCRIBE,THEIR SUFFERINGS HAVE NEVER YET BEEN FITLY CHRONICLED BY HUMAN SCRIBE,0.0,0.0,0.0,0.0,0.0
1087,4077,13751,13,resample_control,,THEIR SUFFERINGS HAVE NEVER YET BEEN FITLY CHRONICLED BY HUMAN SCRIBE,THEIR SUFFERINGS HAVE NEVER YET BEEN FITLY CHRONICLE BY HUMAN SCRIBE,0.09090909090909091,4.793465614318848,0.00277864933013916,0.0012426972389221191,0.00039637088775634766
1087,4077,13751,13,encodec_24k,24.0,THEIR SUFFERINGS HAVE NEVER YET BEEN FITLY CHRONICLED BY HUMAN SCRIBE,THEIR SUFFERINGS HAVE NEVER YET BEEN FITLY CHRONICLED BY HUMAN SCRIBE,0.0,94.95375061035156,0.10919046401977539,0.052062928676605225,0.008365154266357422
1087,4077,13751,13,encodec_6k,6.0,THEIR SUFFERINGS HAVE NEVER YET BEEN FITLY CHRONICLED BY HUMAN SCRIBE,THEIR SUFFERINGS HAVE NEVER YET BEEN FITLY CHRONICLED BY HUMAN SCRIBE,0.0,104.59487915039062,0.17658251523971558,0.08300358057022095,0.013730764389038086
1087,4077,13751,13,encodec_1.5k,1.5,THEIR SUFFERINGS HAVE NEVER YET BEEN FITLY CHRONICLED BY HUMAN SCRIBE,THEIR SUFFERINGS HAVE NEVER YET BEEN FITLY CHRONICAL BY HUMAN SCRIBE,0.09090909090909091,117.01415252685547,0.3310965895652771,0.20378732681274414,0.08091706037521362
683,237,134500,24,wav,,I LIKE TO TALK TO CARL ABOUT NEW YORK AND WHAT A FELLOW CAN DO THERE,I LIKE TO TALK TO KARL ABOUT NEW YORK AND WHAT A FELLOW CAN DO THERE,0.0625,0.0,0.0,0.0,0.0
683,237,134500,24,resample_control,,I LIKE TO TALK TO CARL ABOUT NEW YORK AND WHAT A FELLOW CAN DO THERE,I LIKE TO TALK TO KARL ABOUT NEW YORK AND WHAT A FELLOW CAN DO THERE,0.0625,4.680838108062744,0.008321702480316162,0.009319484233856201,0.005303382873535156
683,237,134500,24,encodec_24k,24.0,I LIKE TO TALK TO CARL ABOUT NEW YORK AND WHAT A FELLOW CAN DO THERE,I LIKE TO TALK TO KARL ABOUT NEW YORK AND WHAT A FELLOW CAN DO THERE,0.0625,124.53153228759766,0.15673834085464478,0.07188332080841064,0.015405833721160889
683,237,134500,24,encodec_6k,6.0,I LIKE TO TALK TO CARL ABOUT NEW YORK AND WHAT A FELLOW CAN DO THERE,I LIKE TO TALK TO KARL ABOUT NEW YORK AND WHAT A FELLOW CAN DO THERE,0.0625,145.53529357910156,0.22667771577835083,0.10546267032623291,0.03659224510192871
683,237,134500,24,encodec_1.5k,1.5,I LIKE TO TALK TO CARL ABOUT NEW YORK AND WHAT A FELLOW CAN DO THERE,I LIKE TO TALK TO GARL ABOUT YOU EROPE AN WHAT A FELLOW CAN DO THERE,0.25,204.34686279296875,0.39879995584487915,0.2616933584213257,0.17263752222061157
1970,6930,75918,19,wav,,UPON THE LARGE SQUARE IN FRONT OF THE HOTEL THE SHADOWS OF THE TENTS INTERSECTED BY THE GOLDEN MOONBEAMS FORMED AS IT WERE A HUGE MOSAIC OF JET AND YELLOW FLAGSTONES,UPON THE LARGE SQUARE IN FRONT OF THE HOTEL THE SHADOWS OF THE TENTS INTERSECTED BY THE GOLDEN MOONBEAMS FORMED AS IT WERE A HUGE MOSAIC OF JET AND YELLOW FLAGSTONES,0.0,0.0,0.0,0.0,0.0
1970,6930,75918,19,resample_control,,UPON THE LARGE SQUARE IN FRONT OF THE HOTEL THE SHADOWS OF THE TENTS INTERSECTED BY THE GOLDEN MOONBEAMS FORMED AS IT WERE A HUGE MOSAIC OF JET AND YELLOW FLAGSTONES,UPON THE LARGE SQUARE IN FRONT OF THE HOTEL THE SHADOWS OF THE TENTS INTERSECTED BY THE GOLDEN MOONBEAMS FORMED AS IT WERE A HUGE MOSAIC OF JET AND YELLOW FLAGSTONES,0.0,4.778223514556885,0.0019499659538269043,0.0007051825523376465,0.000528872013092041
1970,6930,75918,19,encodec_24k,24.0,UPON THE LARGE SQUARE IN FRONT OF THE HOTEL THE SHADOWS OF THE TENTS INTERSECTED BY THE GOLDEN MOONBEAMS FORMED AS IT WERE A HUGE MOSAIC OF JET AND YELLOW FLAGSTONES,UPON THE LARGE SQUARE IN FRONT OF THE HOTEL THE SHADOWS OF THE TENTS INTERSECTED BY THE GOLDEN MOONBEAMS FORMED AS IT WERE A HUGE MOSAIC OF JET AND YELLOW FLAGSTONES,0.0,87.49652099609375,0.11797809600830078,0.03566098213195801,0.013962805271148682
1970,6930,75918,19,encodec_6k,6.0,UPON THE LARGE SQUARE IN FRONT OF THE HOTEL THE SHADOWS OF THE TENTS INTERSECTED BY THE GOLDEN MOONBEAMS FORMED AS IT WERE A HUGE MOSAIC OF JET AND YELLOW FLAGSTONES,UPON THE LARGE SQUARE IN FRONT OF THE HOTEL THE SHADOWS OF THE TENTS INTERSECTED BY THE GOLDEN MOONBEAMS FORMED AS IT WERE A HUGE MOSAIC OF JET AND YELLOW FLAGSTONES,0.0,96.88878631591797,0.1981046199798584,0.06062638759613037,0.03680586814880371
1970,6930,75918,19,encodec_1.5k,1.5,UPON THE LARGE SQUARE IN FRONT OF THE HOTEL THE SHADOWS OF THE TENTS INTERSECTED BY THE GOLDEN MOONBEAMS FORMED AS IT WERE A HUGE MOSAIC OF JET AND YELLOW FLAGSTONES,UPON THE LARGE SQUARE IN FRONT OF THE HOTEL THE SHADOWS OF THE TENTS INTERCEPTED BY THE GOLDEN MOON BEAMS FORMED AS IT WERE A HUGE MOSAIC OF JET AND YELLOW FLAGSTONES,0.0967741935483871,116.54814147949219,0.39633840322494507,0.23879176378250122,0.1260700225830078
2450,8463,294825,8,wav,,BUT MUCH OF THE NOVEL'S BROODING POWER COMES FROM CAPTAIN NEMO,BUT MUCH OF THE NOVELS BROODING POWER COMES FROM CAPTAIN NEMO,0.09090909090909091,0.0,0.0,0.0,0.0
2450,8463,294825,8,resample_control,,BUT MUCH OF THE NOVEL'S BROODING POWER COMES FROM CAPTAIN NEMO,BUT MUCH OF THE NOVELS BROODING POWER COMES FROM CAPTAIN NEMO,0.09090909090909091,4.892077922821045,0.0006567239761352539,0.000489652156829834,8.541345596313477e-05
2450,8463,294825,8,encodec_24k,24.0,BUT MUCH OF THE NOVEL'S BROODING POWER COMES FROM CAPTAIN NEMO,BUT MUCH OF THE NOVEL'S BROODING POWER COMES FROM CAPTAIN NEMO,0.0,77.73029327392578,0.09140616655349731,0.05135345458984375,0.015628159046173096
2450,8463,294825,8,encodec_6k,6.0,BUT MUCH OF THE NOVEL'S BROODING POWER COMES FROM CAPTAIN NEMO,BUT MUCH OF THE NOVEL'S BROODING POWER COMES FROM CAPTAIN NEMO,0.0,86.46226501464844,0.16088026762008667,0.11303973197937012,0.06839680671691895
2450,8463,294825,8,encodec_1.5k,1.5,BUT MUCH OF THE NOVEL'S BROODING POWER COMES FROM CAPTAIN NEMO,THAT THAT SHIS A NOFULSPIRATING POWER COMES FROM CAPTAIN NELO,0.6363636363636364,108.0837631225586,0.32361966371536255,0.2843278646469116,0.28145307302474976
2141,7127,75947,23,wav,,IT IS TOO DIFFICULT REPLIED MADEMOISELLE DE TONNAY CHARENTE LAUGHING LOUDLY,IT IS TOO DIFFICULT REPLIED MADEMOISELLE DE TANICHARENTE LAUGHING LOUDLY,0.18181818181818182,0.0,0.0,0.0,0.0
2141,7127,75947,23,resample_control,,IT IS TOO DIFFICULT REPLIED MADEMOISELLE DE TONNAY CHARENTE LAUGHING LOUDLY,IT IS TOO DIFFICULT REPLIED MADEMOISELLE DE TANICHARENTE LAUGHING LOUDLY,0.18181818181818182,4.665782928466797,0.0049661993980407715,0.0032201409339904785,0.0012284517288208008
2141,7127,75947,23,encodec_24k,24.0,IT IS TOO DIFFICULT REPLIED MADEMOISELLE DE TONNAY CHARENTE LAUGHING LOUDLY,IT IS TOO DIFFICULT REPLIED MADEMOISELLE DE TANICHALLENT LAUGHING LOUDLY,0.18181818181818182,157.40081787109375,0.17022705078125,0.09122103452682495,0.02295219898223877
2141,7127,75947,23,encodec_6k,6.0,IT IS TOO DIFFICULT REPLIED MADEMOISELLE DE TONNAY CHARENTE LAUGHING LOUDLY,IT IS TOO DIFFICULT REPLIED MADEMOISELLE DE TANI CHALLENT LAUGHING LOUDLY,0.18181818181818182,172.0223388671875,0.23291194438934326,0.12617939710617065,0.05113208293914795
2141,7127,75947,23,encodec_1.5k,1.5,IT IS TOO DIFFICULT REPLIED MADEMOISELLE DE TONNAY CHARENTE LAUGHING LOUDLY,IT IS TOO DIFFICULT REPLIED MADEMOISELLE DE TENACHALON LAUGHING LOUDLY,0.18181818181818182,187.19866943359375,0.3726794719696045,0.21439862251281738,0.09045147895812988
317,1320,122617,25,wav,,SO UNCAS YOU HAD BETTER TAKE THE LEAD WHILE I WILL PUT ON THE SKIN AGAIN AND TRUST TO CUNNING FOR WANT OF SPEED,SO UNCAS YOU HAD BETTER TAKE THE LEAD WHILE I WILL PUT ON THE SKIN AGAIN AND TRUST TO CUNNING FOR WANT OF SPEED,0.0,0.0,0.0,0.0,0.0
317,1320,122617,25,resample_control,,SO UNCAS YOU HAD BETTER TAKE THE LEAD WHILE I WILL PUT ON THE SKIN AGAIN AND TRUST TO CUNNING FOR WANT OF SPEED,SO UNCAS YOU HAD BETTER TAKE THE LEAD WHILE I WILL PUT ON THE SKIN AGAIN AND TRUST TO CUNNING FOR WANT OF SPEED,0.0,5.003310203552246,0.0022317171096801758,0.004759371280670166,0.0002397298812866211
317,1320,122617,25,encodec_24k,24.0,SO UNCAS YOU HAD BETTER TAKE THE LEAD WHILE I WILL PUT ON THE SKIN AGAIN AND TRUST TO CUNNING FOR WANT OF SPEED,SO UNCAS YOU HAD BETTER TAKE THE LEAD WHILE I WILL PUT ON THE SKIN AGAIN AND TRUST TO CUNNING FOR WANT OF SPEED,0.0,87.99723815917969,0.10192179679870605,0.05968862771987915,0.009440898895263672
317,1320,122617,25,encodec_6k,6.0,SO UNCAS YOU HAD BETTER TAKE THE LEAD WHILE I WILL PUT ON THE SKIN AGAIN AND TRUST TO CUNNING FOR WANT OF SPEED,SO UNCAS YOU HAD BETTER TAKE THE LEAD WHILE I WILL PUT ON THE SKIN AGAIN AND TRUST TO CUNNING FOR WANT OF SPEED,0.0,97.48078155517578,0.1561313271522522,0.07048046588897705,0.028314828872680664
317,1320,122617,25,encodec_1.5k,1.5,SO UNCAS YOU HAD BETTER TAKE THE LEAD WHILE I WILL PUT ON THE SKIN AGAIN AND TRUST TO CUNNING FOR WANT OF SPEED,SO UNCAS YOU HAD BETTER TAKE THE LEAD WELL I WILL PUT ON THE SKIN AGAIN AND TRUST TO CUNNING FOR WANT OF SPEED,0.041666666666666664,119.56182861328125,0.30566221475601196,0.20431196689605713,0.11743152141571045
442,1995,1826,3,wav,,BETTER GO HE HAD COUNSELLED SENTENTIOUSLY,BETTER GO HE HAD COUNSEL CENTENTIOUSLY,0.3333333333333333,0.0,0.0,0.0,0.0
442,1995,1826,3,resample_control,,BETTER GO HE HAD COUNSELLED SENTENTIOUSLY,BETTER GO HE HAD COUNSEL CENTENTIOUSLY,0.3333333333333333,4.634870529174805,0.004216372966766357,0.0029553771018981934,0.0020011067390441895
442,1995,1826,3,encodec_24k,24.0,BETTER GO HE HAD COUNSELLED SENTENTIOUSLY,BETTER GO HE HAD COUNSEL CENTENTIOUSLY,0.3333333333333333,109.45856475830078,0.13299798965454102,0.045374274253845215,0.027115464210510254
442,1995,1826,3,encodec_6k,6.0,BETTER GO HE HAD COUNSELLED SENTENTIOUSLY,BETTER GO HE HAD COUNSEL SENTENTIOUSLY,0.16666666666666666,122.63715362548828,0.19465893507003784,0.08126437664031982,0.04656606912612915
442,1995,1826,3,encodec_1.5k,1.5,BETTER GO HE HAD COUNSELLED SENTENTIOUSLY,BETTER GO HEHAD COUNSEL SENTENTOUSLY,0.6666666666666666,147.75465393066406,0.34877675771713257,0.1617855429649353,0.08228343725204468
653,237,134493,13,wav,,INDEED HE HAD LOOKED AWAY WITH THE PURPOSE OF NOT SEEING IT,INDEED HE HAD LOOKED AWAY WITH THE PURPOSE OF NOT SEEING IT,0.0,0.0,0.0,0.0,0.0
653,237,134493,13,resample_control,,INDEED HE HAD LOOKED AWAY WITH THE PURPOSE OF NOT SEEING IT,INDEED HE HAD LOOKED AWAY WITH THE PURPOSE OF NOT SEEING IT,0.0,4.641870021820068,0.0033863186836242676,0.0035220980644226074,0.0011401176452636719
653,237,134493,13,encodec_24k,24.0,INDEED HE HAD LOOKED AWAY WITH THE PURPOSE OF NOT SEEING IT,INDEED HE HAD LOOKED AWAY WITH THE PURPOSE OF NOT SEEING IT,0.0,85.36258697509766,0.09396928548812866,0.03852510452270508,0.009656846523284912
653,237,134493,13,encodec_6k,6.0,INDEED HE HAD LOOKED AWAY WITH THE PURPOSE OF NOT SEEING IT,INDEED HE HAD LOOKED AWAY WITH THE PURPOSE OF NOT SEEING IT,0.0,98.00507354736328,0.16654998064041138,0.08248496055603027,0.020958423614501953
653,237,134493,13,encodec_1.5k,1.5,INDEED HE HAD LOOKED AWAY WITH THE PURPOSE OF NOT SEEING IT,INDEED HE HAD LOOKED AWAY WITH THE PURPOSE OF NOT SEEING IT,0.0,124.06742858886719,0.33883726596832275,0.18282490968704224,0.04413139820098877
2069,7021,85628,9,wav,,AT THE FARTHER END OF THE LARGEST HALL A TABLE WAS SET WITH GOLDEN CUPS AND GOLDEN PLATES IN LONG ROWS,AT THE FARTHER END OF THE LARGEST HALL A TABLE WAS SET WITH GOLDEN CUPS AND GOLDEN PLATES IN LONG ROWS,0.0,0.0,0.0,0.0,0.0
2069,7021,85628,9,resample_control,,AT THE FARTHER END OF THE LARGEST HALL A TABLE WAS SET WITH GOLDEN CUPS AND GOLDEN PLATES IN LONG ROWS,AT THE FARTHER END OF THE LARGEST HALL A TABLE WAS SET WITH GOLDEN CUPS AND GOLDEN PLATES IN LONG ROWS,0.0,4.712730884552002,0.0030255913734436035,0.0014298558235168457,0.00028783082962036133
2069,7021,85628,9,encodec_24k,24.0,AT THE FARTHER END OF THE LARGEST HALL A TABLE WAS SET WITH GOLDEN CUPS AND GOLDEN PLATES IN LONG ROWS,AT THE FARTHER END OF THE LARGEST HALL A TABLE WAS SET WITH GOLDEN CUPS AND GOLDEN PLATES IN LONG ROWS,0.0,121.12028503417969,0.14317774772644043,0.08547306060791016,0.012901604175567627
2069,7021,85628,9,encodec_6k,6.0,AT THE FARTHER END OF THE LARGEST HALL A TABLE WAS SET WITH GOLDEN CUPS AND GOLDEN PLATES IN LONG ROWS,AT THE FARTHER END OF THE LARGEST HALL A TABLE WAS SET WITH GOLDEN CUPS AND GOLDEN PLATES IN LONG ROWS,0.0,130.8643035888672,0.20271313190460205,0.10816949605941772,0.02366507053375244
2069,7021,85628,9,encodec_1.5k,1.5,AT THE FARTHER END OF THE LARGEST HALL A TABLE WAS SET WITH GOLDEN CUPS AND GOLDEN PLATES IN LONG ROWS,AT THE FARTHER END OF THE LARGEST HALL A TABLE WAS SET WITH GOLDEN CUPS AND GOLDEN PLATES IN LONG ROWS,0.0,152.04806518554688,0.3445127010345459,0.1906130313873291,0.053617656230926514
123,121,121726,14,wav,,HYPOCRITE A HORSE DEALER,HYPOCRITE A HORSE DEALER,0.0,0.0,0.0,0.0,0.0
123,121,121726,14,resample_control,,HYPOCRITE A HORSE DEALER,HYPOCRITE A HORSE DEALER,0.0,3.680680751800537,0.0018036961555480957,0.0016498565673828125,0.00040727853775024414
123,121,121726,14,encodec_24k,24.0,HYPOCRITE A HORSE DEALER,HYPOCRITE A HORSE DEALER,0.0,1296.91455078125,0.2237589955329895,0.20862185955047607,0.02799755334854126
123,121,121726,14,encodec_6k,6.0,HYPOCRITE A HORSE DEALER,HYPOCRITE A HORSE DEALER,0.0,1293.8531494140625,0.24972540140151978,0.22952228784561157,0.04035300016403198
123,121,121726,14,encodec_1.5k,1.5,HYPOCRITE A HORSE DEALER,HYPOCRITE A HORSE DEALER,0.0,1311.939453125,0.3206082582473755,0.33188265562057495,0.0864524245262146
472,1995,1836,6,wav,,SHE WAS THEREFORE MOST AGREEABLY SURPRISED TO HEAR MISTER CRESSWELL EXPRESS HIMSELF SO CORDIALLY AS APPROVING OF NEGRO EDUCATION,SHE WAS THEREFORE MOST AGREEABLY SURPRISED TO HEAR MISTER CRESWELL EXPRESS HIMSELF SO CORDIALLY AS APPROVING OF NEGRO EDUCATION,0.05263157894736842,0.0,0.0,0.0,0.0
472,1995,1836,6,resample_control,,SHE WAS THEREFORE MOST AGREEABLY SURPRISED TO HEAR MISTER CRESSWELL EXPRESS HIMSELF SO CORDIALLY AS APPROVING OF NEGRO EDUCATION,SHE WAS THEREFORE MOST AGREEABLY SURPRISED TO HEAR MISTER CRESWELL EXPRESS HIMSELF SO CORDIALLY AS APPROVING OF NEGRO EDUCATION,0.05263157894736842,4.626638889312744,0.0022138357162475586,0.0006709098815917969,0.00035125017166137695
472,1995,1836,6,encodec_24k,24.0,SHE WAS THEREFORE MOST AGREEABLY SURPRISED TO HEAR MISTER CRESSWELL EXPRESS HIMSELF SO CORDIALLY AS APPROVING OF NEGRO EDUCATION,SHE WAS THEREFORE MOST AGREEABLY SURPRISED TO HEAR MISTER CRESWALL EXPRESS HIMSELF SO CORDIALLY AS APPROVING OF NEGRO EDUCATION,0.05263157894736842,109.18852233886719,0.10747206211090088,0.037594377994537354,0.014446139335632324
472,1995,1836,6,encodec_6k,6.0,SHE WAS THEREFORE MOST AGREEABLY SURPRISED TO HEAR MISTER CRESSWELL EXPRESS HIMSELF SO CORDIALLY AS APPROVING OF NEGRO EDUCATION,SHE WAS THEREFORE MOST AGREEABLY SURPRISED TO HEAR MISTER CRESWALL EXPRESS HIMSELF SO CORDIALLY AS A PROVING OF NEGRO EDUCATION,0.15789473684210525,125.79413604736328,0.1696438193321228,0.05452704429626465,0.025390565395355225
472,1995,1836,6,encodec_1.5k,1.5,SHE WAS THEREFORE MOST AGREEABLY SURPRISED TO HEAR MISTER CRESSWELL EXPRESS HIMSELF SO CORDIALLY AS APPROVING OF NEGRO EDUCATION,SHE WAS THEREFORE MOST AGREEABLY SURPLISED TO HEAR MISTER CROSWELL EXPRESS HIMSELF SO CORDIALLY AS A PROVING OF NEGRO EDUCATION,0.21052631578947367,149.84902954101562,0.32155728340148926,0.1632002592086792,0.0983966588973999
2043,7021,79740,4,wav,,YOU HAVE COME ANDELLA ANDELLA WAS THE NAME OF JANE'S DOLL TO MAKE ROSALIE A VISIT,YOU HAVE COME ANDELA ANDELA WAS THE NAME OF JANE'S DOLL TO MAKE ROSALIE A VISIT,0.125,0.0,0.0,0.0,0.0
2043,7021,79740,4,resample_control,,YOU HAVE COME ANDELLA ANDELLA WAS THE NAME OF JANE'S DOLL TO MAKE ROSALIE A VISIT,YOU HAVE COME ANDELA ANDELA WAS THE NAME OF JANE'S DOLL TO MAKE ROSALIE A VISIT,0.125,4.656851768493652,0.0034589767456054688,0.0027022957801818848,0.0004188418388366699
2043,7021,79740,4,encodec_24k,24.0,YOU HAVE COME ANDELLA ANDELLA WAS THE NAME OF JANE'S DOLL TO MAKE ROSALIE A VISIT,YOU HAVE COME ANDELLA ANDELA WAS THE NAME OF JANE'S DOLL TO MAKE ROSALIE A VISIT,0.0625,126.27342987060547,0.16367793083190918,0.11097639799118042,0.01686042547225952
2043,7021,79740,4,encodec_6k,6.0,YOU HAVE COME ANDELLA ANDELLA WAS THE NAME OF JANE'S DOLL TO MAKE ROSALIE A VISIT,YOU HAVE COME ANDELA ANDELA WAS THE NAME OF JANES DOLL TO MAKE ROSALIE A VISIT,0.1875,134.9248504638672,0.2203628420829773,0.1352771520614624,0.03662985563278198
2043,7021,79740,4,encodec_1.5k,1.5,YOU HAVE COME ANDELLA ANDELLA WAS THE NAME OF JANE'S DOLL TO MAKE ROSALIE A VISIT,YOU HAVE COME ANDELLA ANDELLA WAS THE NAME OF JAMES DALL TO MAKE ROSALIE A VISIT,0.125,158.33465576171875,0.34528982639312744,0.23224091529846191,0.09807443618774414
1118,4446,2271,5,wav,,SHE SAVES HER HAND TOO SHE'S AT HER BEST IN THE SECOND ACT,SHE SAVES HER HAND TOO SHE'S AT HER BEST IN THE SECOND ACT,0.0,0.0,0.0,0.0,0.0
1118,4446,2271,5,resample_control,,SHE SAVES HER HAND TOO SHE'S AT HER BEST IN THE SECOND ACT,SHE SAVES HER HAND TOO SHE'S AT HER BEST IN THE SECOND ACT,0.0,5.033837795257568,0.0030472278594970703,0.0031695961952209473,0.0008848905563354492
1118,4446,2271,5,encodec_24k,24.0,SHE SAVES HER HAND TOO SHE'S AT HER BEST IN THE SECOND ACT,SHE SAVES HER HAND TOO SHE'S AT HER BEST IN THE SECOND ACT,0.0,161.2436981201172,0.15803319215774536,0.05994737148284912,0.01872009038925171
1118,4446,2271,5,encodec_6k,6.0,SHE SAVES HER HAND TOO SHE'S AT HER BEST IN THE SECOND ACT,SHE SAVES HER HAND TOO SHE'S AT HER BEST IN THE SECOND DAT,0.07692307692307693,187.30638122558594,0.21183675527572632,0.10422563552856445,0.08038598299026489
1118,4446,2271,5,encodec_1.5k,1.5,SHE SAVES HER HAND TOO SHE'S AT HER BEST IN THE SECOND ACT,SHE SAVES HER HAND TOO SHE'S AT THE FIRST IN THE SECOND BATH,0.23076923076923078,214.56015014648438,0.3470112085342407,0.23240911960601807,0.18894118070602417
2535,8555,284449,9,wav,,YOU ARE MATE REPLIED THE SAILOR,YOU ARE MATE REPLIED THE SAILOR,0.0,0.0,0.0,0.0,0.0
2535,8555,284449,9,resample_control,,YOU ARE MATE REPLIED THE SAILOR,YOU ARE MATE REPLIED THE SAILOR,0.0,4.700980186462402,0.0050141215324401855,0.00589674711227417,0.0005211234092712402
2535,8555,284449,9,encodec_24k,24.0,YOU ARE MATE REPLIED THE SAILOR,YOU ARE MATE REPLIED THE SAILOR,0.0,268.95538330078125,0.26808780431747437,0.18167507648468018,0.021744072437286377
2535,8555,284449,9,encodec_6k,6.0,YOU ARE MATE REPLIED THE SAILOR,YOU ARE MATE REPLIED THE SAILOR,0.0,284.8192138671875,0.3059678077697754,0.18743038177490234,0.033836305141448975
2535,8555,284449,9,encodec_1.5k,1.5,YOU ARE MATE REPLIED THE SAILOR,YOU ARE MAINK REPLIED THE SAILOR,0.16666666666666666,302.8195495605469,0.4239628314971924,0.26482582092285156,0.09667313098907471
1499,5142,33396,37,wav,,HAKON THERE SHALL BE YOUR CONSTANT COMPANION FRIEND FARMER,HAWK AN THERE SHALL BE YOUR CONSTANT COMPANION FRIEND FARMER,0.2222222222222222,0.0,0.0,0.0,0.0
1499,5142,33396,37,resample_control,,HAKON THERE SHALL BE YOUR CONSTANT COMPANION FRIEND FARMER,HAWK AN THERE SHALL BE YOUR CONSTANT COMPANION FRIEND FARMER,0.2222222222222222,5.0749921798706055,0.002646028995513916,0.005350887775421143,0.0051302313804626465
1499,5142,33396,37,encodec_24k,24.0,HAKON THERE SHALL BE YOUR CONSTANT COMPANION FRIEND FARMER,HAWKIN THERE SHALL BE YOUR CONSTANT COMPANION FRIEND FARMER,0.1111111111111111,138.68869018554688,0.12885749340057373,0.05997955799102783,0.02326124906539917
1499,5142,33396,37,encodec_6k,6.0,HAKON THERE SHALL BE YOUR CONSTANT COMPANION FRIEND FARMER,HAWK AN THERE SHALL BE YOUR CONSTANT COMPANION FRIEND FARMER,0.2222222222222222,152.67193603515625,0.18868142366409302,0.09964913129806519,0.039586007595062256
1499,5142,33396,37,encodec_1.5k,1.5,HAKON THERE SHALL BE YOUR CONSTANT COMPANION FRIEND FARMER,HAWK AND THERE SHALL BE YOUR CONSTANT COMPANION FRIEND FARMER,0.2222222222222222,174.07339477539062,0.34348946809768677,0.19329291582107544,0.12058007717132568
2041,7021,79740,2,wav,,NOW DELIA CONTRIVED TO OBTAIN A GREAT INFLUENCE AND ASCENDENCY OVER THE MINDS OF THE CHILDREN BY MEANS OF THESE DOLLS,NOW DELIA CONTRIVED TO OBTAIN A GREAT INFLUENCE AND ASCENDANCY OVER THE MINDS OF THE CHILDREN BY MEANS OF THESE DOLLS,0.047619047619047616,0.0,0.0,0.0,0.0
2041,7021,79740,2,resample_control,,NOW DELIA CONTRIVED TO OBTAIN A GREAT INFLUENCE AND ASCENDENCY OVER THE MINDS OF THE CHILDREN BY MEANS OF THESE DOLLS,NOW DELIA CONTRIVED TO OBTAIN A GREAT INFLUENCE AND ASCENDANCY OVER THE MINDS OF THE CHILDREN BY MEANS OF THESE DOLLS,0.047619047619047616,4.673764705657959,0.004028737545013428,0.001565396785736084,0.0004126429557800293
2041,7021,79740,2,encodec_24k,24.0,NOW DELIA CONTRIVED TO OBTAIN A GREAT INFLUENCE AND ASCENDENCY OVER THE MINDS OF THE CHILDREN BY MEANS OF THESE DOLLS,NOW GELIAH CONTRIVED TO OBTAIN A GREAT INFLUENCE AND ASCENDANCY OVER THE MINDS OF THE CHILDREN BY MEANS OF THESE DOLLS,0.09523809523809523,139.15431213378906,0.19838374853134155,0.1428348422050476,0.026970386505126953
2041,7021,79740,2,encodec_6k,6.0,NOW DELIA CONTRIVED TO OBTAIN A GREAT INFLUENCE AND ASCENDENCY OVER THE MINDS OF THE CHILDREN BY MEANS OF THESE DOLLS,NOW GELIA CONTRIVED TO OBTAIN A GREAT INFLUENCE AND ASCENDANCY OVER THE MINDS OF THE CHILDREN BY MEANS OF THESE DOLLS,0.09523809523809523,150.5524139404297,0.24241501092910767,0.1580369472503662,0.03973197937011719
2041,7021,79740,2,encodec_1.5k,1.5,NOW DELIA CONTRIVED TO OBTAIN A GREAT INFLUENCE AND ASCENDENCY OVER THE MINDS OF THE CHILDREN BY MEANS OF THESE DOLLS,NOW GELIE CONTRIVED TO OBTAIN A GREAT INFLUENCE AND ASCENDANCY OVER THE MINDS OF THE CHILDREN BY MEANS OF THESE DOLLS,0.09523809523809523,172.74630737304688,0.3552094101905823,0.24965643882751465,0.07873380184173584
1018,3575,170457,48,wav,,HE REFUSED AT FIRST TO LISTEN TO THE CAREFUL ADVICE IT WAS REPUGNANT TO HIS LIBERAL NATURE,HE REFUSED AT FIRST TO LISTEN TO THE CAREFUL ADVICE IT WAS REPUGNANT TO HIS LIBERAL NATURE,0.0,0.0,0.0,0.0,0.0
1018,3575,170457,48,resample_control,,HE REFUSED AT FIRST TO LISTEN TO THE CAREFUL ADVICE IT WAS REPUGNANT TO HIS LIBERAL NATURE,HE REFUSED AT FIRST TO LISTEN TO THE CAREFUL ADVICE IT WAS REPUGNANT TO HIS LIBERAL NATURE,0.0,4.67176628112793,0.002510368824005127,0.0014508366584777832,0.0003427267074584961
1018,3575,170457,48,encodec_24k,24.0,HE REFUSED AT FIRST TO LISTEN TO THE CAREFUL ADVICE IT WAS REPUGNANT TO HIS LIBERAL NATURE,HE REFUSED AT FIRST TO LISTEN TO THE CAREFUL ADVICE IT WAS REPUGNANT TO HIS LIBERAL NATURE,0.0,107.47115325927734,0.12375450134277344,0.07216095924377441,0.011307597160339355
1018,3575,170457,48,encodec_6k,6.0,HE REFUSED AT FIRST TO LISTEN TO THE CAREFUL ADVICE IT WAS REPUGNANT TO HIS LIBERAL NATURE,HE REFUSED AT FIRST TO LISTEN TO THE CAREFUL ADVICE IT WAS REPUGNANT TO HIS LIBERAL NATURE,0.0,107.30882263183594,0.17831891775131226,0.09628462791442871,0.017802417278289795
1018,3575,170457,48,encodec_1.5k,1.5,HE REFUSED AT FIRST TO LISTEN TO THE CAREFUL ADVICE IT WAS REPUGNANT TO HIS LIBERAL NATURE,HE REFUSED AT FIRST TO LISTEN TO THE CAREFUL ADVICE IT WAS REPUGNANT TO HIS LIBERAL NATURE,0.0,134.52243041992188,0.32317256927490234,0.17967170476913452,0.03597372770309448
99,1188,133604,35,wav,,THUS IN CHAUCER'S DREAM,THUS INCHAUCER'S DREAM,0.5,0.0,0.0,0.0,0.0
99,1188,133604,35,resample_control,,THUS IN CHAUCER'S DREAM,THUS INCHAUCER'S DREAM,0.5,4.745754718780518,0.0037970542907714844,0.00481945276260376,0.00040215253829956055
99,1188,133604,35,encodec_24k,24.0,THUS IN CHAUCER'S DREAM,THUS IN CHAUCER'S DREAM,0.0,104.02024841308594,0.1789768934249878,0.14675796031951904,0.01148068904876709
99,1188,133604,35,encodec_6k,6.0,THUS IN CHAUCER'S DREAM,THUS IN CHAUCER'S DREAM,0.0,109.36625671386719,0.24250352382659912,0.16468220949172974,0.02026134729385376
99,1188,133604,35,encodec_1.5k,1.5,THUS IN CHAUCER'S DREAM,THUS ENCHAUSSER'S DREAM,0.5,127.6244125366211,0.38113272190093994,0.2998054623603821,0.12908190488815308
64,1188,133604,0,wav,,YOU WILL FIND ME CONTINUALLY SPEAKING OF FOUR MEN TITIAN HOLBEIN TURNER AND TINTORET IN ALMOST THE SAME TERMS,YOU WILL FIND ME CONTINUALLY SPEAKING OF FOUR MEN TITIAN HOLBINE TURNER AND TINTARET IN ALMOST THE SAME TERMS,0.10526315789473684,0.0,0.0,0.0,0.0
64,1188,133604,0,resample_control,,YOU WILL FIND ME CONTINUALLY SPEAKING OF FOUR MEN TITIAN HOLBEIN TURNER AND TINTORET IN ALMOST THE SAME TERMS,YOU WILL FIND ME CONTINUALLY SPEAKING OF FOUR MEN TITIAN HOLBINE TURNER AND TINTARET IN ALMOST THE SAME TERMS,0.10526315789473684,4.918829441070557,0.003685891628265381,0.0038893818855285645,0.0004782676696777344
64,1188,133604,0,encodec_24k,24.0,YOU WILL FIND ME CONTINUALLY SPEAKING OF FOUR MEN TITIAN HOLBEIN TURNER AND TINTORET IN ALMOST THE SAME TERMS,YOU WILL FIND ME CONTINUALLY SPEAKING OF FOUR MEN TITIAN HOLBINE TURNER AND TINTARET IN ALMOST THE SAME TERMS,0.10526315789473684,79.42931365966797,0.13707715272903442,0.08991831541061401,0.013999581336975098
64,1188,133604,0,encodec_6k,6.0,YOU WILL FIND ME CONTINUALLY SPEAKING OF FOUR MEN TITIAN HOLBEIN TURNER AND TINTORET IN ALMOST THE SAME TERMS,YOU WILL FIND ME CONTINUALLY SPEAKING OF FOUR MEN TITIAN HOLBINE TURNER AND TINTARET IN ALMOST THE SAME TERMS,0.10526315789473684,88.47370147705078,0.19983458518981934,0.141510009765625,0.030950725078582764
64,1188,133604,0,encodec_1.5k,1.5,YOU WILL FIND ME CONTINUALLY SPEAKING OF FOUR MEN TITIAN HOLBEIN TURNER AND TINTORET IN ALMOST THE SAME TERMS,YOU WILL FIND I CONTINUALLY SPEAKING OF FOUR MEN TITIAN HOLD ON TARNER PONTINCARET IN ALMOST THE SAME TERMS,0.2631578947368421,113.65662384033203,0.3802107572555542,0.28114646673202515,0.11242437362670898
60,1089,134691,22,wav,,HE STOOD STILL IN DEFERENCE TO THEIR CALLS AND PARRIED THEIR BANTER WITH EASY WORDS,HE STOOD STILL IN DEFERENCE TO THEIR CALS AND PARRIED THEIR BANTER WITH EASY WORDS,0.06666666666666667,0.0,0.0,0.0,0.0
60,1089,134691,22,resample_control,,HE STOOD STILL IN DEFERENCE TO THEIR CALLS AND PARRIED THEIR BANTER WITH EASY WORDS,HE STOOD STILL IN DEFERENCE TO THEIR CALS AND PARRIED THEIR BANTER WITH EASY WORDS,0.06666666666666667,4.723817348480225,0.004009068012237549,0.007302522659301758,0.0006934404373168945
60,1089,134691,22,encodec_24k,24.0,HE STOOD STILL IN DEFERENCE TO THEIR CALLS AND PARRIED THEIR BANTER WITH EASY WORDS,HE STOOD STILL IN DEFERENCE TO THEIR CALLS AND PARRIED THEIR BANTER WITH EASY WORDS,0.0,122.97186279296875,0.12766921520233154,0.05847841501235962,0.012136876583099365
60,1089,134691,22,encodec_6k,6.0,HE STOOD STILL IN DEFERENCE TO THEIR CALLS AND PARRIED THEIR BANTER WITH EASY WORDS,HE STOOD STILL IN DEFERENCE TO THEIR CALLS AND PARRIED THEIR BANTER WITH EASY WORDS,0.0,133.1913299560547,0.19183564186096191,0.07995748519897461,0.0185965895652771
60,1089,134691,22,encodec_1.5k,1.5,HE STOOD STILL IN DEFERENCE TO THEIR CALLS AND PARRIED THEIR BANTER WITH EASY WORDS,HE STOOD STILL IN DEFERENCE TO THEIR CALLS AND PARRIED THEIR BANTER WITH EASY WORDS,0.0,138.82217407226562,0.34411901235580444,0.16044771671295166,0.05501246452331543
609,2300,131720,37,wav,,HE WEIGHED AND REWEIGHED THE METER PLATES AND PURSUED EVERY LINE OF INVESTIGATION IMAGINABLE BUT ALL IN VAIN,HE WEIGHED AND REWEIGHED THE METER PLATES AND PURSUED EVERY LINE OF INVESTIGATION IMAGINABLE BUT ALL IN VAIN,0.0,0.0,0.0,0.0,0.0
609,2300,131720,37,resample_control,,HE WEIGHED AND REWEIGHED THE METER PLATES AND PURSUED EVERY LINE OF INVESTIGATION IMAGINABLE BUT ALL IN VAIN,HE WEIGHED AND REWEIGHED THE METER PLATES AND PURSUED EVERY LINE OF INVESTIGATION IMAGINABLE BUT ALL IN VAIN,0.0,4.668512344360352,0.0023632049560546875,0.0024028420448303223,0.00026744604110717773
609,2300,131720,37,encodec_24k,24.0,HE WEIGHED AND REWEIGHED THE METER PLATES AND PURSUED EVERY LINE OF INVESTIGATION IMAGINABLE BUT ALL IN VAIN,HE WEIGHED AND REWEIGHED THE METER PLATES AND PURSUED EVERY LINE OF INVESTIGATION IMAGINABLE BUT ALL IN VAIN,0.0,281.69091796875,0.12494415044784546,0.06851285696029663,0.018048465251922607
609,2300,131720,37,encodec_6k,6.0,HE WEIGHED AND REWEIGHED THE METER PLATES AND PURSUED EVERY LINE OF INVESTIGATION IMAGINABLE BUT ALL IN VAIN,HE WEIGHED AND REWEIGHED THE METER PLATES AND PURSUED EVERY LINE OF INVESTIGATION IMAGINABLE BUT ALL IN VAIN,0.0,291.5643310546875,0.19517308473587036,0.08951067924499512,0.017575085163116455
609,2300,131720,37,encodec_1.5k,1.5,HE WEIGHED AND REWEIGHED THE METER PLATES AND PURSUED EVERY LINE OF INVESTIGATION IMAGINABLE BUT ALL IN VAIN,HE WEIGHED AND REWEIGED THE METER PLAINTS AND PURSUED EVERY LINE OF INVESTIGATION IMAGINABLE BUT ALL IN VAIN,0.1111111111111111,307.5801696777344,0.34383344650268555,0.20844203233718872,0.1052137017250061
1741,61,70968,60,wav,,NO THANKS I AM GLAD TO GIVE YOU SUCH EASY HAPPINESS,NO THANKS I AM GLAD TO GIVE YOU SUCH EASY HAPPINESS,0.0,0.0,0.0,0.0,0.0
1741,61,70968,60,resample_control,,NO THANKS I AM GLAD TO GIVE YOU SUCH EASY HAPPINESS,NO THANKS I AM GLAD TO GIVE YOU SUCH EASY HAPPINESS,0.0,4.887974739074707,0.002508103847503662,0.0017915964126586914,0.00027310848236083984
1741,61,70968,60,encodec_24k,24.0,NO THANKS I AM GLAD TO GIVE YOU SUCH EASY HAPPINESS,NO THANKS I AM GLAD TO GIVE YOU SUCH EASY HAPPINESS,0.0,71.50154876708984,0.08231335878372192,0.026903390884399414,0.0077170729637146
1741,61,70968,60,encodec_6k,6.0,NO THANKS I AM GLAD TO GIVE YOU SUCH EASY HAPPINESS,NO THANKS I AM GLAD TO GIVE YOU SUCH EASY HAPPINESS,0.0,82.66971588134766,0.14861774444580078,0.05307793617248535,0.016744613647460938
1741,61,70968,60,encodec_1.5k,1.5,NO THANKS I AM GLAD TO GIVE YOU SUCH EASY HAPPINESS,NO THANKS I AM GLAD TO GIVE YOU SUCH EASY HAPPINESS,0.0,100.90838623046875,0.3186424970626831,0.17534470558166504,0.04207456111907959
2187,7176,92135,0,wav,,HE IS A WELCOME FIGURE AT THE GARDEN PARTIES OF THE ELECT WHO ARE ALWAYS READY TO ENCOURAGE HIM BY ACCEPTING FREE SEATS FOR HIS PLAY ACTOR MANAGERS NOD TO HIM EDITORS ALLOW HIM TO CONTRIBUTE WITHOUT CHARGE TO A SYMPOSIUM ON THE PRICE OF GOLF BALLS,HE IS A WELCOME FIGURE AT THE GARDEN PARTIES OF THE ELECT WHO ARE ALWAYS READY TO ENCOURAGE HIM BY ACCEPTING FREE SEATS FOR HIS PLAY ACTOR MANAGERS NOD TO HIM EDITORS ALLOW HIM TO CONTRIBUTE WITHOUT CHARGE TO A SYMPOSIUM ON THE PRICE OF GOLF BALLS,0.0,0.0,0.0,0.0,0.0
2187,7176,92135,0,resample_control,,HE IS A WELCOME FIGURE AT THE GARDEN PARTIES OF THE ELECT WHO ARE ALWAYS READY TO ENCOURAGE HIM BY ACCEPTING FREE SEATS FOR HIS PLAY ACTOR MANAGERS NOD TO HIM EDITORS ALLOW HIM TO CONTRIBUTE WITHOUT CHARGE TO A SYMPOSIUM ON THE PRICE OF GOLF BALLS,HE IS A WELCOME FIGURE AT THE GARDEN PARTIES OF THE ELECT WHO ARE ALWAYS READY TO ENCOURAGE HIM BY ACCEPTING FREE SEATS FOR HIS PLAY ACTOR MANAGERS NOD TO HIM EDITORS ALLOW HIM TO CONTRIBUTE WITHOUT CHARGE TO A SYMPOSIUM ON THE PRICE OF GOLF BALLS,0.0,4.931993007659912,0.0021753311157226562,0.0015439987182617188,0.00024777650833129883
2187,7176,92135,0,encodec_24k,24.0,HE IS A WELCOME FIGURE AT THE GARDEN PARTIES OF THE ELECT WHO ARE ALWAYS READY TO ENCOURAGE HIM BY ACCEPTING FREE SEATS FOR HIS PLAY ACTOR MANAGERS NOD TO HIM EDITORS ALLOW HIM TO CONTRIBUTE WITHOUT CHARGE TO A SYMPOSIUM ON THE PRICE OF GOLF BALLS,HE IS A WELCOME FIGURE AT THE GARDEN PARTIES OF THE ELECT WHO ARE ALWAYS READY TO ENCOURAGE HIM BY ACCEPTING FREE SEATS FOR HIS PLAY ACTOR MANAGERS NOD TO HIM EDITORS ALLOW HIM TO CONTRIBUTE WITHOUT CHARGE TO HIS SYMPOSIUM ON THE PRICE OF GOLF BALLS,0.02127659574468085,90.20018768310547,0.09340286254882812,0.037524282932281494,0.018928170204162598
2187,7176,92135,0,encodec_6k,6.0,HE IS A WELCOME FIGURE AT THE GARDEN PARTIES OF THE ELECT WHO ARE ALWAYS READY TO ENCOURAGE HIM BY ACCEPTING FREE SEATS FOR HIS PLAY ACTOR MANAGERS NOD TO HIM EDITORS ALLOW HIM TO CONTRIBUTE WITHOUT CHARGE TO A SYMPOSIUM ON THE PRICE OF GOLF BALLS,HE IS A WELCOME FIGURE AT THE GARDEN PARTIES OF THE ELECT WHO ARE ALWAYS READY TO ENCOURAGE HIM BY ACCEPTING FREE SEATS FOR HIS PLAY ACTOR MANAGERS NOD TO HIM EDITORS ALLOW HIM TO CONTRIBUTE WITHOUT CHARGE TO HIS IMPOSIUM ON THE PRICE OF GOLFBALLS,0.0851063829787234,102.4461669921875,0.16134023666381836,0.06477802991867065,0.03247958421707153
2187,7176,92135,0,encodec_1.5k,1.5,HE IS A WELCOME FIGURE AT THE GARDEN PARTIES OF THE ELECT WHO ARE ALWAYS READY TO ENCOURAGE HIM BY ACCEPTING FREE SEATS FOR HIS PLAY ACTOR MANAGERS NOD TO HIM EDITORS ALLOW HIM TO CONTRIBUTE WITHOUT CHARGE TO A SYMPOSIUM ON THE PRICE OF GOLF BALLS,HE IS A WELCOME FIGURE AT THE GARDEN PARTIES OF THE ELECT WHO ARE ALWAYS READY TO ENCOURAGE HIM BY ACCEPTING FREE SEATS FOR HIS PLAY ACTOR MANAGERS NOD TO HIM AN HE IS ALLOW HIM TO CONTRIBUTE WITHOUT CHARGE TO HIS IMPOSIUM ON THE PRICE OF GOLFFALLS,0.14893617021276595,116.8932876586914,0.3370314836502075,0.19117826223373413,0.12434571981430054
917,2961,961,20,wav,,THIS IS THE EXPLANATION OF THE SHALLOWS WHICH ARE FOUND IN THAT PART OF THE ATLANTIC OCEAN,THIS IS THE EXPLANATION OF THE SHALLOWS WHICH ARE FOUND IN THAT PART OF THE ATLANTIC OCEAN,0.0,0.0,0.0,0.0,0.0
917,2961,961,20,resample_control,,THIS IS THE EXPLANATION OF THE SHALLOWS WHICH ARE FOUND IN THAT PART OF THE ATLANTIC OCEAN,THIS IS THE EXPLANATION OF THE SHALLOWS WHICH ARE FOUND IN THAT PART OF THE ATLANTIC OCEAN,0.0,4.667548656463623,0.002346336841583252,0.002782285213470459,0.0001601576805114746
917,2961,961,20,encodec_24k,24.0,THIS IS THE EXPLANATION OF THE SHALLOWS WHICH ARE FOUND IN THAT PART OF THE ATLANTIC OCEAN,THIS IS THE EXPLANATION OF THE SHALLOWS WHICH ARE FOUND IN THAT PART OF THE ATLANTIC OCEAN,0.0,105.46092224121094,0.12680494785308838,0.06659883260726929,0.012414276599884033
917,2961,961,20,encodec_6k,6.0,THIS IS THE EXPLANATION OF THE SHALLOWS WHICH ARE FOUND IN THAT PART OF THE ATLANTIC OCEAN,THIS IS THE EXPLANATION OF THE SHALLOWS WHICH ARE FOUND IN THAT PART OF THE ATLANTIC OCEAN,0.0,115.62673950195312,0.1901668906211853,0.085521399974823,0.014751255512237549
917,2961,961,20,encodec_1.5k,1.5,THIS IS THE EXPLANATION OF THE SHALLOWS WHICH ARE FOUND IN THAT PART OF THE ATLANTIC OCEAN,THIS IS THE EXPLANATION OF THE SHALLOWS WHICH ARE FOUND IN THAT PART OF THE APTRINTIV OCEAN,0.058823529411764705,131.0519256591797,0.32909834384918213,0.1666073203086853,0.08508062362670898
1604,5639,40744,40,wav,,THIS WAS DONE FOR THE EVENT TOOK PLACE AT A TIME WHEN THE CONSENT OF THE PARTIES WAS SUFFICIENT FOR THE CELEBRATION OF A MARRIAGE WITHOUT ANY OF THE PRELIMINARY FORMALITIES WHICH ARE NOW SO PROPERLY REQUIRED,THIS WAS DONE FOR THE EVENT TOOK PLACE AT A TIME WHEN THE CONSENT OF THE PARTIES WAS SUFFICIENT FOR THE CELEBRATION OF A MARRIAGE WITHOUT ANY OF THE PRELIMINARY FORMALITIES WHICH ARE NOW SO PROPERLY REQUIRED,0.0,0.0,0.0,0.0,0.0
1604,5639,40744,40,resample_control,,THIS WAS DONE FOR THE EVENT TOOK PLACE AT A TIME WHEN THE CONSENT OF THE PARTIES WAS SUFFICIENT FOR THE CELEBRATION OF A MARRIAGE WITHOUT ANY OF THE PRELIMINARY FORMALITIES WHICH ARE NOW SO PROPERLY REQUIRED,THIS WAS DONE FOR THE EVENT TOOK PLACE AT A TIME WHEN THE CONSENT OF THE PARTIES WAS SUFFICIENT FOR THE CELEBRATION OF A MARRIAGE WITHOUT ANY OF THE PRELIMINARY FORMALITIES WHICH ARE NOW SO PROPERLY REQUIRED,0.0,5.063681125640869,0.0019234418869018555,0.0008339881896972656,0.0011870861053466797
1604,5639,40744,40,encodec_24k,24.0,THIS WAS DONE FOR THE EVENT TOOK PLACE AT A TIME WHEN THE CONSENT OF THE PARTIES WAS SUFFICIENT FOR THE CELEBRATION OF A MARRIAGE WITHOUT ANY OF THE PRELIMINARY FORMALITIES WHICH ARE NOW SO PROPERLY REQUIRED,THIS WAS DONE FOR THE EVENT TOOK PLACE AT A TIME WHEN THE CONSENT OF THE PARTIES WAS SUFFICIENT FOR THE CELEBRATION OF THE MARRIAGE WITHOUT ANY OF THE PRELIMINARY FORMALITIES WHICH ARE NOW SO PROPERLY REQUIRED,0.02702702702702703,120.9197769165039,0.13361817598342896,0.07669186592102051,0.015739619731903076
1604,5639,40744,40,encodec_6k,6.0,THIS WAS DONE FOR THE EVENT TOOK PLACE AT A TIME WHEN THE CONSENT OF THE PARTIES WAS SUFFICIENT FOR THE CELEBRATION OF A MARRIAGE WITHOUT ANY OF THE PRELIMINARY FORMALITIES WHICH ARE NOW SO PROPERLY REQUIRED,THIS WAS DONE FOR THE EVENT TOOK PLACE AT A TIME WHEN THE CONSENT OF THE PARTIES WAS SUFFICIENT FOR THE CELEBRATION OF A MARRIAGE WITHOUT ANY OF THE PRELIMINARY FORMALITIES WHICH ARE NOW SO PROPERLY REQUIRED,0.0,131.82069396972656,0.1954546570777893,0.09657645225524902,0.02051389217376709
1604,5639,40744,40,encodec_1.5k,1.5,THIS WAS DONE FOR THE EVENT TOOK PLACE AT A TIME WHEN THE CONSENT OF THE PARTIES WAS SUFFICIENT FOR THE CELEBRATION OF A MARRIAGE WITHOUT ANY OF THE PRELIMINARY FORMALITIES WHICH ARE NOW SO PROPERLY REQUIRED,THIS WAS DONE FOR THE EVENT TOOK PLACE AT A TIME WHERE THE CONSENT OF THE PARTIES WAS SUFFICIENT FOR THE CELEBRATION OF THE MARRIAGE WITHOUT ANY OF THE PRELIMINARY FORMALITIES WHICH ARE NOW SO PROPERLY REQUIRED,0.05405405405405406,160.7273406982422,0.3413347005844116,0.19317257404327393,0.06833118200302124
2213,7176,92135,26,wav,,ENTER HAMLET WITH HIS FAVOURITE BOAR HOUND,ENTER HAMLET WITH HIS FAVOURITE BOREHOUND,0.2857142857142857,0.0,0.0,0.0,0.0
2213,7176,92135,26,resample_control,,ENTER HAMLET WITH HIS FAVOURITE BOAR HOUND,ENTER HAMLET WITH HIS FAVOURITE BOREHOUND,0.2857142857142857,4.621972560882568,0.002574145793914795,0.003717958927154541,0.0001436471939086914
2213,7176,92135,26,encodec_24k,24.0,ENTER HAMLET WITH HIS FAVOURITE BOAR HOUND,ENTER HAMLET WITH HIS FAVORITE BOREHOUND,0.42857142857142855,92.2903060913086,0.1076120138168335,0.07272440195083618,0.02404475212097168
2213,7176,92135,26,encodec_6k,6.0,ENTER HAMLET WITH HIS FAVOURITE BOAR HOUND,ENTER HAMLET WITH HIS FAVORITE BOREHOUND,0.42857142857142855,101.87532043457031,0.18505364656448364,0.1166067123413086,0.024590015411376953
2213,7176,92135,26,encodec_1.5k,1.5,ENTER HAMLET WITH HIS FAVOURITE BOAR HOUND,ENTER HAMLET WITH HIS FAVORITE PORHOUND,0.42857142857142855,121.6351089477539,0.33393198251724243,0.21671807765960693,0.08461892604827881
1392,4992,41806,4,wav,,BURN FIRE BURN FLICKER FLICKER FLAME,BURN FIRE BURN FLICKER FLICKER FLAME,0.0,0.0,0.0,0.0,0.0
1392,4992,41806,4,resample_control,,BURN FIRE BURN FLICKER FLICKER FLAME,BURN FIRE BURN FLICKER FLICKER FLAME,0.0,4.916013240814209,0.006907820701599121,0.0071299076080322266,0.0010785460472106934
1392,4992,41806,4,encodec_24k,24.0,BURN FIRE BURN FLICKER FLICKER FLAME,BURN FIRE BURN FLICKER FLICKER FLAME,0.0,126.20050811767578,0.1617131233215332,0.11501318216323853,0.022487640380859375
1392,4992,41806,4,encodec_6k,6.0,BURN FIRE BURN FLICKER FLICKER FLAME,BURN FIRE BURN FLICKER FLICKER FLAME,0.0,132.7758331298828,0.22438901662826538,0.16558265686035156,0.04509800672531128
1392,4992,41806,4,encodec_1.5k,1.5,BURN FIRE BURN FLICKER FLICKER FLAME,BURN IRE BURN SLIPPER FLICKERED FLAME,0.5,156.2299041748047,0.3621861934661865,0.34334760904312134,0.18556106090545654
2479,8463,294828,17,wav,,PACK AS MUCH INTO MY TRUNK AS YOU CAN MY TRAVELING KIT MY SUITS SHIRTS AND SOCKS DON'T BOTHER COUNTING JUST SQUEEZE IT ALL IN AND HURRY,PACK AS MUCH INTO MY TRUNK AS YOU CAN MY TRAVELING KIT MY SUITS SHIRTS AND SOCKS DON'T BOTHER COUNTING JUST SQUEEZE IT ALL IN AND HURRY,0.0,0.0,0.0,0.0,0.0
2479,8463,294828,17,resample_control,,PACK AS MUCH INTO MY TRUNK AS YOU CAN MY TRAVELING KIT MY SUITS SHIRTS AND SOCKS DON'T BOTHER COUNTING JUST SQUEEZE IT ALL IN AND HURRY,PACK AS MUCH INTO MY TRUNK AS YOU CAN MY TRAVELING KIT MY SUITS SHIRTS AN SOCKS DON'T BOTHER COUNTING JUST SQUEEZE IT ALL IN AN HURRY,0.07407407407407407,4.8341803550720215,0.0007761120796203613,0.00028312206268310547,0.0001391768455505371
2479,8463,294828,17,encodec_24k,24.0,PACK AS MUCH INTO MY TRUNK AS YOU CAN MY TRAVELING KIT MY SUITS SHIRTS AND SOCKS DON'T BOTHER COUNTING JUST SQUEEZE IT ALL IN AND HURRY,PACK AS MUCH INTO MY TRUNK AS YOU CAN MY TRAVELING KITS MY SUITS SHIRTS AND SOCKS DON'T BOTHER COUNTING JUST SQUEEZE IT ALL IN AND HURRY,0.037037037037037035,88.1847152709961,0.10457980632781982,0.04777944087982178,0.013430237770080566
2479,8463,294828,17,encodec_6k,6.0,PACK AS MUCH INTO MY TRUNK AS YOU CAN MY TRAVELING KIT MY SUITS SHIRTS AND SOCKS DON'T BOTHER COUNTING JUST SQUEEZE IT ALL IN AND HURRY,PACK AS MUCH INTO MY TRUNK AS YOU CAN MY TRAVELING KITS MY SUITS SHIRTS AND SOCKS DON'T BOTHER COUNTING JUST SQUEEZE IT ALL IN AND HURRY,0.037037037037037035,93.5987319946289,0.16429173946380615,0.06996160745620728,0.0278090238571167
2479,8463,294828,17,encodec_1.5k,1.5,PACK AS MUCH INTO MY TRUNK AS YOU CAN MY TRAVELING KIT MY SUITS SHIRTS AND SOCKS DON'T BOTHER COUNTING JUST SQUEEZE IT ALL IN AND HURRY,THAT'S AS MUCH INTO MY TRUNK AS YOU CAN MY TRAVELIN KITS MY SUITS  SHIRTS AND SOCKS DON'T BY THE COUNTING JUST SQUEEZE IT ALL IN AND HURRY,0.18518518518518517,116.41178894042969,0.323042094707489,0.2069060206413269,0.11739575862884521
1181,4446,2275,6,wav,,I THOUGHT IT MIGHT BE SISTER KATE OR COUSIN MIKE WOULD BE HAPPENING ALONG,I THOUGHT IT MIGHT BE SISTER KATE OR COUSIN MIKE WOULD BE HAPPENING ALONG,0.0,0.0,0.0,0.0,0.0
1181,4446,2275,6,resample_control,,I THOUGHT IT MIGHT BE SISTER KATE OR COUSIN MIKE WOULD BE HAPPENING ALONG,I THOUGHT IT MIGHT BE SISTER KATE OR COUSIN MIKE WOULD BE HAPPENING ALONG,0.0,4.7050065994262695,0.0012562274932861328,0.00019723176956176758,0.00013369321823120117
1181,4446,2275,6,encodec_24k,24.0,I THOUGHT IT MIGHT BE SISTER KATE OR COUSIN MIKE WOULD BE HAPPENING ALONG,I THOUGHT IT MIGHT BE SISTER KATE OR COUSIN MIKE WOULD BE HAPPENING ALONG,0.0,105.06108093261719,0.10421967506408691,0.018603265285491943,0.010377347469329834
1181,4446,2275,6,encodec_6k,6.0,I THOUGHT IT MIGHT BE SISTER KATE OR COUSIN MIKE WOULD BE HAPPENING ALONG,I THOUGHT IT MIGHT BE SISTER KATE OR COUSIN MIKE WOULD BE HAPPENING ALONG,0.0,112.88591003417969,0.17336636781692505,0.0382501482963562,0.021017491817474365
1181,4446,2275,6,encodec_1.5k,1.5,I THOUGHT IT MIGHT BE SISTER KATE OR COUSIN MIKE WOULD BE HAPPENING ALONG,I THOUGHT IT MIGHT BE SISTER KATE OR COUSIN LIKE WOULD BE HAPPENING ALONG,0.07142857142857142,126.52599334716797,0.3434544801712036,0.15636390447616577,0.07216066122055054
1411,5105,28233,5,wav,,SOMETIMES HE WOULD WANDER ON FOOT UPON THE SANDY SHORE AND SOMETIMES HE WOULD ENJOY A RIDE ALONG THE SUMMIT OF THE CLIFF ALTOGETHER BEING IN NO HURRY AT ALL TO BRING HIS TASK TO AN END,SOMETIMES HE WOULD WANDER ON FOOT UPON THE SANDY SHORE AND SOMETIMES HE WOULD ENJOY A RIDE ALONG THE SUMMIT OF THE CLIFF ALTOGETHER BEING IN NO HURRY AT ALL TO BRING HIS TASK TO AN END,0.0,0.0,0.0,0.0,0.0
1411,5105,28233,5,resample_control,,SOMETIMES HE WOULD WANDER ON FOOT UPON THE SANDY SHORE AND SOMETIMES HE WOULD ENJOY A RIDE ALONG THE SUMMIT OF THE CLIFF ALTOGETHER BEING IN NO HURRY AT ALL TO BRING HIS TASK TO AN END,SOMETIMES HE WOULD WANDER ON FOOT UPON THE SANDY SHORE AND SOMETIMES HE WOULD ENJOY A RIDE ALONG THE SUMMIT OF THE CLIFF ALTOGETHER BEING IN NO HURRY AT ALL TO BRING HIS TASK TO AN END,0.0,4.774608612060547,0.002050936222076416,0.002152740955352783,0.00037682056427001953
1411,5105,28233,5,encodec_24k,24.0,SOMETIMES HE WOULD WANDER ON FOOT UPON THE SANDY SHORE AND SOMETIMES HE WOULD ENJOY A RIDE ALONG THE SUMMIT OF THE CLIFF ALTOGETHER BEING IN NO HURRY AT ALL TO BRING HIS TASK TO AN END,SOMETIMES HE WOULD WANDER ON FOOT UPON THE SANDY SHORE AND SOMETIMES HE WOULD ENJOY A RIDE ALONG THE SUMMIT OF THE CLIFF ALTOGETHER BEING IN NO HURRY AT ALL TO BRING HIS TASK TO AN END,0.0,86.35448455810547,0.09581899642944336,0.04149222373962402,0.012038946151733398
1411,5105,28233,5,encodec_6k,6.0,SOMETIMES HE WOULD WANDER ON FOOT UPON THE SANDY SHORE AND SOMETIMES HE WOULD ENJOY A RIDE ALONG THE SUMMIT OF THE CLIFF ALTOGETHER BEING IN NO HURRY AT ALL TO BRING HIS TASK TO AN END,SOMETIMES HE WOULD WANDER ON FOOT UPON THE SANDY SHORE AND SOMETIMES HE WOULD ENJOY A RIDE ALONG THE SUMMIT OF THE CLIFF ALTOGETHER BEING IN NO HURRY AT ALL TO BRING HIS TASK TO AN END,0.0,96.29060363769531,0.1671614646911621,0.06761419773101807,0.022115230560302734
1411,5105,28233,5,encodec_1.5k,1.5,SOMETIMES HE WOULD WANDER ON FOOT UPON THE SANDY SHORE AND SOMETIMES HE WOULD ENJOY A RIDE ALONG THE SUMMIT OF THE CLIFF ALTOGETHER BEING IN NO HURRY AT ALL TO BRING HIS TASK TO AN END,SOMETIMES HE WOULD WANDER ON FOOT UPON THE SANDY SHORE AND SOMETIMES HE WOULD ENJOY A RIDE ALONG THE SUMMIT OF THE CLIFF ALTOGETHER BEING IN NO HURRY AT ALL TO BRING HIS TASK TO AN END,0.0,109.02025604248047,0.3387196660041809,0.17541033029556274,0.06784361600875854
1564,5639,40744,0,wav,,ELEVEN O'CLOCK HAD STRUCK IT WAS A FINE CLEAR NIGHT THEY WERE THE ONLY PERSONS ON THE ROAD AND THEY SAUNTERED LEISURELY ALONG TO AVOID PAYING THE PRICE OF FATIGUE FOR THE RECREATION PROVIDED FOR THE TOLEDANS IN THEIR VALLEY OR ON THE BANKS OF THEIR RIVER,ELEVEN O'CLOCK HAD STRUCK IT WAS A FINE CLEAR NIGHT THEY WERE THE ONLY PERSONS ON THE ROAD AND THEY SAUNTERED LEISURELY ALONG TO AVOID PAYING THE PRICE OF FATIGUE FOR THE RECREATION PROVIDED FOR THE TULEDANS IN THE VALLEY OR ON THE BANKS OF THEIR RIVER,0.0425531914893617,0.0,0.0,0.0,0.0
1564,5639,40744,0,resample_control,,ELEVEN O'CLOCK HAD STRUCK IT WAS A FINE CLEAR NIGHT THEY WERE THE ONLY PERSONS ON THE ROAD AND THEY SAUNTERED LEISURELY ALONG TO AVOID PAYING THE PRICE OF FATIGUE FOR THE RECREATION PROVIDED FOR THE TOLEDANS IN THEIR VALLEY OR ON THE BANKS OF THEIR RIVER,ELEVEN O'CLOCK HAD STRUCK IT WAS A FINE CLEAR NIGHT THEY WERE THE ONLY PERSONS ON THE ROAD AND THEY SAUNTERED LEISURELY ALONG TO AVOID PAYING THE PRICE OF FATIGUE FOR THE RECREATION PROVIDED FOR THE TULEDANS IN THE VALLEY OR ON THE BANKS OF THEIR RIVER,0.0425531914893617,5.029900550842285,0.002159595489501953,0.002524435520172119,0.0010889768600463867
1564,5639,40744,0,encodec_24k,24.0,ELEVEN O'CLOCK HAD STRUCK IT WAS A FINE CLEAR NIGHT THEY WERE THE ONLY PERSONS ON THE ROAD AND THEY SAUNTERED LEISURELY ALONG TO AVOID PAYING THE PRICE OF FATIGUE FOR THE RECREATION PROVIDED FOR THE TOLEDANS IN THEIR VALLEY OR ON THE BANKS OF THEIR RIVER,ELEVEN O'CLOCK HAD STRUCK IT WAS A FINE CLEAR NIGHT THEY WERE THE ONLY PERSONS ON THE ROAD AND THEY SAUNTERED LEISURELY ALONG TO AVOID PAYING THE PRICE OF FATIGUE FOR THE RECREATION PROVIDED FOR THE TULEDANS IN THE VALLEY OR ON THE BANKS OF THEIR RIVER,0.0425531914893617,130.14332580566406,0.14754945039749146,0.09365898370742798,0.014111220836639404
1564,5639,40744,0,encodec_6k,6.0,ELEVEN O'CLOCK HAD STRUCK IT WAS A FINE CLEAR NIGHT THEY WERE THE ONLY PERSONS ON THE ROAD AND THEY SAUNTERED LEISURELY ALONG TO AVOID PAYING THE PRICE OF FATIGUE FOR THE RECREATION PROVIDED FOR THE TOLEDANS IN THEIR VALLEY OR ON THE BANKS OF THEIR RIVER,ELEVEN O'CLOCK HAD STRUCK IT WAS A FINE CLEAR NIGHT THEY WERE THE ONLY PERSONS ON THE ROAD AND THEY SAUNTERED LEISURELY ALONG TO AVOID PAYING THE PRICE OF FATIGUE FOR THE RECREATION PROVIDED FOR THE TULEDANS IN THE VALLEY OR ON THE BANKS OF THEIR RIVER,0.0425531914893617,141.45333862304688,0.2045130729675293,0.11448675394058228,0.0214536190032959
1564,5639,40744,0,encodec_1.5k,1.5,ELEVEN O'CLOCK HAD STRUCK IT WAS A FINE CLEAR NIGHT THEY WERE THE ONLY PERSONS ON THE ROAD AND THEY SAUNTERED LEISURELY ALONG TO AVOID PAYING THE PRICE OF FATIGUE FOR THE RECREATION PROVIDED FOR THE TOLEDANS IN THEIR VALLEY OR ON THE BANKS OF THEIR RIVER,ELEVEN O'CLOCK HAD STRUCK IT WAS A FINE CLEAR NIGHT THEY WERE THE ONLY PERSONS ON THE ROAD AND THEY SAUNTERED LEISURELY ALONG TO AVOID PAYING THE PRICE OF FATIGUE FOR THE RECREATION PROVIDED FOR THE TULEDLINGS IN THE VALLEY OR ON THE BANKS OF THEIR RIVER,0.0425531914893617,170.8006134033203,0.3467620015144348,0.21254068613052368,0.07895207405090332
