dataset,dataset_index,speaker_id,chapter_id,utterance_id,codec,bitrate,layer,cosine_similarity,representation_drift
test-clean,1548,5142,36377,17,mp3,128k,layer_1,0.9993008375167847,0.000699162483215332
test-clean,1548,5142,36377,17,mp3,128k,layer_6,0.9958518743515015,0.004148125648498535
test-clean,1548,5142,36377,17,mp3,128k,layer_12,0.9992990493774414,0.0007009506225585938
test-clean,1548,5142,36377,17,mp3,16k,layer_1,0.8578089475631714,0.1421910524368286
test-clean,1548,5142,36377,17,mp3,16k,layer_6,0.9455654621124268,0.05443453788757324
test-clean,1548,5142,36377,17,mp3,16k,layer_12,0.9786799550056458,0.021320044994354248
test-clean,1548,5142,36377,17,opus,16k,layer_1,0.9513404965400696,0.04865950345993042
test-clean,1548,5142,36377,17,opus,16k,layer_6,0.9768446087837219,0.023155391216278076
test-clean,1548,5142,36377,17,opus,16k,layer_12,0.9927746653556824,0.007225334644317627
test-clean,1548,5142,36377,17,opus,8k,layer_1,0.8134965300559998,0.18650346994400024
test-clean,1548,5142,36377,17,opus,8k,layer_6,0.9204005002975464,0.07959949970245361
test-clean,1548,5142,36377,17,opus,8k,layer_12,0.9681562781333923,0.031843721866607666
test-clean,1548,5142,36377,17,opus,6k,layer_1,0.7536793947219849,0.24632060527801514
test-clean,1548,5142,36377,17,opus,6k,layer_6,0.877437949180603,0.12256205081939697
test-clean,1548,5142,36377,17,opus,6k,layer_12,0.9220579266548157,0.07794207334518433
test-clean,1092,4077,13751,18,mp3,128k,layer_1,0.9929481744766235,0.007051825523376465
test-clean,1092,4077,13751,18,mp3,128k,layer_6,0.9964070916175842,0.0035929083824157715
test-clean,1092,4077,13751,18,mp3,128k,layer_12,0.9985131025314331,0.0014868974685668945
test-clean,1092,4077,13751,18,mp3,16k,layer_1,0.7786125540733337,0.22138744592666626
test-clean,1092,4077,13751,18,mp3,16k,layer_6,0.8987406492233276,0.10125935077667236
test-clean,1092,4077,13751,18,mp3,16k,layer_12,0.9693875908851624,0.030612409114837646
test-clean,1092,4077,13751,18,opus,16k,layer_1,0.931697428226471,0.06830257177352905
test-clean,1092,4077,13751,18,opus,16k,layer_6,0.9700525403022766,0.02994745969772339
test-clean,1092,4077,13751,18,opus,16k,layer_12,0.9923070669174194,0.007692933082580566
test-clean,1092,4077,13751,18,opus,8k,layer_1,0.7545305490493774,0.24546945095062256
test-clean,1092,4077,13751,18,opus,8k,layer_6,0.8768397569656372,0.12316024303436279
test-clean,1092,4077,13751,18,opus,8k,layer_12,0.9600237011909485,0.039976298809051514
test-clean,1092,4077,13751,18,opus,6k,layer_1,0.6941240429878235,0.3058759570121765
test-clean,1092,4077,13751,18,opus,6k,layer_6,0.84393709897995,0.15606290102005005
test-clean,1092,4077,13751,18,opus,6k,layer_12,0.9490228891372681,0.050977110862731934
test-clean,882,2961,960,8,mp3,128k,layer_1,0.9901157021522522,0.009884297847747803
test-clean,882,2961,960,8,mp3,128k,layer_6,0.990642786026001,0.009357213973999023
test-clean,882,2961,960,8,mp3,128k,layer_12,0.9989854693412781,0.0010145306587219238
test-clean,882,2961,960,8,mp3,16k,layer_1,0.8023330569267273,0.1976669430732727
test-clean,882,2961,960,8,mp3,16k,layer_6,0.9072026014328003,0.09279739856719971
test-clean,882,2961,960,8,mp3,16k,layer_12,0.9742311239242554,0.02576887607574463
test-clean,882,2961,960,8,opus,16k,layer_1,0.9276571869850159,0.07234281301498413
test-clean,882,2961,960,8,opus,16k,layer_6,0.9547337889671326,0.04526621103286743
test-clean,882,2961,960,8,opus,16k,layer_12,0.9909006953239441,0.009099304676055908
test-clean,882,2961,960,8,opus,8k,layer_1,0.6763583421707153,0.32364165782928467
test-clean,882,2961,960,8,opus,8k,layer_6,0.8201277852058411,0.17987221479415894
test-clean,882,2961,960,8,opus,8k,layer_12,0.9448814392089844,0.055118560791015625
test-clean,882,2961,960,8,opus,6k,layer_1,0.581770122051239,0.418229877948761
test-clean,882,2961,960,8,opus,6k,layer_6,0.7514494061470032,0.24855059385299683
test-clean,882,2961,960,8,opus,6k,layer_12,0.9012807607650757,0.09871923923492432
test-clean,1107,4077,13754,11,mp3,128k,layer_1,0.9956974387168884,0.004302561283111572
test-clean,1107,4077,13754,11,mp3,128k,layer_6,0.9931581020355225,0.006841897964477539
test-clean,1107,4077,13754,11,mp3,128k,layer_12,0.9987654685974121,0.0012345314025878906
test-clean,1107,4077,13754,11,mp3,16k,layer_1,0.7844710946083069,0.21552890539169312
test-clean,1107,4077,13754,11,mp3,16k,layer_6,0.9031912684440613,0.09680873155593872
test-clean,1107,4077,13754,11,mp3,16k,layer_12,0.9712550640106201,0.028744935989379883
test-clean,1107,4077,13754,11,opus,16k,layer_1,0.9295642375946045,0.07043576240539551
test-clean,1107,4077,13754,11,opus,16k,layer_6,0.9630031585693359,0.03699684143066406
test-clean,1107,4077,13754,11,opus,16k,layer_12,0.9840980768203735,0.015901923179626465
test-clean,1107,4077,13754,11,opus,8k,layer_1,0.7683093547821045,0.2316906452178955
test-clean,1107,4077,13754,11,opus,8k,layer_6,0.8949552774429321,0.10504472255706787
test-clean,1107,4077,13754,11,opus,8k,layer_12,0.9684993028640747,0.03150069713592529
test-clean,1107,4077,13754,11,opus,6k,layer_1,0.7040672302246094,0.2959327697753906
test-clean,1107,4077,13754,11,opus,6k,layer_6,0.8563687205314636,0.14363127946853638
test-clean,1107,4077,13754,11,opus,6k,layer_12,0.9445747137069702,0.055425286293029785
test-clean,2475,8463,294828,13,mp3,128k,layer_1,0.9994189739227295,0.0005810260772705078
test-clean,2475,8463,294828,13,mp3,128k,layer_6,0.9998611807823181,0.00013881921768188477
test-clean,2475,8463,294828,13,mp3,128k,layer_12,0.9999008774757385,9.912252426147461e-05
test-clean,2475,8463,294828,13,mp3,16k,layer_1,0.794533371925354,0.205466628074646
test-clean,2475,8463,294828,13,mp3,16k,layer_6,0.9136205315589905,0.08637946844100952
test-clean,2475,8463,294828,13,mp3,16k,layer_12,0.9579067230224609,0.04209327697753906
test-clean,2475,8463,294828,13,opus,16k,layer_1,0.9402298927307129,0.05977010726928711
test-clean,2475,8463,294828,13,opus,16k,layer_6,0.977582573890686,0.022417426109313965
test-clean,2475,8463,294828,13,opus,16k,layer_12,0.9867146611213684,0.013285338878631592
test-clean,2475,8463,294828,13,opus,8k,layer_1,0.7558248043060303,0.24417519569396973
test-clean,2475,8463,294828,13,opus,8k,layer_6,0.8874908089637756,0.11250919103622437
test-clean,2475,8463,294828,13,opus,8k,layer_12,0.971470832824707,0.02852916717529297
test-clean,2475,8463,294828,13,opus,6k,layer_1,0.6978760361671448,0.3021239638328552
test-clean,2475,8463,294828,13,opus,6k,layer_6,0.8333206176757812,0.16667938232421875
test-clean,2475,8463,294828,13,opus,6k,layer_12,0.9349666833877563,0.06503331661224365
test-clean,2450,8463,294825,8,mp3,128k,layer_1,0.9995401501655579,0.00045984983444213867
test-clean,2450,8463,294825,8,mp3,128k,layer_6,0.9985669851303101,0.0014330148696899414
test-clean,2450,8463,294825,8,mp3,128k,layer_12,0.9999545812606812,4.5418739318847656e-05
test-clean,2450,8463,294825,8,mp3,16k,layer_1,0.7971426248550415,0.2028573751449585
test-clean,2450,8463,294825,8,mp3,16k,layer_6,0.8930269479751587,0.10697305202484131
test-clean,2450,8463,294825,8,mp3,16k,layer_12,0.9606694579124451,0.03933054208755493
test-clean,2450,8463,294825,8,opus,16k,layer_1,0.9428346157073975,0.05716538429260254
test-clean,2450,8463,294825,8,opus,16k,layer_6,0.9687668085098267,0.03123319149017334
test-clean,2450,8463,294825,8,opus,16k,layer_12,0.9859883189201355,0.014011681079864502
test-clean,2450,8463,294825,8,opus,8k,layer_1,0.7510034441947937,0.2489965558052063
test-clean,2450,8463,294825,8,opus,8k,layer_6,0.8509668707847595,0.14903312921524048
test-clean,2450,8463,294825,8,opus,8k,layer_12,0.938866138458252,0.06113386154174805
test-clean,2450,8463,294825,8,opus,6k,layer_1,0.6786515712738037,0.3213484287261963
test-clean,2450,8463,294825,8,opus,6k,layer_6,0.7798125147819519,0.2201874852180481
test-clean,2450,8463,294825,8,opus,6k,layer_12,0.8589761853218079,0.14102381467819214
test-clean,1426,5105,28240,9,mp3,128k,layer_1,0.9924041628837585,0.007595837116241455
test-clean,1426,5105,28240,9,mp3,128k,layer_6,0.997782826423645,0.0022171735763549805
test-clean,1426,5105,28240,9,mp3,128k,layer_12,0.9985412359237671,0.0014587640762329102
test-clean,1426,5105,28240,9,mp3,16k,layer_1,0.7886009216308594,0.21139907836914062
test-clean,1426,5105,28240,9,mp3,16k,layer_6,0.9238438606262207,0.0761561393737793
test-clean,1426,5105,28240,9,mp3,16k,layer_12,0.9726759791374207,0.027324020862579346
test-clean,1426,5105,28240,9,opus,16k,layer_1,0.9385193586349487,0.06148064136505127
test-clean,1426,5105,28240,9,opus,16k,layer_6,0.9689239859580994,0.031076014041900635
test-clean,1426,5105,28240,9,opus,16k,layer_12,0.9854718446731567,0.014528155326843262
test-clean,1426,5105,28240,9,opus,8k,layer_1,0.746902585029602,0.25309741497039795
test-clean,1426,5105,28240,9,opus,8k,layer_6,0.8722819685935974,0.1277180314064026
test-clean,1426,5105,28240,9,opus,8k,layer_12,0.9596549272537231,0.040345072746276855
test-clean,1426,5105,28240,9,opus,6k,layer_1,0.6764929294586182,0.32350707054138184
test-clean,1426,5105,28240,9,opus,6k,layer_6,0.836000919342041,0.16399908065795898
test-clean,1426,5105,28240,9,opus,6k,layer_12,0.9505658149719238,0.04943418502807617
test-clean,2590,908,157963,27,mp3,128k,layer_1,0.992752730846405,0.007247269153594971
test-clean,2590,908,157963,27,mp3,128k,layer_6,0.994374692440033,0.005625307559967041
test-clean,2590,908,157963,27,mp3,128k,layer_12,0.9993822574615479,0.0006177425384521484
test-clean,2590,908,157963,27,mp3,16k,layer_1,0.797869086265564,0.20213091373443604
test-clean,2590,908,157963,27,mp3,16k,layer_6,0.8906483054161072,0.10935169458389282
test-clean,2590,908,157963,27,mp3,16k,layer_12,0.9747754335403442,0.02522456645965576
test-clean,2590,908,157963,27,opus,16k,layer_1,0.9262768626213074,0.07372313737869263
test-clean,2590,908,157963,27,opus,16k,layer_6,0.9630687236785889,0.03693127632141113
test-clean,2590,908,157963,27,opus,16k,layer_12,0.9916129112243652,0.008387088775634766
test-clean,2590,908,157963,27,opus,8k,layer_1,0.7390220761299133,0.26097792387008667
test-clean,2590,908,157963,27,opus,8k,layer_6,0.8747175931930542,0.1252824068069458
test-clean,2590,908,157963,27,opus,8k,layer_12,0.9553757905960083,0.0446242094039917
test-clean,2590,908,157963,27,opus,6k,layer_1,0.6678738594055176,0.3321261405944824
test-clean,2590,908,157963,27,opus,6k,layer_6,0.7902534008026123,0.2097465991973877
test-clean,2590,908,157963,27,opus,6k,layer_12,0.8931804895401001,0.1068195104598999
test-clean,2285,8224,274381,5,mp3,128k,layer_1,0.992790937423706,0.007209062576293945
test-clean,2285,8224,274381,5,mp3,128k,layer_6,0.9963370561599731,0.0036629438400268555
test-clean,2285,8224,274381,5,mp3,128k,layer_12,0.9989811182022095,0.0010188817977905273
test-clean,2285,8224,274381,5,mp3,16k,layer_1,0.8269627690315247,0.17303723096847534
test-clean,2285,8224,274381,5,mp3,16k,layer_6,0.9407452940940857,0.05925470590591431
test-clean,2285,8224,274381,5,mp3,16k,layer_12,0.9748368859291077,0.025163114070892334
test-clean,2285,8224,274381,5,opus,16k,layer_1,0.9431403875350952,0.056859612464904785
test-clean,2285,8224,274381,5,opus,16k,layer_6,0.9820641875267029,0.01793581247329712
test-clean,2285,8224,274381,5,opus,16k,layer_12,0.9912987947463989,0.008701205253601074
test-clean,2285,8224,274381,5,opus,8k,layer_1,0.7785506248474121,0.2214493751525879
test-clean,2285,8224,274381,5,opus,8k,layer_6,0.9172191619873047,0.08278083801269531
test-clean,2285,8224,274381,5,opus,8k,layer_12,0.9686858654022217,0.03131413459777832
test-clean,2285,8224,274381,5,opus,6k,layer_1,0.7011436223983765,0.29885637760162354
test-clean,2285,8224,274381,5,opus,6k,layer_6,0.8782333135604858,0.12176668643951416
test-clean,2285,8224,274381,5,opus,6k,layer_12,0.9578233361244202,0.042176663875579834
test-clean,1736,61,70968,55,mp3,128k,layer_1,0.9929711222648621,0.0070288777351379395
test-clean,1736,61,70968,55,mp3,128k,layer_6,0.994300901889801,0.005699098110198975
test-clean,1736,61,70968,55,mp3,128k,layer_12,0.9992138743400574,0.000786125659942627
test-clean,1736,61,70968,55,mp3,16k,layer_1,0.7592862248420715,0.24071377515792847
test-clean,1736,61,70968,55,mp3,16k,layer_6,0.8716483116149902,0.12835168838500977
test-clean,1736,61,70968,55,mp3,16k,layer_12,0.9659135341644287,0.03408646583557129
test-clean,1736,61,70968,55,opus,16k,layer_1,0.9231138825416565,0.0768861174583435
test-clean,1736,61,70968,55,opus,16k,layer_6,0.9681423306465149,0.03185766935348511
test-clean,1736,61,70968,55,opus,16k,layer_12,0.992896318435669,0.007103681564331055
test-clean,1736,61,70968,55,opus,8k,layer_1,0.7291472554206848,0.2708527445793152
test-clean,1736,61,70968,55,opus,8k,layer_6,0.8760755062103271,0.12392449378967285
test-clean,1736,61,70968,55,opus,8k,layer_12,0.9724141359329224,0.027585864067077637
test-clean,1736,61,70968,55,opus,6k,layer_1,0.650754451751709,0.349245548248291
test-clean,1736,61,70968,55,opus,6k,layer_6,0.8234861493110657,0.17651385068893433
test-clean,1736,61,70968,55,opus,6k,layer_12,0.9425285458564758,0.05747145414352417
test-clean,243,1284,1180,31,mp3,128k,layer_1,0.9967817664146423,0.003218233585357666
test-clean,243,1284,1180,31,mp3,128k,layer_6,0.9989786148071289,0.0010213851928710938
test-clean,243,1284,1180,31,mp3,128k,layer_12,0.9988453984260559,0.0011546015739440918
test-clean,243,1284,1180,31,mp3,16k,layer_1,0.8250061273574829,0.1749938726425171
test-clean,243,1284,1180,31,mp3,16k,layer_6,0.9341529607772827,0.06584703922271729
test-clean,243,1284,1180,31,mp3,16k,layer_12,0.9500966668128967,0.04990333318710327
test-clean,243,1284,1180,31,opus,16k,layer_1,0.9487193822860718,0.05128061771392822
test-clean,243,1284,1180,31,opus,16k,layer_6,0.9818025827407837,0.01819741725921631
test-clean,243,1284,1180,31,opus,16k,layer_12,0.9871730208396912,0.012826979160308838
test-clean,243,1284,1180,31,opus,8k,layer_1,0.7664767503738403,0.23352324962615967
test-clean,243,1284,1180,31,opus,8k,layer_6,0.8907783627510071,0.10922163724899292
test-clean,243,1284,1180,31,opus,8k,layer_12,0.9262503981590271,0.0737496018409729
test-clean,243,1284,1180,31,opus,6k,layer_1,0.6897827386856079,0.3102172613143921
test-clean,243,1284,1180,31,opus,6k,layer_6,0.8539427518844604,0.14605724811553955
test-clean,243,1284,1180,31,opus,6k,layer_12,0.9111545085906982,0.08884549140930176
test-clean,468,1995,1836,2,mp3,128k,layer_1,0.9928027391433716,0.007197260856628418
test-clean,468,1995,1836,2,mp3,128k,layer_6,0.996677815914154,0.0033221840858459473
test-clean,468,1995,1836,2,mp3,128k,layer_12,0.9993163347244263,0.0006836652755737305
test-clean,468,1995,1836,2,mp3,16k,layer_1,0.8046755790710449,0.19532442092895508
test-clean,468,1995,1836,2,mp3,16k,layer_6,0.8934130072593689,0.1065869927406311
test-clean,468,1995,1836,2,mp3,16k,layer_12,0.9438531398773193,0.056146860122680664
test-clean,468,1995,1836,2,opus,16k,layer_1,0.9433674812316895,0.05663251876831055
test-clean,468,1995,1836,2,opus,16k,layer_6,0.9718954563140869,0.028104543685913086
test-clean,468,1995,1836,2,opus,16k,layer_12,0.9962655901908875,0.003734409809112549
test-clean,468,1995,1836,2,opus,8k,layer_1,0.7952096462249756,0.20479035377502441
test-clean,468,1995,1836,2,opus,8k,layer_6,0.8458014726638794,0.1541985273361206
test-clean,468,1995,1836,2,opus,8k,layer_12,0.9452407956123352,0.054759204387664795
test-clean,468,1995,1836,2,opus,6k,layer_1,0.7356364130973816,0.2643635869026184
test-clean,468,1995,1836,2,opus,6k,layer_6,0.8615027666091919,0.1384972333908081
test-clean,468,1995,1836,2,opus,6k,layer_12,0.933394730091095,0.06660526990890503
test-clean,1715,61,70968,34,mp3,128k,layer_1,0.9940455555915833,0.005954444408416748
test-clean,1715,61,70968,34,mp3,128k,layer_6,0.9938570261001587,0.006142973899841309
test-clean,1715,61,70968,34,mp3,128k,layer_12,0.9985501170158386,0.001449882984161377
test-clean,1715,61,70968,34,mp3,16k,layer_1,0.7905272245407104,0.20947277545928955
test-clean,1715,61,70968,34,mp3,16k,layer_6,0.8705620765686035,0.12943792343139648
test-clean,1715,61,70968,34,mp3,16k,layer_12,0.9413753747940063,0.05862462520599365
test-clean,1715,61,70968,34,opus,16k,layer_1,0.9448416233062744,0.055158376693725586
test-clean,1715,61,70968,34,opus,16k,layer_6,0.9637721180915833,0.03622788190841675
test-clean,1715,61,70968,34,opus,16k,layer_12,0.9955381155014038,0.004461884498596191
test-clean,1715,61,70968,34,opus,8k,layer_1,0.7812671661376953,0.2187328338623047
test-clean,1715,61,70968,34,opus,8k,layer_6,0.8695130348205566,0.13048696517944336
test-clean,1715,61,70968,34,opus,8k,layer_12,0.9447953104972839,0.055204689502716064
test-clean,1715,61,70968,34,opus,6k,layer_1,0.7059894800186157,0.2940105199813843
test-clean,1715,61,70968,34,opus,6k,layer_6,0.8262176513671875,0.1737823486328125
test-clean,1715,61,70968,34,opus,6k,layer_12,0.9046558737754822,0.09534412622451782
test-clean,101,1188,133604,37,mp3,128k,layer_1,0.9927377700805664,0.007262229919433594
test-clean,101,1188,133604,37,mp3,128k,layer_6,0.9972599148750305,0.0027400851249694824
test-clean,101,1188,133604,37,mp3,128k,layer_12,0.9982194304466248,0.0017805695533752441
test-clean,101,1188,133604,37,mp3,16k,layer_1,0.8109306693077087,0.18906933069229126
test-clean,101,1188,133604,37,mp3,16k,layer_6,0.9219749569892883,0.07802504301071167
test-clean,101,1188,133604,37,mp3,16k,layer_12,0.9721714854240417,0.027828514575958252
test-clean,101,1188,133604,37,opus,16k,layer_1,0.9452131390571594,0.054786860942840576
test-clean,101,1188,133604,37,opus,16k,layer_6,0.9722763299942017,0.02772367000579834
test-clean,101,1188,133604,37,opus,16k,layer_12,0.9915134310722351,0.008486568927764893
test-clean,101,1188,133604,37,opus,8k,layer_1,0.7809309363365173,0.21906906366348267
test-clean,101,1188,133604,37,opus,8k,layer_6,0.8929872512817383,0.10701274871826172
test-clean,101,1188,133604,37,opus,8k,layer_12,0.9585418701171875,0.0414581298828125
test-clean,101,1188,133604,37,opus,6k,layer_1,0.7121716141700745,0.28782838582992554
test-clean,101,1188,133604,37,opus,6k,layer_6,0.871185839176178,0.12881416082382202
test-clean,101,1188,133604,37,opus,6k,layer_12,0.9445859789848328,0.055414021015167236
test-clean,1636,5683,32866,12,mp3,128k,layer_1,0.9941622614860535,0.005837738513946533
test-clean,1636,5683,32866,12,mp3,128k,layer_6,0.9959626197814941,0.004037380218505859
test-clean,1636,5683,32866,12,mp3,128k,layer_12,0.9973363876342773,0.0026636123657226562
test-clean,1636,5683,32866,12,mp3,16k,layer_1,0.8136987686157227,0.18630123138427734
test-clean,1636,5683,32866,12,mp3,16k,layer_6,0.911098301410675,0.08890169858932495
test-clean,1636,5683,32866,12,mp3,16k,layer_12,0.9676138758659363,0.03238612413406372
test-clean,1636,5683,32866,12,opus,16k,layer_1,0.9468497037887573,0.053150296211242676
test-clean,1636,5683,32866,12,opus,16k,layer_6,0.9698333740234375,0.0301666259765625
test-clean,1636,5683,32866,12,opus,16k,layer_12,0.9917702078819275,0.00822979211807251
test-clean,1636,5683,32866,12,opus,8k,layer_1,0.7682900428771973,0.23170995712280273
test-clean,1636,5683,32866,12,opus,8k,layer_6,0.8729839324951172,0.1270160675048828
test-clean,1636,5683,32866,12,opus,8k,layer_12,0.963232696056366,0.03676730394363403
test-clean,1636,5683,32866,12,opus,6k,layer_1,0.6992297172546387,0.30077028274536133
test-clean,1636,5683,32866,12,opus,6k,layer_6,0.8269665241241455,0.1730334758758545
test-clean,1636,5683,32866,12,opus,6k,layer_12,0.9400961399078369,0.059903860092163086
test-clean,371,1580,141083,37,mp3,128k,layer_1,0.9926734566688538,0.00732654333114624
test-clean,371,1580,141083,37,mp3,128k,layer_6,0.998369574546814,0.0016304254531860352
test-clean,371,1580,141083,37,mp3,128k,layer_12,0.9990242719650269,0.0009757280349731445
test-clean,371,1580,141083,37,mp3,16k,layer_1,0.8059112429618835,0.19408875703811646
test-clean,371,1580,141083,37,mp3,16k,layer_6,0.9444683790206909,0.05553162097930908
test-clean,371,1580,141083,37,mp3,16k,layer_12,0.9822887182235718,0.017711281776428223
test-clean,371,1580,141083,37,opus,16k,layer_1,0.9444809556007385,0.055519044399261475
test-clean,371,1580,141083,37,opus,16k,layer_6,0.9842438697814941,0.01575613021850586
test-clean,371,1580,141083,37,opus,16k,layer_12,0.9922484159469604,0.007751584053039551
test-clean,371,1580,141083,37,opus,8k,layer_1,0.7602642774581909,0.23973572254180908
test-clean,371,1580,141083,37,opus,8k,layer_6,0.9191069602966309,0.08089303970336914
test-clean,371,1580,141083,37,opus,8k,layer_12,0.9752956032752991,0.024704396724700928
test-clean,371,1580,141083,37,opus,6k,layer_1,0.6858826875686646,0.31411731243133545
test-clean,371,1580,141083,37,opus,6k,layer_6,0.8863756656646729,0.11362433433532715
test-clean,371,1580,141083,37,opus,6k,layer_12,0.9555190205574036,0.044480979442596436
test-clean,892,2961,960,18,mp3,128k,layer_1,0.9906302094459534,0.00936979055404663
test-clean,892,2961,960,18,mp3,128k,layer_6,0.9929287433624268,0.007071256637573242
test-clean,892,2961,960,18,mp3,128k,layer_12,0.9981451630592346,0.0018548369407653809
test-clean,892,2961,960,18,mp3,16k,layer_1,0.797070324420929,0.20292967557907104
test-clean,892,2961,960,18,mp3,16k,layer_6,0.8682326674461365,0.13176733255386353
test-clean,892,2961,960,18,mp3,16k,layer_12,0.9703751802444458,0.0296248197555542
test-clean,892,2961,960,18,opus,16k,layer_1,0.9286063313484192,0.07139366865158081
test-clean,892,2961,960,18,opus,16k,layer_6,0.9462090730667114,0.053790926933288574
test-clean,892,2961,960,18,opus,16k,layer_12,0.990993082523346,0.009006917476654053
test-clean,892,2961,960,18,opus,8k,layer_1,0.6833136081695557,0.31668639183044434
test-clean,892,2961,960,18,opus,8k,layer_6,0.816810131072998,0.18318986892700195
test-clean,892,2961,960,18,opus,8k,layer_12,0.9489415884017944,0.051058411598205566
test-clean,892,2961,960,18,opus,6k,layer_1,0.5901780724525452,0.40982192754745483
test-clean,892,2961,960,18,opus,6k,layer_6,0.7494101524353027,0.25058984756469727
test-clean,892,2961,960,18,opus,6k,layer_12,0.933007001876831,0.06699299812316895
test-clean,1887,6829,68769,27,mp3,128k,layer_1,0.9905595779418945,0.009440422058105469
test-clean,1887,6829,68769,27,mp3,128k,layer_6,0.9972941279411316,0.002705872058868408
test-clean,1887,6829,68769,27,mp3,128k,layer_12,0.9991979598999023,0.0008020401000976562
test-clean,1887,6829,68769,27,mp3,16k,layer_1,0.7395821213722229,0.2604178786277771
test-clean,1887,6829,68769,27,mp3,16k,layer_6,0.833000659942627,0.16699934005737305
test-clean,1887,6829,68769,27,mp3,16k,layer_12,0.913499116897583,0.08650088310241699
test-clean,1887,6829,68769,27,opus,16k,layer_1,0.9255480766296387,0.07445192337036133
test-clean,1887,6829,68769,27,opus,16k,layer_6,0.9537767171859741,0.04622328281402588
test-clean,1887,6829,68769,27,opus,16k,layer_12,0.9855367541313171,0.014463245868682861
test-clean,1887,6829,68769,27,opus,8k,layer_1,0.7292762994766235,0.27072370052337646
test-clean,1887,6829,68769,27,opus,8k,layer_6,0.8282115459442139,0.17178845405578613
test-clean,1887,6829,68769,27,opus,8k,layer_12,0.9489853978157043,0.051014602184295654
test-clean,1887,6829,68769,27,opus,6k,layer_1,0.6791456341743469,0.3208543658256531
test-clean,1887,6829,68769,27,opus,6k,layer_6,0.782728910446167,0.217271089553833
test-clean,1887,6829,68769,27,opus,6k,layer_12,0.8310873508453369,0.16891264915466309
test-clean,428,1580,141084,40,mp3,128k,layer_1,0.992522656917572,0.0074773430824279785
test-clean,428,1580,141084,40,mp3,128k,layer_6,0.998556911945343,0.0014430880546569824
test-clean,428,1580,141084,40,mp3,128k,layer_12,0.9990804195404053,0.0009195804595947266
test-clean,428,1580,141084,40,mp3,16k,layer_1,0.7927343845367432,0.20726561546325684
test-clean,428,1580,141084,40,mp3,16k,layer_6,0.9221301674842834,0.07786983251571655
test-clean,428,1580,141084,40,mp3,16k,layer_12,0.9771609902381897,0.022839009761810303
test-clean,428,1580,141084,40,opus,16k,layer_1,0.943673849105835,0.05632615089416504
test-clean,428,1580,141084,40,opus,16k,layer_6,0.9771528244018555,0.02284717559814453
test-clean,428,1580,141084,40,opus,16k,layer_12,0.9889970421791077,0.011002957820892334
test-clean,428,1580,141084,40,opus,8k,layer_1,0.7547488808631897,0.2452511191368103
test-clean,428,1580,141084,40,opus,8k,layer_6,0.8983052968978882,0.10169470310211182
test-clean,428,1580,141084,40,opus,8k,layer_12,0.9761058688163757,0.023894131183624268
test-clean,428,1580,141084,40,opus,6k,layer_1,0.6851168870925903,0.31488311290740967
test-clean,428,1580,141084,40,opus,6k,layer_6,0.8719013929367065,0.12809860706329346
test-clean,428,1580,141084,40,opus,6k,layer_12,0.9594524502754211,0.04054754972457886
test-clean,1525,5142,33396,63,mp3,128k,layer_1,0.9931437373161316,0.006856262683868408
test-clean,1525,5142,33396,63,mp3,128k,layer_6,0.9865947365760803,0.013405263423919678
test-clean,1525,5142,33396,63,mp3,128k,layer_12,0.9956111907958984,0.0043888092041015625
test-clean,1525,5142,33396,63,mp3,16k,layer_1,0.8358010053634644,0.16419899463653564
test-clean,1525,5142,33396,63,mp3,16k,layer_6,0.8664163947105408,0.13358360528945923
test-clean,1525,5142,33396,63,mp3,16k,layer_12,0.9453215003013611,0.054678499698638916
test-clean,1525,5142,33396,63,opus,16k,layer_1,0.9500032663345337,0.04999673366546631
test-clean,1525,5142,33396,63,opus,16k,layer_6,0.9605986475944519,0.039401352405548096
test-clean,1525,5142,33396,63,opus,16k,layer_12,0.982496976852417,0.017503023147583008
test-clean,1525,5142,33396,63,opus,8k,layer_1,0.7889819741249084,0.21101802587509155
test-clean,1525,5142,33396,63,opus,8k,layer_6,0.8678086996078491,0.13219130039215088
test-clean,1525,5142,33396,63,opus,8k,layer_12,0.9380804300308228,0.061919569969177246
test-clean,1525,5142,33396,63,opus,6k,layer_1,0.72991544008255,0.27008455991744995
test-clean,1525,5142,33396,63,opus,6k,layer_6,0.7975325584411621,0.2024674415588379
test-clean,1525,5142,33396,63,opus,6k,layer_12,0.8775618672370911,0.12243813276290894
test-clean,151,121,127105,17,mp3,128k,layer_1,0.9897890090942383,0.010210990905761719
test-clean,151,121,127105,17,mp3,128k,layer_6,0.9964765906333923,0.003523409366607666
test-clean,151,121,127105,17,mp3,128k,layer_12,0.9989736676216125,0.0010263323783874512
test-clean,151,121,127105,17,mp3,16k,layer_1,0.8055581450462341,0.19444185495376587
test-clean,151,121,127105,17,mp3,16k,layer_6,0.9072387218475342,0.09276127815246582
test-clean,151,121,127105,17,mp3,16k,layer_12,0.9544749855995178,0.04552501440048218
test-clean,151,121,127105,17,opus,16k,layer_1,0.9444741010665894,0.055525898933410645
test-clean,151,121,127105,17,opus,16k,layer_6,0.9794784188270569,0.020521581172943115
test-clean,151,121,127105,17,opus,16k,layer_12,0.9757893085479736,0.024210691452026367
test-clean,151,121,127105,17,opus,8k,layer_1,0.7520427107810974,0.2479572892189026
test-clean,151,121,127105,17,opus,8k,layer_6,0.8931229710578918,0.10687702894210815
test-clean,151,121,127105,17,opus,8k,layer_12,0.9484416246414185,0.05155837535858154
test-clean,151,121,127105,17,opus,6k,layer_1,0.6793534159660339,0.32064658403396606
test-clean,151,121,127105,17,opus,6k,layer_6,0.8654770851135254,0.1345229148864746
test-clean,151,121,127105,17,opus,6k,layer_12,0.9445200562477112,0.05547994375228882
test-clean,2382,8455,210777,26,mp3,128k,layer_1,0.9920260310173035,0.007973968982696533
test-clean,2382,8455,210777,26,mp3,128k,layer_6,0.9956088662147522,0.004391133785247803
test-clean,2382,8455,210777,26,mp3,128k,layer_12,0.9965062737464905,0.0034937262535095215
test-clean,2382,8455,210777,26,mp3,16k,layer_1,0.8157975077629089,0.18420249223709106
test-clean,2382,8455,210777,26,mp3,16k,layer_6,0.9069586396217346,0.09304136037826538
test-clean,2382,8455,210777,26,mp3,16k,layer_12,0.9715292453765869,0.028470754623413086
test-clean,2382,8455,210777,26,opus,16k,layer_1,0.9458001852035522,0.054199814796447754
test-clean,2382,8455,210777,26,opus,16k,layer_6,0.9691928029060364,0.030807197093963623
test-clean,2382,8455,210777,26,opus,16k,layer_12,0.9844210743904114,0.015578925609588623
test-clean,2382,8455,210777,26,opus,8k,layer_1,0.757449746131897,0.24255025386810303
test-clean,2382,8455,210777,26,opus,8k,layer_6,0.8902139067649841,0.10978609323501587
test-clean,2382,8455,210777,26,opus,8k,layer_12,0.9543655514717102,0.045634448528289795
test-clean,2382,8455,210777,26,opus,6k,layer_1,0.6701307892799377,0.32986921072006226
test-clean,2382,8455,210777,26,opus,6k,layer_6,0.8278843760490417,0.17211562395095825
test-clean,2382,8455,210777,26,opus,6k,layer_12,0.9417232275009155,0.05827677249908447
test-clean,68,1188,133604,4,mp3,128k,layer_1,0.9909704923629761,0.009029507637023926
test-clean,68,1188,133604,4,mp3,128k,layer_6,0.9960070252418518,0.003992974758148193
test-clean,68,1188,133604,4,mp3,128k,layer_12,0.9987629055976868,0.0012370944023132324
test-clean,68,1188,133604,4,mp3,16k,layer_1,0.7974675893783569,0.20253241062164307
test-clean,68,1188,133604,4,mp3,16k,layer_6,0.9096465706825256,0.09035342931747437
test-clean,68,1188,133604,4,mp3,16k,layer_12,0.9754859209060669,0.024514079093933105
test-clean,68,1188,133604,4,opus,16k,layer_1,0.9366013407707214,0.06339865922927856
test-clean,68,1188,133604,4,opus,16k,layer_6,0.9686460494995117,0.03135395050048828
test-clean,68,1188,133604,4,opus,16k,layer_12,0.9954416155815125,0.004558384418487549
test-clean,68,1188,133604,4,opus,8k,layer_1,0.7620463371276855,0.23795366287231445
test-clean,68,1188,133604,4,opus,8k,layer_6,0.8847866654396057,0.11521333456039429
test-clean,68,1188,133604,4,opus,8k,layer_12,0.9762396812438965,0.023760318756103516
test-clean,68,1188,133604,4,opus,6k,layer_1,0.6940194368362427,0.3059805631637573
test-clean,68,1188,133604,4,opus,6k,layer_6,0.8392319083213806,0.16076809167861938
test-clean,68,1188,133604,4,opus,6k,layer_12,0.9658880233764648,0.034111976623535156
test-clean,1477,5142,33396,15,mp3,128k,layer_1,0.9966629147529602,0.003337085247039795
test-clean,1477,5142,33396,15,mp3,128k,layer_6,0.9933066964149475,0.00669330358505249
test-clean,1477,5142,33396,15,mp3,128k,layer_12,0.9986491799354553,0.0013508200645446777
test-clean,1477,5142,33396,15,mp3,16k,layer_1,0.856499969959259,0.14350003004074097
test-clean,1477,5142,33396,15,mp3,16k,layer_6,0.9465243816375732,0.05347561836242676
test-clean,1477,5142,33396,15,mp3,16k,layer_12,0.9847990274429321,0.015200972557067871
test-clean,1477,5142,33396,15,opus,16k,layer_1,0.9572378993034363,0.04276210069656372
test-clean,1477,5142,33396,15,opus,16k,layer_6,0.971055805683136,0.028944194316864014
test-clean,1477,5142,33396,15,opus,16k,layer_12,0.9928051829338074,0.007194817066192627
test-clean,1477,5142,33396,15,opus,8k,layer_1,0.8118212223052979,0.18817877769470215
test-clean,1477,5142,33396,15,opus,8k,layer_6,0.8938685059547424,0.10613149404525757
test-clean,1477,5142,33396,15,opus,8k,layer_12,0.9581612944602966,0.04183870553970337
test-clean,1477,5142,33396,15,opus,6k,layer_1,0.7257202863693237,0.27427971363067627
test-clean,1477,5142,33396,15,opus,6k,layer_6,0.8382113575935364,0.16178864240646362
test-clean,1477,5142,33396,15,opus,6k,layer_12,0.8959729075431824,0.10402709245681763
test-clean,2433,8463,287645,6,mp3,128k,layer_1,0.991608202457428,0.008391797542572021
test-clean,2433,8463,287645,6,mp3,128k,layer_6,0.9975417852401733,0.00245821475982666
test-clean,2433,8463,287645,6,mp3,128k,layer_12,0.9956094026565552,0.004390597343444824
test-clean,2433,8463,287645,6,mp3,16k,layer_1,0.808639407157898,0.19136059284210205
test-clean,2433,8463,287645,6,mp3,16k,layer_6,0.9233629107475281,0.07663708925247192
test-clean,2433,8463,287645,6,mp3,16k,layer_12,0.9585270285606384,0.04147297143936157
test-clean,2433,8463,287645,6,opus,16k,layer_1,0.9421006441116333,0.0578993558883667
test-clean,2433,8463,287645,6,opus,16k,layer_6,0.9791778326034546,0.02082216739654541
test-clean,2433,8463,287645,6,opus,16k,layer_12,0.992855966091156,0.007144033908843994
test-clean,2433,8463,287645,6,opus,8k,layer_1,0.7505226135253906,0.24947738647460938
test-clean,2433,8463,287645,6,opus,8k,layer_6,0.8838360905647278,0.11616390943527222
test-clean,2433,8463,287645,6,opus,8k,layer_12,0.9488284587860107,0.05117154121398926
test-clean,2433,8463,287645,6,opus,6k,layer_1,0.6750367879867554,0.32496321201324463
test-clean,2433,8463,287645,6,opus,6k,layer_6,0.8331544399261475,0.16684556007385254
test-clean,2433,8463,287645,6,opus,6k,layer_12,0.9106070399284363,0.08939296007156372
test-clean,865,2830,3980,68,mp3,128k,layer_1,0.9910359382629395,0.008964061737060547
test-clean,865,2830,3980,68,mp3,128k,layer_6,0.9926502704620361,0.007349729537963867
test-clean,865,2830,3980,68,mp3,128k,layer_12,0.9991189241409302,0.0008810758590698242
test-clean,865,2830,3980,68,mp3,16k,layer_1,0.7501648664474487,0.24983513355255127
test-clean,865,2830,3980,68,mp3,16k,layer_6,0.8740423321723938,0.1259576678276062
test-clean,865,2830,3980,68,mp3,16k,layer_12,0.9322618246078491,0.06773817539215088
test-clean,865,2830,3980,68,opus,16k,layer_1,0.9291759133338928,0.07082408666610718
test-clean,865,2830,3980,68,opus,16k,layer_6,0.9585264325141907,0.041473567485809326
test-clean,865,2830,3980,68,opus,16k,layer_12,0.9947097897529602,0.005290210247039795
test-clean,865,2830,3980,68,opus,8k,layer_1,0.7132993936538696,0.28670060634613037
test-clean,865,2830,3980,68,opus,8k,layer_6,0.8560824394226074,0.14391756057739258
test-clean,865,2830,3980,68,opus,8k,layer_12,0.9811736941337585,0.018826305866241455
test-clean,865,2830,3980,68,opus,6k,layer_1,0.6564802527427673,0.34351974725723267
test-clean,865,2830,3980,68,opus,6k,layer_6,0.8179538249969482,0.18204617500305176
test-clean,865,2830,3980,68,opus,6k,layer_12,0.9690285921096802,0.030971407890319824
test-clean,2487,8463,294828,25,mp3,128k,layer_1,0.9994445443153381,0.0005554556846618652
test-clean,2487,8463,294828,25,mp3,128k,layer_6,0.9995837807655334,0.00041621923446655273
test-clean,2487,8463,294828,25,mp3,128k,layer_12,0.9999291300773621,7.086992263793945e-05
test-clean,2487,8463,294828,25,mp3,16k,layer_1,0.7908617854118347,0.20913821458816528
test-clean,2487,8463,294828,25,mp3,16k,layer_6,0.9077950119972229,0.0922049880027771
test-clean,2487,8463,294828,25,mp3,16k,layer_12,0.9471206068992615,0.052879393100738525
test-clean,2487,8463,294828,25,opus,16k,layer_1,0.9436516761779785,0.056348323822021484
test-clean,2487,8463,294828,25,opus,16k,layer_6,0.9814001321792603,0.018599867820739746
test-clean,2487,8463,294828,25,opus,16k,layer_12,0.994178831577301,0.005821168422698975
test-clean,2487,8463,294828,25,opus,8k,layer_1,0.7453311681747437,0.25466883182525635
test-clean,2487,8463,294828,25,opus,8k,layer_6,0.883338987827301,0.11666101217269897
test-clean,2487,8463,294828,25,opus,8k,layer_12,0.9504062533378601,0.04959374666213989
test-clean,2487,8463,294828,25,opus,6k,layer_1,0.6732003092765808,0.3267996907234192
test-clean,2487,8463,294828,25,opus,6k,layer_6,0.8244237303733826,0.17557626962661743
test-clean,2487,8463,294828,25,opus,6k,layer_12,0.9213701486587524,0.07862985134124756
test-clean,1233,4507,16021,12,mp3,128k,layer_1,0.9844481348991394,0.015551865100860596
test-clean,1233,4507,16021,12,mp3,128k,layer_6,0.9817822575569153,0.018217742443084717
test-clean,1233,4507,16021,12,mp3,128k,layer_12,0.9905157685279846,0.00948423147201538
test-clean,1233,4507,16021,12,mp3,16k,layer_1,0.7679696679115295,0.23203033208847046
test-clean,1233,4507,16021,12,mp3,16k,layer_6,0.879370391368866,0.12062960863113403
test-clean,1233,4507,16021,12,mp3,16k,layer_12,0.9727973937988281,0.027202606201171875
test-clean,1233,4507,16021,12,opus,16k,layer_1,0.9325761795043945,0.06742382049560547
test-clean,1233,4507,16021,12,opus,16k,layer_6,0.9691852331161499,0.030814766883850098
test-clean,1233,4507,16021,12,opus,16k,layer_12,0.9925264716148376,0.0074735283851623535
test-clean,1233,4507,16021,12,opus,8k,layer_1,0.7131487131118774,0.28685128688812256
test-clean,1233,4507,16021,12,opus,8k,layer_6,0.8248158097267151,0.1751841902732849
test-clean,1233,4507,16021,12,opus,8k,layer_12,0.9162030816078186,0.0837969183921814
test-clean,1233,4507,16021,12,opus,6k,layer_1,0.648307740688324,0.351692259311676
test-clean,1233,4507,16021,12,opus,6k,layer_6,0.7984901666641235,0.20150983333587646
test-clean,1233,4507,16021,12,opus,6k,layer_12,0.8499759435653687,0.15002405643463135
test-clean,2476,8463,294828,14,mp3,128k,layer_1,0.9995526671409607,0.00044733285903930664
test-clean,2476,8463,294828,14,mp3,128k,layer_6,0.9998297095298767,0.00017029047012329102
test-clean,2476,8463,294828,14,mp3,128k,layer_12,0.9999501705169678,4.982948303222656e-05
test-clean,2476,8463,294828,14,mp3,16k,layer_1,0.783617377281189,0.21638262271881104
test-clean,2476,8463,294828,14,mp3,16k,layer_6,0.9079201221466064,0.09207987785339355
test-clean,2476,8463,294828,14,mp3,16k,layer_12,0.9697854518890381,0.030214548110961914
test-clean,2476,8463,294828,14,opus,16k,layer_1,0.9414448738098145,0.05855512619018555
test-clean,2476,8463,294828,14,opus,16k,layer_6,0.9856048822402954,0.01439511775970459
test-clean,2476,8463,294828,14,opus,16k,layer_12,0.9819916486740112,0.01800835132598877
test-clean,2476,8463,294828,14,opus,8k,layer_1,0.7461718320846558,0.25382816791534424
test-clean,2476,8463,294828,14,opus,8k,layer_6,0.8855645656585693,0.11443543434143066
test-clean,2476,8463,294828,14,opus,8k,layer_12,0.9560948014259338,0.04390519857406616
test-clean,2476,8463,294828,14,opus,6k,layer_1,0.6881309151649475,0.3118690848350525
test-clean,2476,8463,294828,14,opus,6k,layer_6,0.8513208627700806,0.14867913722991943
test-clean,2476,8463,294828,14,opus,6k,layer_12,0.9426096677780151,0.05739033222198486
test-clean,1893,6829,68769,33,mp3,128k,layer_1,0.991492748260498,0.008507251739501953
test-clean,1893,6829,68769,33,mp3,128k,layer_6,0.9928831458091736,0.007116854190826416
test-clean,1893,6829,68769,33,mp3,128k,layer_12,0.9994367361068726,0.0005632638931274414
test-clean,1893,6829,68769,33,mp3,16k,layer_1,0.7616933584213257,0.23830664157867432
test-clean,1893,6829,68769,33,mp3,16k,layer_6,0.8912639617919922,0.10873603820800781
test-clean,1893,6829,68769,33,mp3,16k,layer_12,0.9679749011993408,0.03202509880065918
test-clean,1893,6829,68769,33,opus,16k,layer_1,0.924979567527771,0.075020432472229
test-clean,1893,6829,68769,33,opus,16k,layer_6,0.9641451835632324,0.03585481643676758
test-clean,1893,6829,68769,33,opus,16k,layer_12,0.9928140044212341,0.007185995578765869
test-clean,1893,6829,68769,33,opus,8k,layer_1,0.7218725681304932,0.27812743186950684
test-clean,1893,6829,68769,33,opus,8k,layer_6,0.8641009330749512,0.13589906692504883
test-clean,1893,6829,68769,33,opus,8k,layer_12,0.9572903513908386,0.04270964860916138
test-clean,1893,6829,68769,33,opus,6k,layer_1,0.6479697227478027,0.35203027725219727
test-clean,1893,6829,68769,33,opus,6k,layer_6,0.8166245818138123,0.18337541818618774
test-clean,1893,6829,68769,33,opus,6k,layer_12,0.9509972333908081,0.049002766609191895
test-clean,1393,4992,41806,5,mp3,128k,layer_1,0.9942196011543274,0.005780398845672607
test-clean,1393,4992,41806,5,mp3,128k,layer_6,0.9941676259040833,0.005832374095916748
test-clean,1393,4992,41806,5,mp3,128k,layer_12,0.9978993535041809,0.002100646495819092
test-clean,1393,4992,41806,5,mp3,16k,layer_1,0.8498890995979309,0.1501109004020691
test-clean,1393,4992,41806,5,mp3,16k,layer_6,0.9288075566291809,0.07119244337081909
test-clean,1393,4992,41806,5,mp3,16k,layer_12,0.9872495532035828,0.012750446796417236
test-clean,1393,4992,41806,5,opus,16k,layer_1,0.9547587037086487,0.04524129629135132
test-clean,1393,4992,41806,5,opus,16k,layer_6,0.9638919830322266,0.03610801696777344
test-clean,1393,4992,41806,5,opus,16k,layer_12,0.9894775748252869,0.010522425174713135
test-clean,1393,4992,41806,5,opus,8k,layer_1,0.764393150806427,0.235606849193573
test-clean,1393,4992,41806,5,opus,8k,layer_6,0.8708241581916809,0.1291758418083191
test-clean,1393,4992,41806,5,opus,8k,layer_12,0.9545355439186096,0.04546445608139038
test-clean,1393,4992,41806,5,opus,6k,layer_1,0.6900956630706787,0.3099043369293213
test-clean,1393,4992,41806,5,opus,6k,layer_6,0.8341299295425415,0.1658700704574585
test-clean,1393,4992,41806,5,opus,6k,layer_12,0.9162478446960449,0.08375215530395508
test-clean,386,1580,141083,52,mp3,128k,layer_1,0.99200439453125,0.00799560546875
test-clean,386,1580,141083,52,mp3,128k,layer_6,0.9967929124832153,0.003207087516784668
test-clean,386,1580,141083,52,mp3,128k,layer_12,0.9977297186851501,0.0022702813148498535
test-clean,386,1580,141083,52,mp3,16k,layer_1,0.8087862730026245,0.1912137269973755
test-clean,386,1580,141083,52,mp3,16k,layer_6,0.9017021656036377,0.0982978343963623
test-clean,386,1580,141083,52,mp3,16k,layer_12,0.9096627235412598,0.09033727645874023
test-clean,386,1580,141083,52,opus,16k,layer_1,0.9456719756126404,0.05432802438735962
test-clean,386,1580,141083,52,opus,16k,layer_6,0.9768720865249634,0.02312791347503662
test-clean,386,1580,141083,52,opus,16k,layer_12,0.9934348464012146,0.0065651535987854
test-clean,386,1580,141083,52,opus,8k,layer_1,0.7490437626838684,0.2509562373161316
test-clean,386,1580,141083,52,opus,8k,layer_6,0.8963329195976257,0.10366708040237427
test-clean,386,1580,141083,52,opus,8k,layer_12,0.9563642144203186,0.043635785579681396
test-clean,386,1580,141083,52,opus,6k,layer_1,0.6845409274101257,0.31545907258987427
test-clean,386,1580,141083,52,opus,6k,layer_6,0.8374911546707153,0.16250884532928467
test-clean,386,1580,141083,52,opus,6k,layer_12,0.9537277817726135,0.046272218227386475
test-clean,2216,7176,92135,29,mp3,128k,layer_1,0.9942160248756409,0.005783975124359131
test-clean,2216,7176,92135,29,mp3,128k,layer_6,0.9971370697021484,0.0028629302978515625
test-clean,2216,7176,92135,29,mp3,128k,layer_12,0.9961445331573486,0.003855466842651367
test-clean,2216,7176,92135,29,mp3,16k,layer_1,0.7984481453895569,0.20155185461044312
test-clean,2216,7176,92135,29,mp3,16k,layer_6,0.8877187371253967,0.11228126287460327
test-clean,2216,7176,92135,29,mp3,16k,layer_12,0.9640377163887024,0.03596228361129761
test-clean,2216,7176,92135,29,opus,16k,layer_1,0.9373237490653992,0.06267625093460083
test-clean,2216,7176,92135,29,opus,16k,layer_6,0.9770367741584778,0.022963225841522217
test-clean,2216,7176,92135,29,opus,16k,layer_12,0.9888632297515869,0.011136770248413086
test-clean,2216,7176,92135,29,opus,8k,layer_1,0.7574926614761353,0.24250733852386475
test-clean,2216,7176,92135,29,opus,8k,layer_6,0.8722183704376221,0.12778162956237793
test-clean,2216,7176,92135,29,opus,8k,layer_12,0.9777615666389465,0.022238433361053467
test-clean,2216,7176,92135,29,opus,6k,layer_1,0.6881697773933411,0.31183022260665894
test-clean,2216,7176,92135,29,opus,6k,layer_6,0.8290441632270813,0.1709558367729187
test-clean,2216,7176,92135,29,opus,6k,layer_12,0.9587557911872864,0.04124420881271362
test-clean,720,260,123286,18,mp3,128k,layer_1,0.9935000538825989,0.006499946117401123
test-clean,720,260,123286,18,mp3,128k,layer_6,0.9980980157852173,0.0019019842147827148
test-clean,720,260,123286,18,mp3,128k,layer_12,0.9971714615821838,0.002828538417816162
test-clean,720,260,123286,18,mp3,16k,layer_1,0.8028580546379089,0.19714194536209106
test-clean,720,260,123286,18,mp3,16k,layer_6,0.9153936505317688,0.0846063494682312
test-clean,720,260,123286,18,mp3,16k,layer_12,0.9707833528518677,0.029216647148132324
test-clean,720,260,123286,18,opus,16k,layer_1,0.9394684433937073,0.060531556606292725
test-clean,720,260,123286,18,opus,16k,layer_6,0.9621995091438293,0.037800490856170654
test-clean,720,260,123286,18,opus,16k,layer_12,0.9856988787651062,0.014301121234893799
test-clean,720,260,123286,18,opus,8k,layer_1,0.7526822090148926,0.24731779098510742
test-clean,720,260,123286,18,opus,8k,layer_6,0.8631625175476074,0.13683748245239258
test-clean,720,260,123286,18,opus,8k,layer_12,0.9553111791610718,0.04468882083892822
test-clean,720,260,123286,18,opus,6k,layer_1,0.7076323628425598,0.2923676371574402
test-clean,720,260,123286,18,opus,6k,layer_6,0.8397356867790222,0.16026431322097778
test-clean,720,260,123286,18,opus,6k,layer_12,0.9428204894065857,0.05717951059341431
test-clean,1130,4446,2271,17,mp3,128k,layer_1,0.9986489415168762,0.0013510584831237793
test-clean,1130,4446,2271,17,mp3,128k,layer_6,0.9985747337341309,0.0014252662658691406
test-clean,1130,4446,2271,17,mp3,128k,layer_12,0.9997959733009338,0.0002040266990661621
test-clean,1130,4446,2271,17,mp3,16k,layer_1,0.8348626494407654,0.16513735055923462
test-clean,1130,4446,2271,17,mp3,16k,layer_6,0.9084997177124023,0.09150028228759766
test-clean,1130,4446,2271,17,mp3,16k,layer_12,0.9713645577430725,0.02863544225692749
test-clean,1130,4446,2271,17,opus,16k,layer_1,0.9450123906135559,0.05498760938644409
test-clean,1130,4446,2271,17,opus,16k,layer_6,0.9671052694320679,0.03289473056793213
test-clean,1130,4446,2271,17,opus,16k,layer_12,0.9948812127113342,0.0051187872886657715
test-clean,1130,4446,2271,17,opus,8k,layer_1,0.7829716801643372,0.21702831983566284
test-clean,1130,4446,2271,17,opus,8k,layer_6,0.8810346722602844,0.11896532773971558
test-clean,1130,4446,2271,17,opus,8k,layer_12,0.9563006162643433,0.04369938373565674
test-clean,1130,4446,2271,17,opus,6k,layer_1,0.7033948302268982,0.2966051697731018
test-clean,1130,4446,2271,17,opus,6k,layer_6,0.8360124826431274,0.16398751735687256
test-clean,1130,4446,2271,17,opus,6k,layer_12,0.9388738870620728,0.061126112937927246
test-clean,705,260,123286,3,mp3,128k,layer_1,0.9948430061340332,0.005156993865966797
test-clean,705,260,123286,3,mp3,128k,layer_6,0.9985253810882568,0.001474618911743164
test-clean,705,260,123286,3,mp3,128k,layer_12,0.9997210502624512,0.0002789497375488281
test-clean,705,260,123286,3,mp3,16k,layer_1,0.8329887390136719,0.16701126098632812
test-clean,705,260,123286,3,mp3,16k,layer_6,0.8987875580787659,0.10121244192123413
test-clean,705,260,123286,3,mp3,16k,layer_12,0.9649428725242615,0.035057127475738525
test-clean,705,260,123286,3,opus,16k,layer_1,0.9381692409515381,0.061830759048461914
test-clean,705,260,123286,3,opus,16k,layer_6,0.9553466439247131,0.044653356075286865
test-clean,705,260,123286,3,opus,16k,layer_12,0.9921043515205383,0.00789564847946167
test-clean,705,260,123286,3,opus,8k,layer_1,0.7654554843902588,0.2345445156097412
test-clean,705,260,123286,3,opus,8k,layer_6,0.8674975037574768,0.1325024962425232
test-clean,705,260,123286,3,opus,8k,layer_12,0.9516414403915405,0.04835855960845947
test-clean,705,260,123286,3,opus,6k,layer_1,0.7095540761947632,0.2904459238052368
test-clean,705,260,123286,3,opus,6k,layer_6,0.8275783658027649,0.1724216341972351
test-clean,705,260,123286,3,opus,6k,layer_12,0.9300159215927124,0.0699840784072876
test-clean,2352,8230,279154,40,mp3,128k,layer_1,0.9936490654945374,0.0063509345054626465
test-clean,2352,8230,279154,40,mp3,128k,layer_6,0.9977741837501526,0.002225816249847412
test-clean,2352,8230,279154,40,mp3,128k,layer_12,0.9995232820510864,0.0004767179489135742
test-clean,2352,8230,279154,40,mp3,16k,layer_1,0.8080752491950989,0.19192475080490112
test-clean,2352,8230,279154,40,mp3,16k,layer_6,0.9146901369094849,0.08530986309051514
test-clean,2352,8230,279154,40,mp3,16k,layer_12,0.974900484085083,0.025099515914916992
test-clean,2352,8230,279154,40,opus,16k,layer_1,0.9425283074378967,0.05747169256210327
test-clean,2352,8230,279154,40,opus,16k,layer_6,0.9744462966918945,0.02555370330810547
test-clean,2352,8230,279154,40,opus,16k,layer_12,0.9923779368400574,0.007622063159942627
test-clean,2352,8230,279154,40,opus,8k,layer_1,0.7611294984817505,0.2388705015182495
test-clean,2352,8230,279154,40,opus,8k,layer_6,0.89451003074646,0.10548996925354004
test-clean,2352,8230,279154,40,opus,8k,layer_12,0.9751390218734741,0.02486097812652588
test-clean,2352,8230,279154,40,opus,6k,layer_1,0.6953580975532532,0.3046419024467468
test-clean,2352,8230,279154,40,opus,6k,layer_6,0.8577031493186951,0.14229685068130493
test-clean,2352,8230,279154,40,opus,6k,layer_12,0.9544674754142761,0.04553252458572388
test-clean,1215,4446,2275,40,mp3,128k,layer_1,0.9922271370887756,0.007772862911224365
test-clean,1215,4446,2275,40,mp3,128k,layer_6,0.9979718327522278,0.002028167247772217
test-clean,1215,4446,2275,40,mp3,128k,layer_12,0.9993789792060852,0.0006210207939147949
test-clean,1215,4446,2275,40,mp3,16k,layer_1,0.78371262550354,0.21628737449645996
test-clean,1215,4446,2275,40,mp3,16k,layer_6,0.8959448933601379,0.10405510663986206
test-clean,1215,4446,2275,40,mp3,16k,layer_12,0.9630447030067444,0.036955296993255615
test-clean,1215,4446,2275,40,opus,16k,layer_1,0.9423840641975403,0.05761593580245972
test-clean,1215,4446,2275,40,opus,16k,layer_6,0.9766625761985779,0.02333742380142212
test-clean,1215,4446,2275,40,opus,16k,layer_12,0.9922879934310913,0.007712006568908691
test-clean,1215,4446,2275,40,opus,8k,layer_1,0.7479537725448608,0.25204622745513916
test-clean,1215,4446,2275,40,opus,8k,layer_6,0.9049245119094849,0.09507548809051514
test-clean,1215,4446,2275,40,opus,8k,layer_12,0.9679124355316162,0.03208756446838379
test-clean,1215,4446,2275,40,opus,6k,layer_1,0.6822943687438965,0.3177056312561035
test-clean,1215,4446,2275,40,opus,6k,layer_6,0.875438928604126,0.12456107139587402
test-clean,1215,4446,2275,40,opus,6k,layer_12,0.9530503749847412,0.04694962501525879
test-clean,217,1284,1180,5,mp3,128k,layer_1,0.9952958822250366,0.004704117774963379
test-clean,217,1284,1180,5,mp3,128k,layer_6,0.9984495639801025,0.001550436019897461
test-clean,217,1284,1180,5,mp3,128k,layer_12,0.9985510110855103,0.001448988914489746
test-clean,217,1284,1180,5,mp3,16k,layer_1,0.8253602981567383,0.17463970184326172
test-clean,217,1284,1180,5,mp3,16k,layer_6,0.9218820929527283,0.07811790704727173
test-clean,217,1284,1180,5,mp3,16k,layer_12,0.976875901222229,0.023124098777770996
test-clean,217,1284,1180,5,opus,16k,layer_1,0.9463162422180176,0.05368375778198242
test-clean,217,1284,1180,5,opus,16k,layer_6,0.9781337380409241,0.021866261959075928
test-clean,217,1284,1180,5,opus,16k,layer_12,0.9939418435096741,0.006058156490325928
test-clean,217,1284,1180,5,opus,8k,layer_1,0.7632411122322083,0.23675888776779175
test-clean,217,1284,1180,5,opus,8k,layer_6,0.8953999280929565,0.10460007190704346
test-clean,217,1284,1180,5,opus,8k,layer_12,0.9740651845932007,0.025934815406799316
test-clean,217,1284,1180,5,opus,6k,layer_1,0.6890496015548706,0.3109503984451294
test-clean,217,1284,1180,5,opus,6k,layer_6,0.8475168943405151,0.15248310565948486
test-clean,217,1284,1180,5,opus,6k,layer_12,0.9383023381233215,0.06169766187667847
test-clean,431,1580,141084,43,mp3,128k,layer_1,0.9943372011184692,0.005662798881530762
test-clean,431,1580,141084,43,mp3,128k,layer_6,0.9973117113113403,0.002688288688659668
test-clean,431,1580,141084,43,mp3,128k,layer_12,0.9995386004447937,0.00046139955520629883
test-clean,431,1580,141084,43,mp3,16k,layer_1,0.7907760739326477,0.2092239260673523
test-clean,431,1580,141084,43,mp3,16k,layer_6,0.9175803065299988,0.08241969347000122
test-clean,431,1580,141084,43,mp3,16k,layer_12,0.9792304039001465,0.020769596099853516
test-clean,431,1580,141084,43,opus,16k,layer_1,0.9348931312561035,0.06510686874389648
test-clean,431,1580,141084,43,opus,16k,layer_6,0.963968813419342,0.03603118658065796
test-clean,431,1580,141084,43,opus,16k,layer_12,0.9947391152381897,0.005260884761810303
test-clean,431,1580,141084,43,opus,8k,layer_1,0.7561246156692505,0.2438753843307495
test-clean,431,1580,141084,43,opus,8k,layer_6,0.9006929397583008,0.09930706024169922
test-clean,431,1580,141084,43,opus,8k,layer_12,0.9827630519866943,0.017236948013305664
test-clean,431,1580,141084,43,opus,6k,layer_1,0.6945686936378479,0.3054313063621521
test-clean,431,1580,141084,43,opus,6k,layer_6,0.8821203112602234,0.11787968873977661
test-clean,431,1580,141084,43,opus,6k,layer_12,0.979825496673584,0.020174503326416016
test-clean,952,3570,5695,9,mp3,128k,layer_1,0.9929206371307373,0.007079362869262695
test-clean,952,3570,5695,9,mp3,128k,layer_6,0.9968107342720032,0.003189265727996826
test-clean,952,3570,5695,9,mp3,128k,layer_12,0.9966005682945251,0.0033994317054748535
test-clean,952,3570,5695,9,mp3,16k,layer_1,0.7913177013397217,0.20868229866027832
test-clean,952,3570,5695,9,mp3,16k,layer_6,0.904097855091095,0.09590214490890503
test-clean,952,3570,5695,9,mp3,16k,layer_12,0.968360185623169,0.031639814376831055
test-clean,952,3570,5695,9,opus,16k,layer_1,0.935767650604248,0.06423234939575195
test-clean,952,3570,5695,9,opus,16k,layer_6,0.9689452648162842,0.03105473518371582
test-clean,952,3570,5695,9,opus,16k,layer_12,0.991426408290863,0.008573591709136963
test-clean,952,3570,5695,9,opus,8k,layer_1,0.7333983182907104,0.26660168170928955
test-clean,952,3570,5695,9,opus,8k,layer_6,0.8568158745765686,0.1431841254234314
test-clean,952,3570,5695,9,opus,8k,layer_12,0.9330493211746216,0.06695067882537842
test-clean,952,3570,5695,9,opus,6k,layer_1,0.6428683996200562,0.35713160037994385
test-clean,952,3570,5695,9,opus,6k,layer_6,0.7980295419692993,0.20197045803070068
test-clean,952,3570,5695,9,opus,6k,layer_12,0.8733578324317932,0.1266421675682068
test-clean,2242,7729,102255,9,mp3,128k,layer_1,0.9921945333480835,0.007805466651916504
test-clean,2242,7729,102255,9,mp3,128k,layer_6,0.9956449866294861,0.004355013370513916
test-clean,2242,7729,102255,9,mp3,128k,layer_12,0.9982067346572876,0.0017932653427124023
test-clean,2242,7729,102255,9,mp3,16k,layer_1,0.8438646793365479,0.15613532066345215
test-clean,2242,7729,102255,9,mp3,16k,layer_6,0.9310274720191956,0.06897252798080444
test-clean,2242,7729,102255,9,mp3,16k,layer_12,0.9803314208984375,0.0196685791015625
test-clean,2242,7729,102255,9,opus,16k,layer_1,0.9504029154777527,0.049597084522247314
test-clean,2242,7729,102255,9,opus,16k,layer_6,0.9771038293838501,0.022896170616149902
test-clean,2242,7729,102255,9,opus,16k,layer_12,0.995092511177063,0.004907488822937012
test-clean,2242,7729,102255,9,opus,8k,layer_1,0.7964311838150024,0.20356881618499756
test-clean,2242,7729,102255,9,opus,8k,layer_6,0.9084451794624329,0.09155482053756714
test-clean,2242,7729,102255,9,opus,8k,layer_12,0.9693384766578674,0.03066152334213257
test-clean,2242,7729,102255,9,opus,6k,layer_1,0.7246127724647522,0.2753872275352478
test-clean,2242,7729,102255,9,opus,6k,layer_6,0.8789684176445007,0.12103158235549927
test-clean,2242,7729,102255,9,opus,6k,layer_12,0.956294059753418,0.04370594024658203
test-clean,680,237,134500,21,mp3,128k,layer_1,0.9846180081367493,0.015381991863250732
test-clean,680,237,134500,21,mp3,128k,layer_6,0.9873653054237366,0.012634694576263428
test-clean,680,237,134500,21,mp3,128k,layer_12,0.9969645142555237,0.0030354857444763184
test-clean,680,237,134500,21,mp3,16k,layer_1,0.7595282196998596,0.24047178030014038
test-clean,680,237,134500,21,mp3,16k,layer_6,0.8628310561180115,0.13716894388198853
test-clean,680,237,134500,21,mp3,16k,layer_12,0.9246813058853149,0.07531869411468506
test-clean,680,237,134500,21,opus,16k,layer_1,0.9352840185165405,0.06471598148345947
test-clean,680,237,134500,21,opus,16k,layer_6,0.958186686038971,0.04181331396102905
test-clean,680,237,134500,21,opus,16k,layer_12,0.9831989407539368,0.016801059246063232
test-clean,680,237,134500,21,opus,8k,layer_1,0.7212945222854614,0.2787054777145386
test-clean,680,237,134500,21,opus,8k,layer_6,0.8290655612945557,0.17093443870544434
test-clean,680,237,134500,21,opus,8k,layer_12,0.9048804044723511,0.09511959552764893
test-clean,680,237,134500,21,opus,6k,layer_1,0.6612191796302795,0.33878082036972046
test-clean,680,237,134500,21,opus,6k,layer_6,0.8152439594268799,0.18475604057312012
test-clean,680,237,134500,21,opus,6k,layer_12,0.8948023915290833,0.10519760847091675
test-clean,1646,5683,32866,22,mp3,128k,layer_1,0.9914301037788391,0.008569896221160889
test-clean,1646,5683,32866,22,mp3,128k,layer_6,0.9874827861785889,0.012517213821411133
test-clean,1646,5683,32866,22,mp3,128k,layer_12,0.9971814155578613,0.002818584442138672
test-clean,1646,5683,32866,22,mp3,16k,layer_1,0.7780982255935669,0.2219017744064331
test-clean,1646,5683,32866,22,mp3,16k,layer_6,0.8639817237854004,0.1360182762145996
test-clean,1646,5683,32866,22,mp3,16k,layer_12,0.9569557905197144,0.043044209480285645
test-clean,1646,5683,32866,22,opus,16k,layer_1,0.935535728931427,0.064464271068573
test-clean,1646,5683,32866,22,opus,16k,layer_6,0.9354172945022583,0.0645827054977417
test-clean,1646,5683,32866,22,opus,16k,layer_12,0.9816298484802246,0.01837015151977539
test-clean,1646,5683,32866,22,opus,8k,layer_1,0.7159082889556885,0.2840917110443115
test-clean,1646,5683,32866,22,opus,8k,layer_6,0.8319217562675476,0.1680782437324524
test-clean,1646,5683,32866,22,opus,8k,layer_12,0.9732431769371033,0.02675682306289673
test-clean,1646,5683,32866,22,opus,6k,layer_1,0.6613652110099792,0.33863478899002075
test-clean,1646,5683,32866,22,opus,6k,layer_6,0.8031219244003296,0.1968780755996704
test-clean,1646,5683,32866,22,opus,6k,layer_12,0.955008327960968,0.04499167203903198
test-clean,1881,6829,68769,21,mp3,128k,layer_1,0.9909327030181885,0.009067296981811523
test-clean,1881,6829,68769,21,mp3,128k,layer_6,0.9969130754470825,0.0030869245529174805
test-clean,1881,6829,68769,21,mp3,128k,layer_12,0.9994091391563416,0.0005908608436584473
test-clean,1881,6829,68769,21,mp3,16k,layer_1,0.7669315338134766,0.23306846618652344
test-clean,1881,6829,68769,21,mp3,16k,layer_6,0.8715068697929382,0.12849313020706177
test-clean,1881,6829,68769,21,mp3,16k,layer_12,0.963948667049408,0.03605133295059204
test-clean,1881,6829,68769,21,opus,16k,layer_1,0.9364590048789978,0.0635409951210022
test-clean,1881,6829,68769,21,opus,16k,layer_6,0.964744508266449,0.035255491733551025
test-clean,1881,6829,68769,21,opus,16k,layer_12,0.9948412775993347,0.005158722400665283
test-clean,1881,6829,68769,21,opus,8k,layer_1,0.7432581782341003,0.25674182176589966
test-clean,1881,6829,68769,21,opus,8k,layer_6,0.8758741617202759,0.12412583827972412
test-clean,1881,6829,68769,21,opus,8k,layer_12,0.9658843874931335,0.034115612506866455
test-clean,1881,6829,68769,21,opus,6k,layer_1,0.6779764294624329,0.32202357053756714
test-clean,1881,6829,68769,21,opus,6k,layer_6,0.8229678273200989,0.17703217267990112
test-clean,1881,6829,68769,21,opus,6k,layer_12,0.9408566355705261,0.05914336442947388
test-clean,1730,61,70968,49,mp3,128k,layer_1,0.9937334060668945,0.006266593933105469
test-clean,1730,61,70968,49,mp3,128k,layer_6,0.9958328604698181,0.004167139530181885
test-clean,1730,61,70968,49,mp3,128k,layer_12,0.9972174167633057,0.002782583236694336
test-clean,1730,61,70968,49,mp3,16k,layer_1,0.7835412621498108,0.2164587378501892
test-clean,1730,61,70968,49,mp3,16k,layer_6,0.9186798334121704,0.08132016658782959
test-clean,1730,61,70968,49,mp3,16k,layer_12,0.949992299079895,0.05000770092010498
test-clean,1730,61,70968,49,opus,16k,layer_1,0.9310135245323181,0.06898647546768188
test-clean,1730,61,70968,49,opus,16k,layer_6,0.9746814966201782,0.025318503379821777
test-clean,1730,61,70968,49,opus,16k,layer_12,0.9754825830459595,0.024517416954040527
test-clean,1730,61,70968,49,opus,8k,layer_1,0.7592366337776184,0.2407633662223816
test-clean,1730,61,70968,49,opus,8k,layer_6,0.9051761627197266,0.09482383728027344
test-clean,1730,61,70968,49,opus,8k,layer_12,0.9329328536987305,0.06706714630126953
test-clean,1730,61,70968,49,opus,6k,layer_1,0.6927390098571777,0.30726099014282227
test-clean,1730,61,70968,49,opus,6k,layer_6,0.8750770092010498,0.1249229907989502
test-clean,1730,61,70968,49,opus,6k,layer_12,0.92402184009552,0.07597815990447998
test-clean,2262,7729,102255,29,mp3,128k,layer_1,0.9900068640708923,0.009993135929107666
test-clean,2262,7729,102255,29,mp3,128k,layer_6,0.9918991327285767,0.00810086727142334
test-clean,2262,7729,102255,29,mp3,128k,layer_12,0.9991380572319031,0.0008619427680969238
test-clean,2262,7729,102255,29,mp3,16k,layer_1,0.8263019919395447,0.17369800806045532
test-clean,2262,7729,102255,29,mp3,16k,layer_6,0.9200834631919861,0.07991653680801392
test-clean,2262,7729,102255,29,mp3,16k,layer_12,0.9823900461196899,0.01760995388031006
test-clean,2262,7729,102255,29,opus,16k,layer_1,0.9414809942245483,0.05851900577545166
test-clean,2262,7729,102255,29,opus,16k,layer_6,0.9615013599395752,0.038498640060424805
test-clean,2262,7729,102255,29,opus,16k,layer_12,0.9969558715820312,0.00304412841796875
test-clean,2262,7729,102255,29,opus,8k,layer_1,0.7723407745361328,0.2276592254638672
test-clean,2262,7729,102255,29,opus,8k,layer_6,0.8748155832290649,0.12518441677093506
test-clean,2262,7729,102255,29,opus,8k,layer_12,0.9605413675308228,0.039458632469177246
test-clean,2262,7729,102255,29,opus,6k,layer_1,0.7007785439491272,0.2992214560508728
test-clean,2262,7729,102255,29,opus,6k,layer_6,0.8480342626571655,0.15196573734283447
test-clean,2262,7729,102255,29,opus,6k,layer_12,0.9514421820640564,0.048557817935943604
test-clean,2148,7127,75947,30,mp3,128k,layer_1,0.9927011728286743,0.007298827171325684
test-clean,2148,7127,75947,30,mp3,128k,layer_6,0.9979631304740906,0.002036869525909424
test-clean,2148,7127,75947,30,mp3,128k,layer_12,0.9993747472763062,0.0006252527236938477
test-clean,2148,7127,75947,30,mp3,16k,layer_1,0.7883318066596985,0.2116681933403015
test-clean,2148,7127,75947,30,mp3,16k,layer_6,0.8983541131019592,0.10164588689804077
test-clean,2148,7127,75947,30,mp3,16k,layer_12,0.9644433259963989,0.035556674003601074
test-clean,2148,7127,75947,30,opus,16k,layer_1,0.9314436912536621,0.06855630874633789
test-clean,2148,7127,75947,30,opus,16k,layer_6,0.9827589988708496,0.01724100112915039
test-clean,2148,7127,75947,30,opus,16k,layer_12,0.988949179649353,0.011050820350646973
test-clean,2148,7127,75947,30,opus,8k,layer_1,0.7440139651298523,0.2559860348701477
test-clean,2148,7127,75947,30,opus,8k,layer_6,0.886023223400116,0.11397677659988403
test-clean,2148,7127,75947,30,opus,8k,layer_12,0.9698747992515564,0.030125200748443604
test-clean,2148,7127,75947,30,opus,6k,layer_1,0.6897621750831604,0.3102378249168396
test-clean,2148,7127,75947,30,opus,6k,layer_6,0.8462069630622864,0.15379303693771362
test-clean,2148,7127,75947,30,opus,6k,layer_12,0.9534132480621338,0.04658675193786621
test-clean,1162,4446,2273,24,mp3,128k,layer_1,0.9925901293754578,0.007409870624542236
test-clean,1162,4446,2273,24,mp3,128k,layer_6,0.9848243594169617,0.01517564058303833
test-clean,1162,4446,2273,24,mp3,128k,layer_12,0.9989246726036072,0.0010753273963928223
test-clean,1162,4446,2273,24,mp3,16k,layer_1,0.8076239228248596,0.19237607717514038
test-clean,1162,4446,2273,24,mp3,16k,layer_6,0.9068297743797302,0.09317022562026978
test-clean,1162,4446,2273,24,mp3,16k,layer_12,0.9734882712364197,0.026511728763580322
test-clean,1162,4446,2273,24,opus,16k,layer_1,0.9347923398017883,0.06520766019821167
test-clean,1162,4446,2273,24,opus,16k,layer_6,0.9595826864242554,0.04041731357574463
test-clean,1162,4446,2273,24,opus,16k,layer_12,0.9840018153190613,0.01599818468093872
test-clean,1162,4446,2273,24,opus,8k,layer_1,0.7670828700065613,0.23291712999343872
test-clean,1162,4446,2273,24,opus,8k,layer_6,0.9017900228500366,0.09820997714996338
test-clean,1162,4446,2273,24,opus,8k,layer_12,0.9573366641998291,0.0426633358001709
test-clean,1162,4446,2273,24,opus,6k,layer_1,0.6881096959114075,0.31189030408859253
test-clean,1162,4446,2273,24,opus,6k,layer_6,0.8600554466247559,0.13994455337524414
test-clean,1162,4446,2273,24,opus,6k,layer_12,0.9324458837509155,0.06755411624908447
test-clean,1238,4507,16021,17,mp3,128k,layer_1,0.9891210794448853,0.010878920555114746
test-clean,1238,4507,16021,17,mp3,128k,layer_6,0.9909875392913818,0.009012460708618164
test-clean,1238,4507,16021,17,mp3,128k,layer_12,0.9986202120780945,0.0013797879219055176
test-clean,1238,4507,16021,17,mp3,16k,layer_1,0.7953951954841614,0.20460480451583862
test-clean,1238,4507,16021,17,mp3,16k,layer_6,0.8922945857048035,0.10770541429519653
test-clean,1238,4507,16021,17,mp3,16k,layer_12,0.9730162024497986,0.026983797550201416
test-clean,1238,4507,16021,17,opus,16k,layer_1,0.938870906829834,0.061129093170166016
test-clean,1238,4507,16021,17,opus,16k,layer_6,0.9647954106330872,0.03520458936691284
test-clean,1238,4507,16021,17,opus,16k,layer_12,0.9950517416000366,0.004948258399963379
test-clean,1238,4507,16021,17,opus,8k,layer_1,0.7042229175567627,0.2957770824432373
test-clean,1238,4507,16021,17,opus,8k,layer_6,0.8453198671340942,0.15468013286590576
test-clean,1238,4507,16021,17,opus,8k,layer_12,0.9628902673721313,0.03710973262786865
test-clean,1238,4507,16021,17,opus,6k,layer_1,0.6421194672584534,0.35788053274154663
test-clean,1238,4507,16021,17,opus,6k,layer_6,0.7899031639099121,0.2100968360900879
test-clean,1238,4507,16021,17,opus,6k,layer_12,0.9398332238197327,0.060166776180267334
test-clean,2481,8463,294828,19,mp3,128k,layer_1,0.9996622800827026,0.0003377199172973633
test-clean,2481,8463,294828,19,mp3,128k,layer_6,0.9998132586479187,0.00018674135208129883
test-clean,2481,8463,294828,19,mp3,128k,layer_12,0.9999677538871765,3.224611282348633e-05
test-clean,2481,8463,294828,19,mp3,16k,layer_1,0.8010712265968323,0.19892877340316772
test-clean,2481,8463,294828,19,mp3,16k,layer_6,0.9133642911911011,0.08663570880889893
test-clean,2481,8463,294828,19,mp3,16k,layer_12,0.9506348371505737,0.04936516284942627
test-clean,2481,8463,294828,19,opus,16k,layer_1,0.9397360682487488,0.06026393175125122
test-clean,2481,8463,294828,19,opus,16k,layer_6,0.9787594079971313,0.021240592002868652
test-clean,2481,8463,294828,19,opus,16k,layer_12,0.9881008267402649,0.011899173259735107
test-clean,2481,8463,294828,19,opus,8k,layer_1,0.7604116797447205,0.23958832025527954
test-clean,2481,8463,294828,19,opus,8k,layer_6,0.8494970202445984,0.1505029797554016
test-clean,2481,8463,294828,19,opus,8k,layer_12,0.9350597858428955,0.06494021415710449
test-clean,2481,8463,294828,19,opus,6k,layer_1,0.6793727278709412,0.32062727212905884
test-clean,2481,8463,294828,19,opus,6k,layer_6,0.7843735218048096,0.21562647819519043
test-clean,2481,8463,294828,19,opus,6k,layer_12,0.8828978538513184,0.11710214614868164
test-clean,177,1221,135766,6,mp3,128k,layer_1,0.9863815307617188,0.01361846923828125
test-clean,177,1221,135766,6,mp3,128k,layer_6,0.9936782717704773,0.006321728229522705
test-clean,177,1221,135766,6,mp3,128k,layer_12,0.9994975924491882,0.0005024075508117676
test-clean,177,1221,135766,6,mp3,16k,layer_1,0.7489609122276306,0.2510390877723694
test-clean,177,1221,135766,6,mp3,16k,layer_6,0.9065918922424316,0.09340810775756836
test-clean,177,1221,135766,6,mp3,16k,layer_12,0.9743155241012573,0.025684475898742676
test-clean,177,1221,135766,6,opus,16k,layer_1,0.9262599945068359,0.07374000549316406
test-clean,177,1221,135766,6,opus,16k,layer_6,0.9610081911087036,0.03899180889129639
test-clean,177,1221,135766,6,opus,16k,layer_12,0.9919788241386414,0.008021175861358643
test-clean,177,1221,135766,6,opus,8k,layer_1,0.68696528673172,0.31303471326828003
test-clean,177,1221,135766,6,opus,8k,layer_6,0.853652834892273,0.14634716510772705
test-clean,177,1221,135766,6,opus,8k,layer_12,0.9592867493629456,0.04071325063705444
test-clean,177,1221,135766,6,opus,6k,layer_1,0.6114437580108643,0.38855624198913574
test-clean,177,1221,135766,6,opus,6k,layer_6,0.8058804273605347,0.19411957263946533
test-clean,177,1221,135766,6,opus,6k,layer_12,0.9332094192504883,0.06679058074951172
test-clean,2260,7729,102255,27,mp3,128k,layer_1,0.9881621599197388,0.01183784008026123
test-clean,2260,7729,102255,27,mp3,128k,layer_6,0.9895773530006409,0.01042264699935913
test-clean,2260,7729,102255,27,mp3,128k,layer_12,0.9992983937263489,0.000701606273651123
test-clean,2260,7729,102255,27,mp3,16k,layer_1,0.8023343086242676,0.19766569137573242
test-clean,2260,7729,102255,27,mp3,16k,layer_6,0.8809773325920105,0.1190226674079895
test-clean,2260,7729,102255,27,mp3,16k,layer_12,0.9759863615036011,0.024013638496398926
test-clean,2260,7729,102255,27,opus,16k,layer_1,0.9314638376235962,0.06853616237640381
test-clean,2260,7729,102255,27,opus,16k,layer_6,0.9421860575675964,0.057813942432403564
test-clean,2260,7729,102255,27,opus,16k,layer_12,0.9941017031669617,0.00589829683303833
test-clean,2260,7729,102255,27,opus,8k,layer_1,0.7340697050094604,0.26593029499053955
test-clean,2260,7729,102255,27,opus,8k,layer_6,0.8324955105781555,0.16750448942184448
test-clean,2260,7729,102255,27,opus,8k,layer_12,0.961195170879364,0.038804829120635986
test-clean,2260,7729,102255,27,opus,6k,layer_1,0.6685296297073364,0.3314703702926636
test-clean,2260,7729,102255,27,opus,6k,layer_6,0.8112282156944275,0.1887717843055725
test-clean,2260,7729,102255,27,opus,6k,layer_12,0.9492529034614563,0.0507470965385437
test-clean,2169,7176,88083,10,mp3,128k,layer_1,0.9950495958328247,0.004950404167175293
test-clean,2169,7176,88083,10,mp3,128k,layer_6,0.9980090856552124,0.0019909143447875977
test-clean,2169,7176,88083,10,mp3,128k,layer_12,0.9994657635688782,0.0005342364311218262
test-clean,2169,7176,88083,10,mp3,16k,layer_1,0.7859590649604797,0.21404093503952026
test-clean,2169,7176,88083,10,mp3,16k,layer_6,0.9174128770828247,0.08258712291717529
test-clean,2169,7176,88083,10,mp3,16k,layer_12,0.9685016870498657,0.03149831295013428
test-clean,2169,7176,88083,10,opus,16k,layer_1,0.9348673224449158,0.06513267755508423
test-clean,2169,7176,88083,10,opus,16k,layer_6,0.9719341993331909,0.028065800666809082
test-clean,2169,7176,88083,10,opus,16k,layer_12,0.9885373115539551,0.011462688446044922
test-clean,2169,7176,88083,10,opus,8k,layer_1,0.7778674364089966,0.22213256359100342
test-clean,2169,7176,88083,10,opus,8k,layer_6,0.904269814491272,0.09573018550872803
test-clean,2169,7176,88083,10,opus,8k,layer_12,0.9579719305038452,0.042028069496154785
test-clean,2169,7176,88083,10,opus,6k,layer_1,0.714598536491394,0.28540146350860596
test-clean,2169,7176,88083,10,opus,6k,layer_6,0.8640780448913574,0.13592195510864258
test-clean,2169,7176,88083,10,opus,6k,layer_12,0.9498746991157532,0.050125300884246826
test-clean,1686,61,70968,5,mp3,128k,layer_1,0.9917459487915039,0.008254051208496094
test-clean,1686,61,70968,5,mp3,128k,layer_6,0.9965832829475403,0.003416717052459717
test-clean,1686,61,70968,5,mp3,128k,layer_12,0.9984169602394104,0.0015830397605895996
test-clean,1686,61,70968,5,mp3,16k,layer_1,0.7842676639556885,0.21573233604431152
test-clean,1686,61,70968,5,mp3,16k,layer_6,0.9018241167068481,0.09817588329315186
test-clean,1686,61,70968,5,mp3,16k,layer_12,0.9738379120826721,0.02616208791732788
test-clean,1686,61,70968,5,opus,16k,layer_1,0.9235225915908813,0.07647740840911865
test-clean,1686,61,70968,5,opus,16k,layer_6,0.9608100652694702,0.039189934730529785
test-clean,1686,61,70968,5,opus,16k,layer_12,0.991521418094635,0.00847858190536499
test-clean,1686,61,70968,5,opus,8k,layer_1,0.7061424255371094,0.2938575744628906
test-clean,1686,61,70968,5,opus,8k,layer_6,0.8567696809768677,0.14323031902313232
test-clean,1686,61,70968,5,opus,8k,layer_12,0.9625151753425598,0.037484824657440186
test-clean,1686,61,70968,5,opus,6k,layer_1,0.6445866823196411,0.3554133176803589
test-clean,1686,61,70968,5,opus,6k,layer_6,0.8154909014701843,0.18450909852981567
test-clean,1686,61,70968,5,opus,6k,layer_12,0.9544989466667175,0.04550105333328247
test-clean,1437,5105,28240,20,mp3,128k,layer_1,0.9842218160629272,0.015778183937072754
test-clean,1437,5105,28240,20,mp3,128k,layer_6,0.9888868927955627,0.011113107204437256
test-clean,1437,5105,28240,20,mp3,128k,layer_12,0.9911214113235474,0.008878588676452637
test-clean,1437,5105,28240,20,mp3,16k,layer_1,0.7292670607566833,0.27073293924331665
test-clean,1437,5105,28240,20,mp3,16k,layer_6,0.8824422359466553,0.11755776405334473
test-clean,1437,5105,28240,20,mp3,16k,layer_12,0.9619831442832947,0.03801685571670532
test-clean,1437,5105,28240,20,opus,16k,layer_1,0.9176243543624878,0.08237564563751221
test-clean,1437,5105,28240,20,opus,16k,layer_6,0.9535114169120789,0.04648858308792114
test-clean,1437,5105,28240,20,opus,16k,layer_12,0.9821891784667969,0.017810821533203125
test-clean,1437,5105,28240,20,opus,8k,layer_1,0.6632189750671387,0.33678102493286133
test-clean,1437,5105,28240,20,opus,8k,layer_6,0.8094977736473083,0.19050222635269165
test-clean,1437,5105,28240,20,opus,8k,layer_12,0.9489001631736755,0.05109983682632446
test-clean,1437,5105,28240,20,opus,6k,layer_1,0.5776746869087219,0.4223253130912781
test-clean,1437,5105,28240,20,opus,6k,layer_6,0.7523190975189209,0.2476809024810791
test-clean,1437,5105,28240,20,opus,6k,layer_12,0.9371514320373535,0.06284856796264648
test-clean,1984,6930,76324,12,mp3,128k,layer_1,0.9974221587181091,0.002577841281890869
test-clean,1984,6930,76324,12,mp3,128k,layer_6,0.9991970658302307,0.0008029341697692871
test-clean,1984,6930,76324,12,mp3,128k,layer_12,0.9984985589981079,0.0015014410018920898
test-clean,1984,6930,76324,12,mp3,16k,layer_1,0.8165677189826965,0.18343228101730347
test-clean,1984,6930,76324,12,mp3,16k,layer_6,0.9156045317649841,0.08439546823501587
test-clean,1984,6930,76324,12,mp3,16k,layer_12,0.9592833518981934,0.04071664810180664
test-clean,1984,6930,76324,12,opus,16k,layer_1,0.9329869747161865,0.06701302528381348
test-clean,1984,6930,76324,12,opus,16k,layer_6,0.9712671637535095,0.02873283624649048
test-clean,1984,6930,76324,12,opus,16k,layer_12,0.9904377460479736,0.009562253952026367
test-clean,1984,6930,76324,12,opus,8k,layer_1,0.7801121473312378,0.2198878526687622
test-clean,1984,6930,76324,12,opus,8k,layer_6,0.9031103253364563,0.0968896746635437
test-clean,1984,6930,76324,12,opus,8k,layer_12,0.9665007591247559,0.03349924087524414
test-clean,1984,6930,76324,12,opus,6k,layer_1,0.7257215976715088,0.2742784023284912
test-clean,1984,6930,76324,12,opus,6k,layer_6,0.8703237771987915,0.1296762228012085
test-clean,1984,6930,76324,12,opus,6k,layer_12,0.9526572227478027,0.047342777252197266
test-clean,664,237,134500,5,mp3,128k,layer_1,0.990155816078186,0.009844183921813965
test-clean,664,237,134500,5,mp3,128k,layer_6,0.9962378740310669,0.0037621259689331055
test-clean,664,237,134500,5,mp3,128k,layer_12,0.9972290992736816,0.0027709007263183594
test-clean,664,237,134500,5,mp3,16k,layer_1,0.7562755346298218,0.24372446537017822
test-clean,664,237,134500,5,mp3,16k,layer_6,0.883633553981781,0.116366446018219
test-clean,664,237,134500,5,mp3,16k,layer_12,0.9640708565711975,0.03592914342880249
test-clean,664,237,134500,5,opus,16k,layer_1,0.9367823004722595,0.06321769952774048
test-clean,664,237,134500,5,opus,16k,layer_6,0.9772692322731018,0.022730767726898193
test-clean,664,237,134500,5,opus,16k,layer_12,0.9730620980262756,0.026937901973724365
test-clean,664,237,134500,5,opus,8k,layer_1,0.7540165185928345,0.24598348140716553
test-clean,664,237,134500,5,opus,8k,layer_6,0.8508657217025757,0.14913427829742432
test-clean,664,237,134500,5,opus,8k,layer_12,0.9526582360267639,0.047341763973236084
test-clean,664,237,134500,5,opus,6k,layer_1,0.6849908232688904,0.3150091767311096
test-clean,664,237,134500,5,opus,6k,layer_6,0.8084936141967773,0.19150638580322266
test-clean,664,237,134500,5,opus,6k,layer_12,0.941074788570404,0.05892521142959595
test-clean,2293,8224,274381,13,mp3,128k,layer_1,0.9923936724662781,0.007606327533721924
test-clean,2293,8224,274381,13,mp3,128k,layer_6,0.9976419806480408,0.0023580193519592285
test-clean,2293,8224,274381,13,mp3,128k,layer_12,0.9993284940719604,0.0006715059280395508
test-clean,2293,8224,274381,13,mp3,16k,layer_1,0.8266279101371765,0.1733720898628235
test-clean,2293,8224,274381,13,mp3,16k,layer_6,0.9237786531448364,0.07622134685516357
test-clean,2293,8224,274381,13,mp3,16k,layer_12,0.9513979554176331,0.04860204458236694
test-clean,2293,8224,274381,13,opus,16k,layer_1,0.94273841381073,0.05726158618927002
test-clean,2293,8224,274381,13,opus,16k,layer_6,0.9733750224113464,0.026624977588653564
test-clean,2293,8224,274381,13,opus,16k,layer_12,0.9913028478622437,0.008697152137756348
test-clean,2293,8224,274381,13,opus,8k,layer_1,0.7753124237060547,0.2246875762939453
test-clean,2293,8224,274381,13,opus,8k,layer_6,0.8965594172477722,0.10344058275222778
test-clean,2293,8224,274381,13,opus,8k,layer_12,0.9656819701194763,0.03431802988052368
test-clean,2293,8224,274381,13,opus,6k,layer_1,0.702636182308197,0.297363817691803
test-clean,2293,8224,274381,13,opus,6k,layer_6,0.852782130241394,0.14721786975860596
test-clean,2293,8224,274381,13,opus,6k,layer_12,0.952349841594696,0.047650158405303955
test-clean,372,1580,141083,38,mp3,128k,layer_1,0.9902152419090271,0.0097847580909729
test-clean,372,1580,141083,38,mp3,128k,layer_6,0.9968441724777222,0.003155827522277832
test-clean,372,1580,141083,38,mp3,128k,layer_12,0.999257504940033,0.000742495059967041
test-clean,372,1580,141083,38,mp3,16k,layer_1,0.7806411981582642,0.21935880184173584
test-clean,372,1580,141083,38,mp3,16k,layer_6,0.903474748134613,0.09652525186538696
test-clean,372,1580,141083,38,mp3,16k,layer_12,0.9724093675613403,0.027590632438659668
test-clean,372,1580,141083,38,opus,16k,layer_1,0.9357962012290955,0.06420379877090454
test-clean,372,1580,141083,38,opus,16k,layer_6,0.9702980518341064,0.029701948165893555
test-clean,372,1580,141083,38,opus,16k,layer_12,0.9957356452941895,0.004264354705810547
test-clean,372,1580,141083,38,opus,8k,layer_1,0.7215739488601685,0.27842605113983154
test-clean,372,1580,141083,38,opus,8k,layer_6,0.8776548504829407,0.12234514951705933
test-clean,372,1580,141083,38,opus,8k,layer_12,0.9545634388923645,0.0454365611076355
test-clean,372,1580,141083,38,opus,6k,layer_1,0.6537756323814392,0.3462243676185608
test-clean,372,1580,141083,38,opus,6k,layer_6,0.8189651966094971,0.18103480339050293
test-clean,372,1580,141083,38,opus,6k,layer_12,0.9313040971755981,0.06869590282440186
test-clean,609,2300,131720,37,mp3,128k,layer_1,0.9961941838264465,0.003805816173553467
test-clean,609,2300,131720,37,mp3,128k,layer_6,0.997686505317688,0.0023134946823120117
test-clean,609,2300,131720,37,mp3,128k,layer_12,0.9992648363113403,0.000735163688659668
test-clean,609,2300,131720,37,mp3,16k,layer_1,0.8328285217285156,0.16717147827148438
test-clean,609,2300,131720,37,mp3,16k,layer_6,0.9286071062088013,0.07139289379119873
test-clean,609,2300,131720,37,mp3,16k,layer_12,0.9740691184997559,0.02593088150024414
test-clean,609,2300,131720,37,opus,16k,layer_1,0.9435456991195679,0.05645430088043213
test-clean,609,2300,131720,37,opus,16k,layer_6,0.9595574140548706,0.040442585945129395
test-clean,609,2300,131720,37,opus,16k,layer_12,0.9911899566650391,0.008810043334960938
test-clean,609,2300,131720,37,opus,8k,layer_1,0.8090836405754089,0.19091635942459106
test-clean,609,2300,131720,37,opus,8k,layer_6,0.9245820641517639,0.07541793584823608
test-clean,609,2300,131720,37,opus,8k,layer_12,0.9756799340248108,0.02432006597518921
test-clean,609,2300,131720,37,opus,6k,layer_1,0.748386561870575,0.25161343812942505
test-clean,609,2300,131720,37,opus,6k,layer_6,0.8885014057159424,0.11149859428405762
test-clean,609,2300,131720,37,opus,6k,layer_12,0.9693095684051514,0.030690431594848633
test-clean,1718,61,70968,37,mp3,128k,layer_1,0.9907312989234924,0.009268701076507568
test-clean,1718,61,70968,37,mp3,128k,layer_6,0.99602872133255,0.003971278667449951
test-clean,1718,61,70968,37,mp3,128k,layer_12,0.9988695979118347,0.0011304020881652832
test-clean,1718,61,70968,37,mp3,16k,layer_1,0.7745200395584106,0.22547996044158936
test-clean,1718,61,70968,37,mp3,16k,layer_6,0.8993345499038696,0.10066545009613037
test-clean,1718,61,70968,37,mp3,16k,layer_12,0.9626144170761108,0.03738558292388916
test-clean,1718,61,70968,37,opus,16k,layer_1,0.9147998690605164,0.08520013093948364
test-clean,1718,61,70968,37,opus,16k,layer_6,0.967519998550415,0.03248000144958496
test-clean,1718,61,70968,37,opus,16k,layer_12,0.9894232749938965,0.010576725006103516
test-clean,1718,61,70968,37,opus,8k,layer_1,0.7219634056091309,0.27803659439086914
test-clean,1718,61,70968,37,opus,8k,layer_6,0.8529596328735352,0.14704036712646484
test-clean,1718,61,70968,37,opus,8k,layer_12,0.9566851258277893,0.04331487417221069
test-clean,1718,61,70968,37,opus,6k,layer_1,0.6496173739433289,0.35038262605667114
test-clean,1718,61,70968,37,opus,6k,layer_6,0.8105517029762268,0.1894482970237732
test-clean,1718,61,70968,37,opus,6k,layer_12,0.930580198764801,0.06941980123519897
test-clean,1164,4446,2273,26,mp3,128k,layer_1,0.9926826357841492,0.00731736421585083
test-clean,1164,4446,2273,26,mp3,128k,layer_6,0.9932273030281067,0.0067726969718933105
test-clean,1164,4446,2273,26,mp3,128k,layer_12,0.9994558691978455,0.000544130802154541
test-clean,1164,4446,2273,26,mp3,16k,layer_1,0.7891493439674377,0.21085065603256226
test-clean,1164,4446,2273,26,mp3,16k,layer_6,0.912922203540802,0.087077796459198
test-clean,1164,4446,2273,26,mp3,16k,layer_12,0.9732712507247925,0.02672874927520752
test-clean,1164,4446,2273,26,opus,16k,layer_1,0.9407498240470886,0.05925017595291138
test-clean,1164,4446,2273,26,opus,16k,layer_6,0.9768595099449158,0.02314049005508423
test-clean,1164,4446,2273,26,opus,16k,layer_12,0.9965904355049133,0.00340956449508667
test-clean,1164,4446,2273,26,opus,8k,layer_1,0.7777710556983948,0.22222894430160522
test-clean,1164,4446,2273,26,opus,8k,layer_6,0.9216278791427612,0.07837212085723877
test-clean,1164,4446,2273,26,opus,8k,layer_12,0.980402946472168,0.01959705352783203
test-clean,1164,4446,2273,26,opus,6k,layer_1,0.7033795118331909,0.2966204881668091
test-clean,1164,4446,2273,26,opus,6k,layer_6,0.8655413389205933,0.13445866107940674
test-clean,1164,4446,2273,26,opus,6k,layer_12,0.9258595108985901,0.07414048910140991
test-clean,376,1580,141083,42,mp3,128k,layer_1,0.9914897680282593,0.008510231971740723
test-clean,376,1580,141083,42,mp3,128k,layer_6,0.9957375526428223,0.004262447357177734
test-clean,376,1580,141083,42,mp3,128k,layer_12,0.999356746673584,0.0006432533264160156
test-clean,376,1580,141083,42,mp3,16k,layer_1,0.7950628399848938,0.2049371600151062
test-clean,376,1580,141083,42,mp3,16k,layer_6,0.8921568989753723,0.10784310102462769
test-clean,376,1580,141083,42,mp3,16k,layer_12,0.9716042876243591,0.02839571237564087
test-clean,376,1580,141083,42,opus,16k,layer_1,0.9372538924217224,0.06274610757827759
test-clean,376,1580,141083,42,opus,16k,layer_6,0.9736378192901611,0.026362180709838867
test-clean,376,1580,141083,42,opus,16k,layer_12,0.9910691976547241,0.008930802345275879
test-clean,376,1580,141083,42,opus,8k,layer_1,0.7387630939483643,0.26123690605163574
test-clean,376,1580,141083,42,opus,8k,layer_6,0.8605572581291199,0.13944274187088013
test-clean,376,1580,141083,42,opus,8k,layer_12,0.9557274580001831,0.044272541999816895
test-clean,376,1580,141083,42,opus,6k,layer_1,0.6686129570007324,0.3313870429992676
test-clean,376,1580,141083,42,opus,6k,layer_6,0.8268349170684814,0.17316508293151855
test-clean,376,1580,141083,42,opus,6k,layer_12,0.9408726692199707,0.0591273307800293
test-clean,1539,5142,36377,8,mp3,128k,layer_1,0.9981388449668884,0.0018611550331115723
test-clean,1539,5142,36377,8,mp3,128k,layer_6,0.9962527751922607,0.003747224807739258
test-clean,1539,5142,36377,8,mp3,128k,layer_12,0.9970069527626038,0.0029930472373962402
test-clean,1539,5142,36377,8,mp3,16k,layer_1,0.8477341532707214,0.15226584672927856
test-clean,1539,5142,36377,8,mp3,16k,layer_6,0.9414007067680359,0.05859929323196411
test-clean,1539,5142,36377,8,mp3,16k,layer_12,0.9658796191215515,0.034120380878448486
test-clean,1539,5142,36377,8,opus,16k,layer_1,0.9557760953903198,0.044223904609680176
test-clean,1539,5142,36377,8,opus,16k,layer_6,0.9788492321968079,0.02115076780319214
test-clean,1539,5142,36377,8,opus,16k,layer_12,0.9921879768371582,0.007812023162841797
test-clean,1539,5142,36377,8,opus,8k,layer_1,0.8112431764602661,0.1887568235397339
test-clean,1539,5142,36377,8,opus,8k,layer_6,0.9142715930938721,0.08572840690612793
test-clean,1539,5142,36377,8,opus,8k,layer_12,0.9642419219017029,0.03575807809829712
test-clean,1539,5142,36377,8,opus,6k,layer_1,0.747359573841095,0.25264042615890503
test-clean,1539,5142,36377,8,opus,6k,layer_6,0.8849404454231262,0.11505955457687378
test-clean,1539,5142,36377,8,opus,6k,layer_12,0.9474889636039734,0.05251103639602661
test-clean,1829,672,122797,44,mp3,128k,layer_1,0.9920120239257812,0.00798797607421875
test-clean,1829,672,122797,44,mp3,128k,layer_6,0.9913867712020874,0.008613228797912598
test-clean,1829,672,122797,44,mp3,128k,layer_12,0.9961614012718201,0.0038385987281799316
test-clean,1829,672,122797,44,mp3,16k,layer_1,0.8037229776382446,0.19627702236175537
test-clean,1829,672,122797,44,mp3,16k,layer_6,0.8941494226455688,0.10585057735443115
test-clean,1829,672,122797,44,mp3,16k,layer_12,0.9790480136871338,0.02095198631286621
test-clean,1829,672,122797,44,opus,16k,layer_1,0.9265908002853394,0.07340919971466064
test-clean,1829,672,122797,44,opus,16k,layer_6,0.9608029723167419,0.03919702768325806
test-clean,1829,672,122797,44,opus,16k,layer_12,0.9841927289962769,0.015807271003723145
test-clean,1829,672,122797,44,opus,8k,layer_1,0.7263532280921936,0.2736467719078064
test-clean,1829,672,122797,44,opus,8k,layer_6,0.8547370433807373,0.1452629566192627
test-clean,1829,672,122797,44,opus,8k,layer_12,0.9577333331108093,0.042266666889190674
test-clean,1829,672,122797,44,opus,6k,layer_1,0.6649013757705688,0.33509862422943115
test-clean,1829,672,122797,44,opus,6k,layer_6,0.8159711956977844,0.18402880430221558
test-clean,1829,672,122797,44,opus,6k,layer_12,0.9448037147521973,0.055196285247802734
test-clean,453,1995,1826,14,mp3,128k,layer_1,0.9856060147285461,0.014393985271453857
test-clean,453,1995,1826,14,mp3,128k,layer_6,0.9929690361022949,0.007030963897705078
test-clean,453,1995,1826,14,mp3,128k,layer_12,0.9961782693862915,0.003821730613708496
test-clean,453,1995,1826,14,mp3,16k,layer_1,0.7832401990890503,0.2167598009109497
test-clean,453,1995,1826,14,mp3,16k,layer_6,0.856859564781189,0.14314043521881104
test-clean,453,1995,1826,14,mp3,16k,layer_12,0.9412105083465576,0.05878949165344238
test-clean,453,1995,1826,14,opus,16k,layer_1,0.9196614623069763,0.08033853769302368
test-clean,453,1995,1826,14,opus,16k,layer_6,0.9481168389320374,0.051883161067962646
test-clean,453,1995,1826,14,opus,16k,layer_12,0.9874711036682129,0.01252889633178711
test-clean,453,1995,1826,14,opus,8k,layer_1,0.7090989351272583,0.2909010648727417
test-clean,453,1995,1826,14,opus,8k,layer_6,0.8458579778671265,0.15414202213287354
test-clean,453,1995,1826,14,opus,8k,layer_12,0.9574366211891174,0.04256337881088257
test-clean,453,1995,1826,14,opus,6k,layer_1,0.6437433362007141,0.3562566637992859
test-clean,453,1995,1826,14,opus,6k,layer_6,0.7704135775566101,0.2295864224433899
test-clean,453,1995,1826,14,opus,6k,layer_12,0.8410162925720215,0.15898370742797852
test-clean,1877,6829,68769,17,mp3,128k,layer_1,0.9897236227989197,0.010276377201080322
test-clean,1877,6829,68769,17,mp3,128k,layer_6,0.9919437766075134,0.008056223392486572
test-clean,1877,6829,68769,17,mp3,128k,layer_12,0.9844093322753906,0.015590667724609375
test-clean,1877,6829,68769,17,mp3,16k,layer_1,0.7804980874061584,0.21950191259384155
test-clean,1877,6829,68769,17,mp3,16k,layer_6,0.8958845138549805,0.10411548614501953
test-clean,1877,6829,68769,17,mp3,16k,layer_12,0.9359158277511597,0.06408417224884033
test-clean,1877,6829,68769,17,opus,16k,layer_1,0.9360712766647339,0.06392872333526611
test-clean,1877,6829,68769,17,opus,16k,layer_6,0.9603808522224426,0.03961914777755737
test-clean,1877,6829,68769,17,opus,16k,layer_12,0.9539545178413391,0.04604548215866089
test-clean,1877,6829,68769,17,opus,8k,layer_1,0.7498433589935303,0.2501566410064697
test-clean,1877,6829,68769,17,opus,8k,layer_6,0.8768678903579712,0.12313210964202881
test-clean,1877,6829,68769,17,opus,8k,layer_12,0.9288126826286316,0.07118731737136841
test-clean,1877,6829,68769,17,opus,6k,layer_1,0.6846333146095276,0.3153666853904724
test-clean,1877,6829,68769,17,opus,6k,layer_6,0.8299294114112854,0.1700705885887146
test-clean,1877,6829,68769,17,opus,6k,layer_12,0.8766797780990601,0.12332022190093994
test-clean,1941,6829,68771,27,mp3,128k,layer_1,0.9928621053695679,0.007137894630432129
test-clean,1941,6829,68771,27,mp3,128k,layer_6,0.9967564940452576,0.0032435059547424316
test-clean,1941,6829,68771,27,mp3,128k,layer_12,0.9970929026603699,0.002907097339630127
test-clean,1941,6829,68771,27,mp3,16k,layer_1,0.7590867280960083,0.2409132719039917
test-clean,1941,6829,68771,27,mp3,16k,layer_6,0.8395258784294128,0.16047412157058716
test-clean,1941,6829,68771,27,mp3,16k,layer_12,0.951565682888031,0.048434317111968994
test-clean,1941,6829,68771,27,opus,16k,layer_1,0.9394575953483582,0.060542404651641846
test-clean,1941,6829,68771,27,opus,16k,layer_6,0.98325115442276,0.01674884557723999
test-clean,1941,6829,68771,27,opus,16k,layer_12,0.9899747967720032,0.010025203227996826
test-clean,1941,6829,68771,27,opus,8k,layer_1,0.7494292259216309,0.25057077407836914
test-clean,1941,6829,68771,27,opus,8k,layer_6,0.8387946486473083,0.16120535135269165
test-clean,1941,6829,68771,27,opus,8k,layer_12,0.9702706933021545,0.02972930669784546
test-clean,1941,6829,68771,27,opus,6k,layer_1,0.6830244064331055,0.31697559356689453
test-clean,1941,6829,68771,27,opus,6k,layer_6,0.802499532699585,0.19750046730041504
test-clean,1941,6829,68771,27,opus,6k,layer_12,0.9499063491821289,0.050093650817871094
test-clean,1150,4446,2273,12,mp3,128k,layer_1,0.9901453256607056,0.009854674339294434
test-clean,1150,4446,2273,12,mp3,128k,layer_6,0.993782639503479,0.006217360496520996
test-clean,1150,4446,2273,12,mp3,128k,layer_12,0.9975293874740601,0.0024706125259399414
test-clean,1150,4446,2273,12,mp3,16k,layer_1,0.7763751149177551,0.22362488508224487
test-clean,1150,4446,2273,12,mp3,16k,layer_6,0.9037278890609741,0.09627211093902588
test-clean,1150,4446,2273,12,mp3,16k,layer_12,0.96443772315979,0.03556227684020996
test-clean,1150,4446,2273,12,opus,16k,layer_1,0.940769612789154,0.05923038721084595
test-clean,1150,4446,2273,12,opus,16k,layer_6,0.9736806750297546,0.02631932497024536
test-clean,1150,4446,2273,12,opus,16k,layer_12,0.985565721988678,0.014434278011322021
test-clean,1150,4446,2273,12,opus,8k,layer_1,0.7219640612602234,0.2780359387397766
test-clean,1150,4446,2273,12,opus,8k,layer_6,0.8728315830230713,0.1271684169769287
test-clean,1150,4446,2273,12,opus,8k,layer_12,0.9697720408439636,0.030227959156036377
test-clean,1150,4446,2273,12,opus,6k,layer_1,0.6574916243553162,0.34250837564468384
test-clean,1150,4446,2273,12,opus,6k,layer_6,0.8415526151657104,0.15844738483428955
test-clean,1150,4446,2273,12,opus,6k,layer_12,0.961793839931488,0.03820616006851196
test-clean,1419,5105,28240,2,mp3,128k,layer_1,0.9907677173614502,0.009232282638549805
test-clean,1419,5105,28240,2,mp3,128k,layer_6,0.9925840497016907,0.007415950298309326
test-clean,1419,5105,28240,2,mp3,128k,layer_12,0.9976840019226074,0.002315998077392578
test-clean,1419,5105,28240,2,mp3,16k,layer_1,0.773720920085907,0.22627907991409302
test-clean,1419,5105,28240,2,mp3,16k,layer_6,0.9153000712394714,0.08469992876052856
test-clean,1419,5105,28240,2,mp3,16k,layer_12,0.9717586636543274,0.028241336345672607
test-clean,1419,5105,28240,2,opus,16k,layer_1,0.9310199022293091,0.06898009777069092
test-clean,1419,5105,28240,2,opus,16k,layer_6,0.9744726419448853,0.025527358055114746
test-clean,1419,5105,28240,2,opus,16k,layer_12,0.9936090111732483,0.006390988826751709
test-clean,1419,5105,28240,2,opus,8k,layer_1,0.7467910647392273,0.2532089352607727
test-clean,1419,5105,28240,2,opus,8k,layer_6,0.9040372967720032,0.09596270322799683
test-clean,1419,5105,28240,2,opus,8k,layer_12,0.9682129621505737,0.03178703784942627
test-clean,1419,5105,28240,2,opus,6k,layer_1,0.6732847690582275,0.32671523094177246
test-clean,1419,5105,28240,2,opus,6k,layer_6,0.8703193664550781,0.12968063354492188
test-clean,1419,5105,28240,2,opus,6k,layer_12,0.9529284834861755,0.04707151651382446
test-clean,1173,4446,2273,35,mp3,128k,layer_1,0.9914093613624573,0.008590638637542725
test-clean,1173,4446,2273,35,mp3,128k,layer_6,0.9878938794136047,0.012106120586395264
test-clean,1173,4446,2273,35,mp3,128k,layer_12,0.9991120100021362,0.0008879899978637695
test-clean,1173,4446,2273,35,mp3,16k,layer_1,0.7975471615791321,0.20245283842086792
test-clean,1173,4446,2273,35,mp3,16k,layer_6,0.8915315866470337,0.10846841335296631
test-clean,1173,4446,2273,35,mp3,16k,layer_12,0.9686760306358337,0.03132396936416626
test-clean,1173,4446,2273,35,opus,16k,layer_1,0.914792537689209,0.08520746231079102
test-clean,1173,4446,2273,35,opus,16k,layer_6,0.9396289587020874,0.0603710412979126
test-clean,1173,4446,2273,35,opus,16k,layer_12,0.9904478788375854,0.00955212116241455
test-clean,1173,4446,2273,35,opus,8k,layer_1,0.7313178181648254,0.26868218183517456
test-clean,1173,4446,2273,35,opus,8k,layer_6,0.8648519515991211,0.1351480484008789
test-clean,1173,4446,2273,35,opus,8k,layer_12,0.9654132723808289,0.03458672761917114
test-clean,1173,4446,2273,35,opus,6k,layer_1,0.6638872623443604,0.33611273765563965
test-clean,1173,4446,2273,35,opus,6k,layer_6,0.8387982845306396,0.16120171546936035
test-clean,1173,4446,2273,35,opus,6k,layer_12,0.958294689655304,0.041705310344696045
test-clean,1629,5683,32866,5,mp3,128k,layer_1,0.9943655729293823,0.005634427070617676
test-clean,1629,5683,32866,5,mp3,128k,layer_6,0.99849933385849,0.0015006661415100098
test-clean,1629,5683,32866,5,mp3,128k,layer_12,0.9994816184043884,0.0005183815956115723
test-clean,1629,5683,32866,5,mp3,16k,layer_1,0.8249958753585815,0.17500412464141846
test-clean,1629,5683,32866,5,mp3,16k,layer_6,0.8975141644477844,0.10248583555221558
test-clean,1629,5683,32866,5,mp3,16k,layer_12,0.962468683719635,0.03753131628036499
test-clean,1629,5683,32866,5,opus,16k,layer_1,0.9535084962844849,0.04649150371551514
test-clean,1629,5683,32866,5,opus,16k,layer_6,0.9808586835861206,0.019141316413879395
test-clean,1629,5683,32866,5,opus,16k,layer_12,0.9972627758979797,0.0027372241020202637
test-clean,1629,5683,32866,5,opus,8k,layer_1,0.7829387187957764,0.21706128120422363
test-clean,1629,5683,32866,5,opus,8k,layer_6,0.8809100985527039,0.11908990144729614
test-clean,1629,5683,32866,5,opus,8k,layer_12,0.959855318069458,0.04014468193054199
test-clean,1629,5683,32866,5,opus,6k,layer_1,0.7055858373641968,0.2944141626358032
test-clean,1629,5683,32866,5,opus,6k,layer_6,0.8316970467567444,0.16830295324325562
test-clean,1629,5683,32866,5,opus,6k,layer_12,0.9288927912712097,0.07110720872879028
test-clean,212,1284,1180,0,mp3,128k,layer_1,0.9966570138931274,0.0033429861068725586
test-clean,212,1284,1180,0,mp3,128k,layer_6,0.9988831877708435,0.0011168122291564941
test-clean,212,1284,1180,0,mp3,128k,layer_12,0.9997547268867493,0.0002452731132507324
test-clean,212,1284,1180,0,mp3,16k,layer_1,0.8295285701751709,0.1704714298248291
test-clean,212,1284,1180,0,mp3,16k,layer_6,0.9152555465698242,0.08474445343017578
test-clean,212,1284,1180,0,mp3,16k,layer_12,0.9602128267288208,0.0397871732711792
test-clean,212,1284,1180,0,opus,16k,layer_1,0.9512338042259216,0.04876619577407837
test-clean,212,1284,1180,0,opus,16k,layer_6,0.9833131432533264,0.016686856746673584
test-clean,212,1284,1180,0,opus,16k,layer_12,0.9962655305862427,0.0037344694137573242
test-clean,212,1284,1180,0,opus,8k,layer_1,0.7850832343101501,0.21491676568984985
test-clean,212,1284,1180,0,opus,8k,layer_6,0.9129533171653748,0.08704668283462524
test-clean,212,1284,1180,0,opus,8k,layer_12,0.9647439122200012,0.03525608777999878
test-clean,212,1284,1180,0,opus,6k,layer_1,0.7201132774353027,0.27988672256469727
test-clean,212,1284,1180,0,opus,6k,layer_6,0.8907093405723572,0.10929065942764282
test-clean,212,1284,1180,0,opus,6k,layer_12,0.9484708309173584,0.0515291690826416
test-clean,2290,8224,274381,10,mp3,128k,layer_1,0.99140465259552,0.00859534740447998
test-clean,2290,8224,274381,10,mp3,128k,layer_6,0.9963039755821228,0.0036960244178771973
test-clean,2290,8224,274381,10,mp3,128k,layer_12,0.9986202716827393,0.0013797283172607422
test-clean,2290,8224,274381,10,mp3,16k,layer_1,0.8170703053474426,0.18292969465255737
test-clean,2290,8224,274381,10,mp3,16k,layer_6,0.9309525489807129,0.06904745101928711
test-clean,2290,8224,274381,10,mp3,16k,layer_12,0.9704986810684204,0.02950131893157959
test-clean,2290,8224,274381,10,opus,16k,layer_1,0.9405904412269592,0.05940955877304077
test-clean,2290,8224,274381,10,opus,16k,layer_6,0.9745192527770996,0.02548074722290039
test-clean,2290,8224,274381,10,opus,16k,layer_12,0.98906409740448,0.01093590259552002
test-clean,2290,8224,274381,10,opus,8k,layer_1,0.7640852928161621,0.2359147071838379
test-clean,2290,8224,274381,10,opus,8k,layer_6,0.8920706510543823,0.10792934894561768
test-clean,2290,8224,274381,10,opus,8k,layer_12,0.9674187302589417,0.03258126974105835
test-clean,2290,8224,274381,10,opus,6k,layer_1,0.6940041780471802,0.3059958219528198
test-clean,2290,8224,274381,10,opus,6k,layer_6,0.8612425923347473,0.13875740766525269
test-clean,2290,8224,274381,10,opus,6k,layer_12,0.9518685936927795,0.04813140630722046
test-clean,1446,5105,28241,4,mp3,128k,layer_1,0.9948642253875732,0.005135774612426758
test-clean,1446,5105,28241,4,mp3,128k,layer_6,0.9981988072395325,0.0018011927604675293
test-clean,1446,5105,28241,4,mp3,128k,layer_12,0.9990171194076538,0.0009828805923461914
test-clean,1446,5105,28241,4,mp3,16k,layer_1,0.8091844320297241,0.19081556797027588
test-clean,1446,5105,28241,4,mp3,16k,layer_6,0.9232761859893799,0.07672381401062012
test-clean,1446,5105,28241,4,mp3,16k,layer_12,0.9752407073974609,0.024759292602539062
test-clean,1446,5105,28241,4,opus,16k,layer_1,0.9439237117767334,0.0560762882232666
test-clean,1446,5105,28241,4,opus,16k,layer_6,0.9756140112876892,0.02438598871231079
test-clean,1446,5105,28241,4,opus,16k,layer_12,0.9942806959152222,0.005719304084777832
test-clean,1446,5105,28241,4,opus,8k,layer_1,0.78614741563797,0.21385258436203003
test-clean,1446,5105,28241,4,opus,8k,layer_6,0.9116650223731995,0.08833497762680054
test-clean,1446,5105,28241,4,opus,8k,layer_12,0.9801648259162903,0.019835174083709717
test-clean,1446,5105,28241,4,opus,6k,layer_1,0.721180260181427,0.278819739818573
test-clean,1446,5105,28241,4,opus,6k,layer_6,0.8879791498184204,0.11202085018157959
test-clean,1446,5105,28241,4,opus,6k,layer_12,0.9695172905921936,0.030482709407806396
test-clean,2508,8555,284447,7,mp3,128k,layer_1,0.9900820851325989,0.009917914867401123
test-clean,2508,8555,284447,7,mp3,128k,layer_6,0.9922211170196533,0.00777888298034668
test-clean,2508,8555,284447,7,mp3,128k,layer_12,0.9990342855453491,0.0009657144546508789
test-clean,2508,8555,284447,7,mp3,16k,layer_1,0.8251193165779114,0.17488068342208862
test-clean,2508,8555,284447,7,mp3,16k,layer_6,0.8977845311164856,0.1022154688835144
test-clean,2508,8555,284447,7,mp3,16k,layer_12,0.9803547263145447,0.019645273685455322
test-clean,2508,8555,284447,7,opus,16k,layer_1,0.9409019351005554,0.05909806489944458
test-clean,2508,8555,284447,7,opus,16k,layer_6,0.9507137537002563,0.04928624629974365
test-clean,2508,8555,284447,7,opus,16k,layer_12,0.9944517612457275,0.005548238754272461
test-clean,2508,8555,284447,7,opus,8k,layer_1,0.7611989974975586,0.2388010025024414
test-clean,2508,8555,284447,7,opus,8k,layer_6,0.8431687355041504,0.1568312644958496
test-clean,2508,8555,284447,7,opus,8k,layer_12,0.9647038578987122,0.03529614210128784
test-clean,2508,8555,284447,7,opus,6k,layer_1,0.6847023367881775,0.3152976632118225
test-clean,2508,8555,284447,7,opus,6k,layer_6,0.7903446555137634,0.20965534448623657
test-clean,2508,8555,284447,7,opus,6k,layer_12,0.9354490637779236,0.06455093622207642
test-clean,162,121,127105,28,mp3,128k,layer_1,0.99272620677948,0.0072737932205200195
test-clean,162,121,127105,28,mp3,128k,layer_6,0.9967349171638489,0.003265082836151123
test-clean,162,121,127105,28,mp3,128k,layer_12,0.9994155764579773,0.0005844235420227051
test-clean,162,121,127105,28,mp3,16k,layer_1,0.831470787525177,0.168529212474823
test-clean,162,121,127105,28,mp3,16k,layer_6,0.920806884765625,0.079193115234375
test-clean,162,121,127105,28,mp3,16k,layer_12,0.9720429182052612,0.02795708179473877
test-clean,162,121,127105,28,opus,16k,layer_1,0.9473810195922852,0.052618980407714844
test-clean,162,121,127105,28,opus,16k,layer_6,0.9838334918022156,0.016166508197784424
test-clean,162,121,127105,28,opus,16k,layer_12,0.9939118027687073,0.006088197231292725
test-clean,162,121,127105,28,opus,8k,layer_1,0.798098623752594,0.201901376247406
test-clean,162,121,127105,28,opus,8k,layer_6,0.8931980729103088,0.10680192708969116
test-clean,162,121,127105,28,opus,8k,layer_12,0.9649523496627808,0.03504765033721924
test-clean,162,121,127105,28,opus,6k,layer_1,0.7064496278762817,0.29355037212371826
test-clean,162,121,127105,28,opus,6k,layer_6,0.8500536680221558,0.14994633197784424
test-clean,162,121,127105,28,opus,6k,layer_12,0.9230130910873413,0.07698690891265869
test-clean,471,1995,1836,5,mp3,128k,layer_1,0.9938092231750488,0.006190776824951172
test-clean,471,1995,1836,5,mp3,128k,layer_6,0.9983539581298828,0.0016460418701171875
test-clean,471,1995,1836,5,mp3,128k,layer_12,0.9982771277427673,0.001722872257232666
test-clean,471,1995,1836,5,mp3,16k,layer_1,0.8104697465896606,0.18953025341033936
test-clean,471,1995,1836,5,mp3,16k,layer_6,0.9238224029541016,0.07617759704589844
test-clean,471,1995,1836,5,mp3,16k,layer_12,0.9641574621200562,0.03584253787994385
test-clean,471,1995,1836,5,opus,16k,layer_1,0.9477349519729614,0.052265048027038574
test-clean,471,1995,1836,5,opus,16k,layer_6,0.9856782555580139,0.014321744441986084
test-clean,471,1995,1836,5,opus,16k,layer_12,0.9900755882263184,0.00992441177368164
test-clean,471,1995,1836,5,opus,8k,layer_1,0.7959465980529785,0.20405340194702148
test-clean,471,1995,1836,5,opus,8k,layer_6,0.9120859503746033,0.08791404962539673
test-clean,471,1995,1836,5,opus,8k,layer_12,0.9526429176330566,0.04735708236694336
test-clean,471,1995,1836,5,opus,6k,layer_1,0.7220160365104675,0.27798396348953247
test-clean,471,1995,1836,5,opus,6k,layer_6,0.8809703588485718,0.11902964115142822
test-clean,471,1995,1836,5,opus,6k,layer_12,0.9417053461074829,0.05829465389251709
test-clean,890,2961,960,16,mp3,128k,layer_1,0.9899323582649231,0.010067641735076904
test-clean,890,2961,960,16,mp3,128k,layer_6,0.991698682308197,0.008301317691802979
test-clean,890,2961,960,16,mp3,128k,layer_12,0.9973164200782776,0.002683579921722412
test-clean,890,2961,960,16,mp3,16k,layer_1,0.7859094142913818,0.21409058570861816
test-clean,890,2961,960,16,mp3,16k,layer_6,0.8814719319343567,0.11852806806564331
test-clean,890,2961,960,16,mp3,16k,layer_12,0.9595044255256653,0.04049557447433472
test-clean,890,2961,960,16,opus,16k,layer_1,0.9257470965385437,0.0742529034614563
test-clean,890,2961,960,16,opus,16k,layer_6,0.9539185166358948,0.046081483364105225
test-clean,890,2961,960,16,opus,16k,layer_12,0.9793227314949036,0.020677268505096436
test-clean,890,2961,960,16,opus,8k,layer_1,0.6583449244499207,0.34165507555007935
test-clean,890,2961,960,16,opus,8k,layer_6,0.7864919304847717,0.21350806951522827
test-clean,890,2961,960,16,opus,8k,layer_12,0.9440822601318359,0.05591773986816406
test-clean,890,2961,960,16,opus,6k,layer_1,0.5721572637557983,0.42784273624420166
test-clean,890,2961,960,16,opus,6k,layer_6,0.7341930866241455,0.2658069133758545
test-clean,890,2961,960,16,opus,6k,layer_12,0.8868722319602966,0.11312776803970337
test-clean,31,1089,134686,31,mp3,128k,layer_1,0.9938684701919556,0.006131529808044434
test-clean,31,1089,134686,31,mp3,128k,layer_6,0.9975473284721375,0.002452671527862549
test-clean,31,1089,134686,31,mp3,128k,layer_12,0.9996899962425232,0.00031000375747680664
test-clean,31,1089,134686,31,mp3,16k,layer_1,0.7865566611289978,0.2134433388710022
test-clean,31,1089,134686,31,mp3,16k,layer_6,0.912229061126709,0.08777093887329102
test-clean,31,1089,134686,31,mp3,16k,layer_12,0.9791499972343445,0.020850002765655518
test-clean,31,1089,134686,31,opus,16k,layer_1,0.9307287931442261,0.06927120685577393
test-clean,31,1089,134686,31,opus,16k,layer_6,0.9675346612930298,0.032465338706970215
test-clean,31,1089,134686,31,opus,16k,layer_12,0.9959105253219604,0.004089474678039551
test-clean,31,1089,134686,31,opus,8k,layer_1,0.7673752307891846,0.23262476921081543
test-clean,31,1089,134686,31,opus,8k,layer_6,0.8977540731430054,0.10224592685699463
test-clean,31,1089,134686,31,opus,8k,layer_12,0.9738182425498962,0.02618175745010376
test-clean,31,1089,134686,31,opus,6k,layer_1,0.6967617869377136,0.3032382130622864
test-clean,31,1089,134686,31,opus,6k,layer_6,0.8505412936210632,0.14945870637893677
test-clean,31,1089,134686,31,opus,6k,layer_12,0.9380987882614136,0.061901211738586426
test-clean,628,237,126133,14,mp3,128k,layer_1,0.9907044768333435,0.009295523166656494
test-clean,628,237,126133,14,mp3,128k,layer_6,0.996509850025177,0.003490149974822998
test-clean,628,237,126133,14,mp3,128k,layer_12,0.9972065091133118,0.0027934908866882324
test-clean,628,237,126133,14,mp3,16k,layer_1,0.7916945815086365,0.20830541849136353
test-clean,628,237,126133,14,mp3,16k,layer_6,0.9290794134140015,0.07092058658599854
test-clean,628,237,126133,14,mp3,16k,layer_12,0.9716596007347107,0.028340399265289307
test-clean,628,237,126133,14,opus,16k,layer_1,0.9405583143234253,0.05944168567657471
test-clean,628,237,126133,14,opus,16k,layer_6,0.9836432933807373,0.016356706619262695
test-clean,628,237,126133,14,opus,16k,layer_12,0.9911273717880249,0.008872628211975098
test-clean,628,237,126133,14,opus,8k,layer_1,0.7672038078308105,0.23279619216918945
test-clean,628,237,126133,14,opus,8k,layer_6,0.90633225440979,0.09366774559020996
test-clean,628,237,126133,14,opus,8k,layer_12,0.9588905572891235,0.041109442710876465
test-clean,628,237,126133,14,opus,6k,layer_1,0.6954129338264465,0.30458706617355347
test-clean,628,237,126133,14,opus,6k,layer_6,0.8675508499145508,0.13244915008544922
test-clean,628,237,126133,14,opus,6k,layer_12,0.93984454870224,0.06015545129776001
test-clean,1663,5683,32879,8,mp3,128k,layer_1,0.9946491718292236,0.005350828170776367
test-clean,1663,5683,32879,8,mp3,128k,layer_6,0.9949206113815308,0.005079388618469238
test-clean,1663,5683,32879,8,mp3,128k,layer_12,0.999360978603363,0.0006390213966369629
test-clean,1663,5683,32879,8,mp3,16k,layer_1,0.8308872580528259,0.16911274194717407
test-clean,1663,5683,32879,8,mp3,16k,layer_6,0.8820361495018005,0.11796385049819946
test-clean,1663,5683,32879,8,mp3,16k,layer_12,0.9783504009246826,0.021649599075317383
test-clean,1663,5683,32879,8,opus,16k,layer_1,0.9398049116134644,0.060195088386535645
test-clean,1663,5683,32879,8,opus,16k,layer_6,0.9622628092765808,0.03773719072341919
test-clean,1663,5683,32879,8,opus,16k,layer_12,0.9919052720069885,0.008094727993011475
test-clean,1663,5683,32879,8,opus,8k,layer_1,0.7506420016288757,0.24935799837112427
test-clean,1663,5683,32879,8,opus,8k,layer_6,0.8322529792785645,0.16774702072143555
test-clean,1663,5683,32879,8,opus,8k,layer_12,0.9768936038017273,0.023106396198272705
test-clean,1663,5683,32879,8,opus,6k,layer_1,0.6691256165504456,0.33087438344955444
test-clean,1663,5683,32879,8,opus,6k,layer_6,0.762582004070282,0.23741799592971802
test-clean,1663,5683,32879,8,opus,6k,layer_12,0.9446470141410828,0.055352985858917236
test-clean,267,1284,134647,0,mp3,128k,layer_1,0.9947722554206848,0.0052277445793151855
test-clean,267,1284,134647,0,mp3,128k,layer_6,0.9921446442604065,0.007855355739593506
test-clean,267,1284,134647,0,mp3,128k,layer_12,0.9994248747825623,0.0005751252174377441
test-clean,267,1284,134647,0,mp3,16k,layer_1,0.8130021691322327,0.18699783086776733
test-clean,267,1284,134647,0,mp3,16k,layer_6,0.9182631373405457,0.08173686265945435
test-clean,267,1284,134647,0,mp3,16k,layer_12,0.9757911562919617,0.02420884370803833
test-clean,267,1284,134647,0,opus,16k,layer_1,0.9410410523414612,0.05895894765853882
test-clean,267,1284,134647,0,opus,16k,layer_6,0.9723983407020569,0.027601659297943115
test-clean,267,1284,134647,0,opus,16k,layer_12,0.9950137138366699,0.004986286163330078
test-clean,267,1284,134647,0,opus,8k,layer_1,0.7447141408920288,0.2552858591079712
test-clean,267,1284,134647,0,opus,8k,layer_6,0.8741433620452881,0.12585663795471191
test-clean,267,1284,134647,0,opus,8k,layer_12,0.9701660871505737,0.02983391284942627
test-clean,267,1284,134647,0,opus,6k,layer_1,0.6701730489730835,0.3298269510269165
test-clean,267,1284,134647,0,opus,6k,layer_6,0.8450374603271484,0.15496253967285156
test-clean,267,1284,134647,0,opus,6k,layer_12,0.9615614414215088,0.03843855857849121
test-clean,2001,6930,81414,0,mp3,128k,layer_1,0.9972963333129883,0.0027036666870117188
test-clean,2001,6930,81414,0,mp3,128k,layer_6,0.9987205266952515,0.0012794733047485352
test-clean,2001,6930,81414,0,mp3,128k,layer_12,0.9996861219406128,0.00031387805938720703
test-clean,2001,6930,81414,0,mp3,16k,layer_1,0.8283403515815735,0.1716596484184265
test-clean,2001,6930,81414,0,mp3,16k,layer_6,0.9314690828323364,0.06853091716766357
test-clean,2001,6930,81414,0,mp3,16k,layer_12,0.9828002452850342,0.01719975471496582
test-clean,2001,6930,81414,0,opus,16k,layer_1,0.9372698664665222,0.06273013353347778
test-clean,2001,6930,81414,0,opus,16k,layer_6,0.976092517375946,0.023907482624053955
test-clean,2001,6930,81414,0,opus,16k,layer_12,0.9917858242988586,0.008214175701141357
test-clean,2001,6930,81414,0,opus,8k,layer_1,0.7604537010192871,0.2395462989807129
test-clean,2001,6930,81414,0,opus,8k,layer_6,0.8761205077171326,0.12387949228286743
test-clean,2001,6930,81414,0,opus,8k,layer_12,0.9670243263244629,0.03297567367553711
test-clean,2001,6930,81414,0,opus,6k,layer_1,0.6859309077262878,0.31406909227371216
test-clean,2001,6930,81414,0,opus,6k,layer_6,0.8367722034454346,0.16322779655456543
test-clean,2001,6930,81414,0,opus,6k,layer_12,0.9556915163993835,0.044308483600616455
test-clean,2103,7127,75946,15,mp3,128k,layer_1,0.9934746026992798,0.006525397300720215
test-clean,2103,7127,75946,15,mp3,128k,layer_6,0.9949971437454224,0.005002856254577637
test-clean,2103,7127,75946,15,mp3,128k,layer_12,0.9994102120399475,0.0005897879600524902
test-clean,2103,7127,75946,15,mp3,16k,layer_1,0.8095266222953796,0.19047337770462036
test-clean,2103,7127,75946,15,mp3,16k,layer_6,0.9366933703422546,0.06330662965774536
test-clean,2103,7127,75946,15,mp3,16k,layer_12,0.9817373752593994,0.018262624740600586
test-clean,2103,7127,75946,15,opus,16k,layer_1,0.9371148943901062,0.0628851056098938
test-clean,2103,7127,75946,15,opus,16k,layer_6,0.9675222039222717,0.03247779607772827
test-clean,2103,7127,75946,15,opus,16k,layer_12,0.9925109148025513,0.0074890851974487305
test-clean,2103,7127,75946,15,opus,8k,layer_1,0.7516388297080994,0.24836117029190063
test-clean,2103,7127,75946,15,opus,8k,layer_6,0.9019842743873596,0.09801572561264038
test-clean,2103,7127,75946,15,opus,8k,layer_12,0.971692681312561,0.028307318687438965
test-clean,2103,7127,75946,15,opus,6k,layer_1,0.6766130924224854,0.32338690757751465
test-clean,2103,7127,75946,15,opus,6k,layer_6,0.8717207312583923,0.12827926874160767
test-clean,2103,7127,75946,15,opus,6k,layer_12,0.9563045501708984,0.04369544982910156
test-clean,1248,4507,16021,27,mp3,128k,layer_1,0.9871781468391418,0.012821853160858154
test-clean,1248,4507,16021,27,mp3,128k,layer_6,0.9925071597099304,0.00749284029006958
test-clean,1248,4507,16021,27,mp3,128k,layer_12,0.9966554641723633,0.0033445358276367188
test-clean,1248,4507,16021,27,mp3,16k,layer_1,0.7834975123405457,0.21650248765945435
test-clean,1248,4507,16021,27,mp3,16k,layer_6,0.8833166360855103,0.11668336391448975
test-clean,1248,4507,16021,27,mp3,16k,layer_12,0.9304948449134827,0.06950515508651733
test-clean,1248,4507,16021,27,opus,16k,layer_1,0.935395359992981,0.06460464000701904
test-clean,1248,4507,16021,27,opus,16k,layer_6,0.9643763303756714,0.03562366962432861
test-clean,1248,4507,16021,27,opus,16k,layer_12,0.9908264875411987,0.00917351245880127
test-clean,1248,4507,16021,27,opus,8k,layer_1,0.7096913456916809,0.2903086543083191
test-clean,1248,4507,16021,27,opus,8k,layer_6,0.8413020372390747,0.1586979627609253
test-clean,1248,4507,16021,27,opus,8k,layer_12,0.938119113445282,0.06188088655471802
test-clean,1248,4507,16021,27,opus,6k,layer_1,0.6545661091804504,0.34543389081954956
test-clean,1248,4507,16021,27,opus,6k,layer_6,0.8237050175666809,0.1762949824333191
test-clean,1248,4507,16021,27,opus,6k,layer_12,0.952086865901947,0.04791313409805298
test-clean,1252,4507,16021,31,mp3,128k,layer_1,0.9901599287986755,0.009840071201324463
test-clean,1252,4507,16021,31,mp3,128k,layer_6,0.9899662733078003,0.010033726692199707
test-clean,1252,4507,16021,31,mp3,128k,layer_12,0.9968345165252686,0.0031654834747314453
test-clean,1252,4507,16021,31,mp3,16k,layer_1,0.7974904775619507,0.20250952243804932
test-clean,1252,4507,16021,31,mp3,16k,layer_6,0.8999191522598267,0.10008084774017334
test-clean,1252,4507,16021,31,mp3,16k,layer_12,0.9661871790885925,0.03381282091140747
test-clean,1252,4507,16021,31,opus,16k,layer_1,0.9418668746948242,0.05813312530517578
test-clean,1252,4507,16021,31,opus,16k,layer_6,0.9637061953544617,0.03629380464553833
test-clean,1252,4507,16021,31,opus,16k,layer_12,0.9912693500518799,0.008730649948120117
test-clean,1252,4507,16021,31,opus,8k,layer_1,0.6927856206893921,0.3072143793106079
test-clean,1252,4507,16021,31,opus,8k,layer_6,0.8486560583114624,0.1513439416885376
test-clean,1252,4507,16021,31,opus,8k,layer_12,0.9560708999633789,0.043929100036621094
test-clean,1252,4507,16021,31,opus,6k,layer_1,0.6294655799865723,0.37053442001342773
test-clean,1252,4507,16021,31,opus,6k,layer_6,0.8015291094779968,0.19847089052200317
test-clean,1252,4507,16021,31,opus,6k,layer_12,0.9273401498794556,0.07265985012054443
test-clean,305,1320,122617,13,mp3,128k,layer_1,0.9954767823219299,0.004523217678070068
test-clean,305,1320,122617,13,mp3,128k,layer_6,0.9972724914550781,0.002727508544921875
test-clean,305,1320,122617,13,mp3,128k,layer_12,0.9997340440750122,0.00026595592498779297
test-clean,305,1320,122617,13,mp3,16k,layer_1,0.8175477385520935,0.1824522614479065
test-clean,305,1320,122617,13,mp3,16k,layer_6,0.9315626621246338,0.06843733787536621
test-clean,305,1320,122617,13,mp3,16k,layer_12,0.9834568500518799,0.016543149948120117
test-clean,305,1320,122617,13,opus,16k,layer_1,0.9441319108009338,0.05586808919906616
test-clean,305,1320,122617,13,opus,16k,layer_6,0.9714446663856506,0.028555333614349365
test-clean,305,1320,122617,13,opus,16k,layer_12,0.9967242479324341,0.003275752067565918
test-clean,305,1320,122617,13,opus,8k,layer_1,0.792675793170929,0.20732420682907104
test-clean,305,1320,122617,13,opus,8k,layer_6,0.9142921566963196,0.08570784330368042
test-clean,305,1320,122617,13,opus,8k,layer_12,0.9770269393920898,0.022973060607910156
test-clean,305,1320,122617,13,opus,6k,layer_1,0.7169491648674011,0.2830508351325989
test-clean,305,1320,122617,13,opus,6k,layer_6,0.8812972903251648,0.1187027096748352
test-clean,305,1320,122617,13,opus,6k,layer_12,0.9660302400588989,0.033969759941101074
test-clean,2333,8230,279154,21,mp3,128k,layer_1,0.9951932430267334,0.0048067569732666016
test-clean,2333,8230,279154,21,mp3,128k,layer_6,0.9983771443367004,0.0016228556632995605
test-clean,2333,8230,279154,21,mp3,128k,layer_12,0.9997268319129944,0.00027316808700561523
test-clean,2333,8230,279154,21,mp3,16k,layer_1,0.8043764233589172,0.19562357664108276
test-clean,2333,8230,279154,21,mp3,16k,layer_6,0.9221646785736084,0.0778353214263916
test-clean,2333,8230,279154,21,mp3,16k,layer_12,0.9752482771873474,0.024751722812652588
test-clean,2333,8230,279154,21,opus,16k,layer_1,0.9398180246353149,0.06018197536468506
test-clean,2333,8230,279154,21,opus,16k,layer_6,0.9757396578788757,0.024260342121124268
test-clean,2333,8230,279154,21,opus,16k,layer_12,0.9913821816444397,0.008617818355560303
test-clean,2333,8230,279154,21,opus,8k,layer_1,0.7716604471206665,0.2283395528793335
test-clean,2333,8230,279154,21,opus,8k,layer_6,0.9043402075767517,0.09565979242324829
test-clean,2333,8230,279154,21,opus,8k,layer_12,0.9747914671897888,0.02520853281021118
test-clean,2333,8230,279154,21,opus,6k,layer_1,0.7045595049858093,0.2954404950141907
test-clean,2333,8230,279154,21,opus,6k,layer_6,0.8750843405723572,0.12491565942764282
test-clean,2333,8230,279154,21,opus,6k,layer_12,0.9552488327026367,0.04475116729736328
test-clean,72,1188,133604,8,mp3,128k,layer_1,0.9924446940422058,0.0075553059577941895
test-clean,72,1188,133604,8,mp3,128k,layer_6,0.9937594532966614,0.006240546703338623
test-clean,72,1188,133604,8,mp3,128k,layer_12,0.9987210035324097,0.001278996467590332
test-clean,72,1188,133604,8,mp3,16k,layer_1,0.8071632385253906,0.19283676147460938
test-clean,72,1188,133604,8,mp3,16k,layer_6,0.9180827140808105,0.08191728591918945
test-clean,72,1188,133604,8,mp3,16k,layer_12,0.9826064109802246,0.01739358901977539
test-clean,72,1188,133604,8,opus,16k,layer_1,0.9365656971931458,0.06343430280685425
test-clean,72,1188,133604,8,opus,16k,layer_6,0.9553855657577515,0.044614434242248535
test-clean,72,1188,133604,8,opus,16k,layer_12,0.9938357472419739,0.006164252758026123
test-clean,72,1188,133604,8,opus,8k,layer_1,0.7695147395133972,0.23048526048660278
test-clean,72,1188,133604,8,opus,8k,layer_6,0.8910765647888184,0.10892343521118164
test-clean,72,1188,133604,8,opus,8k,layer_12,0.9800462126731873,0.019953787326812744
test-clean,72,1188,133604,8,opus,6k,layer_1,0.6990583539009094,0.3009416460990906
test-clean,72,1188,133604,8,opus,6k,layer_6,0.8459903597831726,0.1540096402168274
test-clean,72,1188,133604,8,opus,6k,layer_12,0.9625492095947266,0.03745079040527344
test-clean,2145,7127,75947,27,mp3,128k,layer_1,0.9945367574691772,0.005463242530822754
test-clean,2145,7127,75947,27,mp3,128k,layer_6,0.9973759651184082,0.002624034881591797
test-clean,2145,7127,75947,27,mp3,128k,layer_12,0.9995877742767334,0.00041222572326660156
test-clean,2145,7127,75947,27,mp3,16k,layer_1,0.8227410912513733,0.1772589087486267
test-clean,2145,7127,75947,27,mp3,16k,layer_6,0.9187998175621033,0.08120018243789673
test-clean,2145,7127,75947,27,mp3,16k,layer_12,0.9562652707099915,0.043734729290008545
test-clean,2145,7127,75947,27,opus,16k,layer_1,0.9414506554603577,0.058549344539642334
test-clean,2145,7127,75947,27,opus,16k,layer_6,0.9724369645118713,0.027563035488128662
test-clean,2145,7127,75947,27,opus,16k,layer_12,0.9915086627006531,0.008491337299346924
test-clean,2145,7127,75947,27,opus,8k,layer_1,0.7826741337776184,0.2173258662223816
test-clean,2145,7127,75947,27,opus,8k,layer_6,0.8898234367370605,0.11017656326293945
test-clean,2145,7127,75947,27,opus,8k,layer_12,0.9449049234390259,0.05509507656097412
test-clean,2145,7127,75947,27,opus,6k,layer_1,0.7109271287918091,0.2890728712081909
test-clean,2145,7127,75947,27,opus,6k,layer_6,0.8466406464576721,0.15335935354232788
test-clean,2145,7127,75947,27,opus,6k,layer_12,0.924705445766449,0.07529455423355103
test-clean,1175,4446,2275,0,mp3,128k,layer_1,0.9928198456764221,0.007180154323577881
test-clean,1175,4446,2275,0,mp3,128k,layer_6,0.9982508420944214,0.0017491579055786133
test-clean,1175,4446,2275,0,mp3,128k,layer_12,0.9993977546691895,0.0006022453308105469
test-clean,1175,4446,2275,0,mp3,16k,layer_1,0.7918870449066162,0.2081129550933838
test-clean,1175,4446,2275,0,mp3,16k,layer_6,0.9162756204605103,0.08372437953948975
test-clean,1175,4446,2275,0,mp3,16k,layer_12,0.9577462673187256,0.042253732681274414
test-clean,1175,4446,2275,0,opus,16k,layer_1,0.9390668272972107,0.06093317270278931
test-clean,1175,4446,2275,0,opus,16k,layer_6,0.9711030125617981,0.028896987438201904
test-clean,1175,4446,2275,0,opus,16k,layer_12,0.985578715801239,0.014421284198760986
test-clean,1175,4446,2275,0,opus,8k,layer_1,0.7513685822486877,0.24863141775131226
test-clean,1175,4446,2275,0,opus,8k,layer_6,0.8995375037193298,0.10046249628067017
test-clean,1175,4446,2275,0,opus,8k,layer_12,0.929932713508606,0.07006728649139404
test-clean,1175,4446,2275,0,opus,6k,layer_1,0.6846029162406921,0.31539708375930786
test-clean,1175,4446,2275,0,opus,6k,layer_6,0.8600291013717651,0.13997089862823486
test-clean,1175,4446,2275,0,opus,6k,layer_12,0.9112426042556763,0.08875739574432373
test-clean,2138,7127,75947,20,mp3,128k,layer_1,0.9915128350257874,0.008487164974212646
test-clean,2138,7127,75947,20,mp3,128k,layer_6,0.9912863373756409,0.00871366262435913
test-clean,2138,7127,75947,20,mp3,128k,layer_12,0.9995285868644714,0.00047141313552856445
test-clean,2138,7127,75947,20,mp3,16k,layer_1,0.7982398271560669,0.2017601728439331
test-clean,2138,7127,75947,20,mp3,16k,layer_6,0.8651199340820312,0.13488006591796875
test-clean,2138,7127,75947,20,mp3,16k,layer_12,0.9917356967926025,0.008264303207397461
test-clean,2138,7127,75947,20,opus,16k,layer_1,0.9231774806976318,0.07682251930236816
test-clean,2138,7127,75947,20,opus,16k,layer_6,0.945313036441803,0.05468696355819702
test-clean,2138,7127,75947,20,opus,16k,layer_12,0.983895480632782,0.016104519367218018
test-clean,2138,7127,75947,20,opus,8k,layer_1,0.7395551204681396,0.26044487953186035
test-clean,2138,7127,75947,20,opus,8k,layer_6,0.8467711806297302,0.15322881937026978
test-clean,2138,7127,75947,20,opus,8k,layer_12,0.975129246711731,0.024870753288269043
test-clean,2138,7127,75947,20,opus,6k,layer_1,0.6671306490898132,0.33286935091018677
test-clean,2138,7127,75947,20,opus,6k,layer_6,0.8171414136886597,0.18285858631134033
test-clean,2138,7127,75947,20,opus,6k,layer_12,0.9638351202011108,0.03616487979888916
test-clean,438,1580,141084,50,mp3,128k,layer_1,0.9897103905677795,0.010289609432220459
test-clean,438,1580,141084,50,mp3,128k,layer_6,0.9969646334648132,0.0030353665351867676
test-clean,438,1580,141084,50,mp3,128k,layer_12,0.993038535118103,0.006961464881896973
test-clean,438,1580,141084,50,mp3,16k,layer_1,0.7754142880439758,0.22458571195602417
test-clean,438,1580,141084,50,mp3,16k,layer_6,0.890291690826416,0.10970830917358398
test-clean,438,1580,141084,50,mp3,16k,layer_12,0.9558233618736267,0.04417663812637329
test-clean,438,1580,141084,50,opus,16k,layer_1,0.9296825528144836,0.07031744718551636
test-clean,438,1580,141084,50,opus,16k,layer_6,0.9665621519088745,0.03343784809112549
test-clean,438,1580,141084,50,opus,16k,layer_12,0.9883407354354858,0.01165926456451416
test-clean,438,1580,141084,50,opus,8k,layer_1,0.7104316353797913,0.28956836462020874
test-clean,438,1580,141084,50,opus,8k,layer_6,0.8461319208145142,0.15386807918548584
test-clean,438,1580,141084,50,opus,8k,layer_12,0.9559524059295654,0.04404759407043457
test-clean,438,1580,141084,50,opus,6k,layer_1,0.6357687711715698,0.3642312288284302
test-clean,438,1580,141084,50,opus,6k,layer_6,0.8020938634872437,0.19790613651275635
test-clean,438,1580,141084,50,opus,6k,layer_12,0.9317646026611328,0.06823539733886719
test-clean,2316,8230,279154,4,mp3,128k,layer_1,0.9940696954727173,0.005930304527282715
test-clean,2316,8230,279154,4,mp3,128k,layer_6,0.9963797330856323,0.0036202669143676758
test-clean,2316,8230,279154,4,mp3,128k,layer_12,0.999415397644043,0.0005846023559570312
test-clean,2316,8230,279154,4,mp3,16k,layer_1,0.8138818740844727,0.18611812591552734
test-clean,2316,8230,279154,4,mp3,16k,layer_6,0.9313957691192627,0.0686042308807373
test-clean,2316,8230,279154,4,mp3,16k,layer_12,0.97588050365448,0.02411949634552002
test-clean,2316,8230,279154,4,opus,16k,layer_1,0.9418371319770813,0.0581628680229187
test-clean,2316,8230,279154,4,opus,16k,layer_6,0.9722034335136414,0.027796566486358643
test-clean,2316,8230,279154,4,opus,16k,layer_12,0.9939971566200256,0.006002843379974365
test-clean,2316,8230,279154,4,opus,8k,layer_1,0.7664238214492798,0.23357617855072021
test-clean,2316,8230,279154,4,opus,8k,layer_6,0.8986947536468506,0.10130524635314941
test-clean,2316,8230,279154,4,opus,8k,layer_12,0.9699121713638306,0.030087828636169434
test-clean,2316,8230,279154,4,opus,6k,layer_1,0.7011244297027588,0.2988755702972412
test-clean,2316,8230,279154,4,opus,6k,layer_6,0.8785391449928284,0.12146085500717163
test-clean,2316,8230,279154,4,opus,6k,layer_12,0.9595109820365906,0.040489017963409424
test-clean,741,260,123288,7,mp3,128k,layer_1,0.9941922426223755,0.005807757377624512
test-clean,741,260,123288,7,mp3,128k,layer_6,0.996764600276947,0.0032353997230529785
test-clean,741,260,123288,7,mp3,128k,layer_12,0.9993347525596619,0.0006652474403381348
test-clean,741,260,123288,7,mp3,16k,layer_1,0.8177620768547058,0.1822379231452942
test-clean,741,260,123288,7,mp3,16k,layer_6,0.9145678877830505,0.08543211221694946
test-clean,741,260,123288,7,mp3,16k,layer_12,0.9740946888923645,0.025905311107635498
test-clean,741,260,123288,7,opus,16k,layer_1,0.9478306770324707,0.0521693229675293
test-clean,741,260,123288,7,opus,16k,layer_6,0.9719973206520081,0.028002679347991943
test-clean,741,260,123288,7,opus,16k,layer_12,0.9931221604347229,0.0068778395652771
test-clean,741,260,123288,7,opus,8k,layer_1,0.783970057964325,0.21602994203567505
test-clean,741,260,123288,7,opus,8k,layer_6,0.8989711999893188,0.10102880001068115
test-clean,741,260,123288,7,opus,8k,layer_12,0.9677823781967163,0.03221762180328369
test-clean,741,260,123288,7,opus,6k,layer_1,0.7193539142608643,0.28064608573913574
test-clean,741,260,123288,7,opus,6k,layer_6,0.8638482689857483,0.1361517310142517
test-clean,741,260,123288,7,opus,6k,layer_12,0.961403489112854,0.038596510887145996
test-clean,848,2830,3980,51,mp3,128k,layer_1,0.9907698035240173,0.009230196475982666
test-clean,848,2830,3980,51,mp3,128k,layer_6,0.9911465048789978,0.008853495121002197
test-clean,848,2830,3980,51,mp3,128k,layer_12,0.9991891384124756,0.0008108615875244141
test-clean,848,2830,3980,51,mp3,16k,layer_1,0.7692647576332092,0.23073524236679077
test-clean,848,2830,3980,51,mp3,16k,layer_6,0.9092434048652649,0.09075659513473511
test-clean,848,2830,3980,51,mp3,16k,layer_12,0.9668176770210266,0.03318232297897339
test-clean,848,2830,3980,51,opus,16k,layer_1,0.9297077655792236,0.07029223442077637
test-clean,848,2830,3980,51,opus,16k,layer_6,0.9595365524291992,0.04046344757080078
test-clean,848,2830,3980,51,opus,16k,layer_12,0.9941787719726562,0.00582122802734375
test-clean,848,2830,3980,51,opus,8k,layer_1,0.7565785646438599,0.24342143535614014
test-clean,848,2830,3980,51,opus,8k,layer_6,0.8961467146873474,0.10385328531265259
test-clean,848,2830,3980,51,opus,8k,layer_12,0.9815087914466858,0.01849120855331421
test-clean,848,2830,3980,51,opus,6k,layer_1,0.693365216255188,0.306634783744812
test-clean,848,2830,3980,51,opus,6k,layer_6,0.8561869263648987,0.14381307363510132
test-clean,848,2830,3980,51,opus,6k,layer_12,0.9701777696609497,0.029822230339050293
test-clean,2101,7127,75946,13,mp3,128k,layer_1,0.9930822849273682,0.006917715072631836
test-clean,2101,7127,75946,13,mp3,128k,layer_6,0.9914968609809875,0.008503139019012451
test-clean,2101,7127,75946,13,mp3,128k,layer_12,0.9996260404586792,0.0003739595413208008
test-clean,2101,7127,75946,13,mp3,16k,layer_1,0.8087792992591858,0.1912207007408142
test-clean,2101,7127,75946,13,mp3,16k,layer_6,0.9187142252922058,0.08128577470779419
test-clean,2101,7127,75946,13,mp3,16k,layer_12,0.9819056987762451,0.018094301223754883
test-clean,2101,7127,75946,13,opus,16k,layer_1,0.9338435530662537,0.06615644693374634
test-clean,2101,7127,75946,13,opus,16k,layer_6,0.9713215231895447,0.028678476810455322
test-clean,2101,7127,75946,13,opus,16k,layer_12,0.992661714553833,0.007338285446166992
test-clean,2101,7127,75946,13,opus,8k,layer_1,0.757219672203064,0.24278032779693604
test-clean,2101,7127,75946,13,opus,8k,layer_6,0.8855776786804199,0.11442232131958008
test-clean,2101,7127,75946,13,opus,8k,layer_12,0.9636468887329102,0.036353111267089844
test-clean,2101,7127,75946,13,opus,6k,layer_1,0.6798933744430542,0.3201066255569458
test-clean,2101,7127,75946,13,opus,6k,layer_6,0.8340279459953308,0.1659720540046692
test-clean,2101,7127,75946,13,opus,6k,layer_12,0.9360989928245544,0.06390100717544556
test-clean,636,237,126133,22,mp3,128k,layer_1,0.9900949597358704,0.009905040264129639
test-clean,636,237,126133,22,mp3,128k,layer_6,0.9938129186630249,0.006187081336975098
test-clean,636,237,126133,22,mp3,128k,layer_12,0.9984405040740967,0.0015594959259033203
test-clean,636,237,126133,22,mp3,16k,layer_1,0.7760751843452454,0.22392481565475464
test-clean,636,237,126133,22,mp3,16k,layer_6,0.9060244560241699,0.09397554397583008
test-clean,636,237,126133,22,mp3,16k,layer_12,0.9675132036209106,0.032486796379089355
test-clean,636,237,126133,22,opus,16k,layer_1,0.9343571066856384,0.06564289331436157
test-clean,636,237,126133,22,opus,16k,layer_6,0.9577228426933289,0.04227715730667114
test-clean,636,237,126133,22,opus,16k,layer_12,0.9943950772285461,0.005604922771453857
test-clean,636,237,126133,22,opus,8k,layer_1,0.7529661655426025,0.24703383445739746
test-clean,636,237,126133,22,opus,8k,layer_6,0.8914892673492432,0.10851073265075684
test-clean,636,237,126133,22,opus,8k,layer_12,0.9701375961303711,0.029862403869628906
test-clean,636,237,126133,22,opus,6k,layer_1,0.6772486567497253,0.32275134325027466
test-clean,636,237,126133,22,opus,6k,layer_6,0.8478012681007385,0.15219873189926147
test-clean,636,237,126133,22,opus,6k,layer_12,0.9400595426559448,0.059940457344055176
